Problem,Customers count,Trucks count,Drones count,Energy model,Speed type,Range type,Waiting time limit,Truck speed,Endurance fixed time [s],Endurance drone speed [m/s],Cost [minute],Truck paths,Drone paths,Truck working time,Drone working time,Truck_Capacity (kg),Drone capacity (kg)
10.10.1,10,1,1,endurance,high,high,3600,15.6464,700,31.2928,28.9325005,"[[[0, 6, 9, 10, 4, 5, 1, 0]]]","[[[0, 2, 0], [0, 8, 3, 0], [0, 7, 0]]]",[1735.950029753597],[1691.2142710759736],1400,2.27
10.10.1,10,1,1,endurance,high,high,3600,15.6464,700,31.2928,28.9325005,"[[[0, 6, 9, 10, 4, 5, 1, 0]]]","[[[0, 2, 0], [0, 7, 0], [0, 8, 3, 0]]]",[1735.950029753597],[1691.2142710759738],1400,2.27
10.10.1,10,1,1,endurance,high,high,3600,15.6464,700,31.2928,28.9325005,"[[[0, 6, 9, 10, 4, 5, 1, 0]]]","[[[0, 2, 8, 0], [0, 3, 0], [0, 7, 0]]]",[1735.950029753597],[1732.742861806179],1400,2.27
10.10.1,10,1,1,endurance,high,high,3600,15.6464,700,31.2928,28.9325005,"[[[0, 6, 9, 10, 4, 5, 1, 0]]]","[[[0, 8, 2, 0], [0, 7, 0], [0, 3, 0]]]",[1735.950029753597],[1732.742861806179],1400,2.27
10.10.1,10,1,1,endurance,high,high,3600,15.6464,700,31.2928,28.9325005,"[[[0, 6, 9, 10, 4, 5, 1, 0]]]","[[[0, 2, 0], [0, 7, 0], [0, 8, 3, 0]]]",[1735.950029753597],[1691.2142710759738],1400,2.27
10.10.2,10,1,1,endurance,high,high,3600,15.6464,700,31.2928,33.44546221,"[[[0, 5, 2, 0]]]","[[[0, 4, 1, 10, 3, 0], [0, 6, 9, 8, 0], [0, 7, 0]]]",[2006.7277325718107],[1676.8664801697962],1400,2.27
10.10.2,10,1,1,endurance,high,high,3600,15.6464,700,31.2928,33.44546221,"[[[0, 2, 5, 0]]]","[[[0, 4, 1, 10, 3, 0], [0, 6, 9, 8, 0], [0, 7, 0]]]",[2006.727732571811],[1676.8664801697962],1400,2.27
10.10.2,10,1,1,endurance,high,high,3600,15.6464,700,31.2928,33.44546221,"[[[0, 2, 5, 0]]]","[[[0, 4, 1, 10, 3, 0], [0, 6, 9, 8, 0], [0, 7, 0]]]",[2006.727732571811],[1676.8664801697962],1400,2.27
10.10.2,10,1,1,endurance,high,high,3600,15.6464,700,31.2928,33.44546221,"[[[0, 2, 5, 0]]]","[[[0, 7, 0], [0, 6, 9, 0], [0, 8, 0], [0, 10, 1, 3, 4, 0]]]",[2006.727732571811],[1962.8015705137775],1400,2.27
10.10.2,10,1,1,endurance,high,high,3600,15.6464,700,31.2928,33.44546221,"[[[0, 2, 5, 0]]]","[[[0, 4, 1, 10, 3, 0], [0, 6, 9, 8, 0], [0, 7, 0]]]",[2006.727732571811],[1676.8664801697962],1400,2.27
10.10.3,10,1,1,endurance,high,high,3600,15.6464,700,31.2928,30.30250445,"[[[0, 8, 3, 10, 1, 5, 4, 0]]]","[[[0, 2, 7, 0], [0, 6, 0], [0, 9, 0]]]",[1818.1502668036478],[1690.0338544996168],1400,2.27
10.10.3,10,1,1,endurance,high,high,3600,15.6464,700,31.2928,30.30250445,"[[[0, 4, 5, 1, 10, 3, 8, 0]]]","[[[0, 9, 2, 0], [0, 7, 0], [0, 6, 0]]]",[1818.1502668036474],[1770.1093590598098],1400,2.27
10.10.3,10,1,1,endurance,high,high,3600,15.6464,700,31.2928,30.30250445,"[[[0, 8, 3, 10, 1, 5, 4, 0]]]","[[[0, 6, 0], [0, 2, 7, 0], [0, 9, 0]]]",[1818.1502668036478],[1690.0338544996168],1400,2.27
10.10.3,10,1,1,endurance,high,high,3600,15.6464,700,31.2928,30.30250445,"[[[0, 4, 5, 1, 10, 3, 8, 0]]]","[[[0, 2, 7, 0], [0, 6, 0], [0, 9, 0]]]",[1818.1502668036474],[1690.0338544996168],1400,2.27
10.10.3,10,1,1,endurance,high,high,3600,15.6464,700,31.2928,30.30250445,"[[[0, 8, 3, 10, 1, 5, 4, 0]]]","[[[0, 6, 0], [0, 9, 2, 0], [0, 7, 0]]]",[1818.1502668036478],[1770.1093590598098],1400,2.27
10.10.4,10,1,1,endurance,high,high,3600,15.6464,700,31.2928,22.66055509,"[[[0, 3, 9, 0]]]","[[[0, 6, 8, 7, 1, 0], [0, 10, 2, 4, 5, 0]]]",[1359.633305210052],[1266.2562306288137],1400,2.27
10.10.4,10,1,1,endurance,high,high,3600,15.6464,700,31.2928,22.66055509,"[[[0, 3, 9, 0]]]","[[[0, 5, 4, 2, 10, 0], [0, 7, 1, 8, 6, 0]]]",[1359.633305210052],[1251.0708612838475],1400,2.27
10.10.4,10,1,1,endurance,high,high,3600,15.6464,700,31.2928,22.66055509,"[[[0, 3, 9, 0]]]","[[[0, 10, 2, 4, 5, 0], [0, 6, 8, 1, 7, 0]]]",[1359.633305210052],[1251.0708612838475],1400,2.27
10.10.4,10,1,1,endurance,high,high,3600,15.6464,700,31.2928,22.66055509,"[[[0, 9, 3, 0]]]","[[[0, 10, 2, 4, 5, 0], [0, 7, 1, 8, 6, 0]]]",[1359.633305210052],[1251.0708612838475],1400,2.27
10.10.4,10,1,1,endurance,high,high,3600,15.6464,700,31.2928,22.66055509,"[[[0, 9, 3, 0]]]","[[[0, 6, 8, 1, 7, 0], [0, 5, 4, 2, 10, 0]]]",[1359.633305210052],[1251.0708612838475],1400,2.27
10.20.1,10,1,1,endurance,high,high,3600,15.6464,700,31.2928,95.63444639,"[[[0, 10, 0], [0, 5, 2, 9, 6, 3, 8, 0]]]","[[[0, 1, 7, 0], [0, 4, 0]]]",[5738.066783105984],[1001.1256917721536],1400,2.27
10.20.1,10,1,1,endurance,high,high,3600,15.6464,700,31.2928,95.63444639,"[[[0, 10, 0], [0, 5, 2, 9, 6, 3, 8, 0]]]","[[[0, 7, 1, 0], [0, 4, 0]]]",[5738.066783105984],[1001.1256917721536],1400,2.27
10.20.1,10,1,1,endurance,high,high,3600,15.6464,700,31.2928,95.63444639,"[[[0, 10, 0], [0, 8, 3, 6, 9, 2, 5, 0]]]","[[[0, 7, 0], [0, 4, 0], [0, 1, 0]]]",[5738.066783105984],[1226.127773742093],1400,2.27
10.20.1,10,1,1,endurance,high,high,3600,15.6464,700,31.2928,95.63444639,"[[[0, 8, 3, 6, 9, 2, 5, 0], [0, 10, 0]]]","[[[0, 4, 0], [0, 7, 1, 0]]]",[5738.066783105984],[1001.1256917721536],1400,2.27
10.20.1,10,1,1,endurance,high,high,3600,15.6464,700,31.2928,95.63444639,"[[[0, 10, 0], [0, 8, 3, 6, 9, 2, 5, 0]]]","[[[0, 7, 1, 0], [0, 4, 0]]]",[5738.066783105984],[1001.1256917721536],1400,2.27
10.20.2,10,1,1,endurance,high,high,3600,15.6464,700,31.2928,116.2234572,"[[[0, 4, 6, 5, 0], [0, 8, 7, 3, 1, 9, 2, 0]]]","[[[0, 10, 0]]]",[6973.407432305421],[610.377364115956],1400,2.27
10.20.2,10,1,1,endurance,high,high,3600,15.6464,700,31.2928,116.2234572,"[[[0, 8, 7, 3, 1, 9, 2, 0], [0, 5, 6, 4, 0]]]","[[[0, 10, 0]]]",[6973.407432305421],[610.377364115956],1400,2.27
10.20.2,10,1,1,endurance,high,high,3600,15.6464,700,31.2928,116.2234572,"[[[0, 2, 9, 1, 3, 7, 8, 0], [0, 5, 6, 4, 0]]]","[[[0, 10, 0]]]",[6973.407432305421],[610.377364115956],1400,2.27
10.20.2,10,1,1,endurance,high,high,3600,15.6464,700,31.2928,116.2234572,"[[[0, 4, 6, 5, 0], [0, 8, 7, 3, 1, 9, 2, 0]]]","[[[0, 10, 0]]]",[6973.407432305421],[610.377364115956],1400,2.27
10.20.2,10,1,1,endurance,high,high,3600,15.6464,700,31.2928,116.2234572,"[[[0, 4, 6, 5, 0], [0, 8, 7, 3, 1, 9, 2, 0]]]","[[[0, 10, 0]]]",[6973.407432305421],[610.377364115956],1400,2.27
10.20.3,10,1,1,endurance,high,high,3600,15.6464,700,31.2928,107.8144736,"[[[0, 3, 9, 7, 5, 2, 6, 1, 0], [0, 4, 0]]]","[[[0, 10, 8, 0]]]",[6468.868414029823],[579.8781486194855],1400,2.27
10.20.3,10,1,1,endurance,high,high,3600,15.6464,700,31.2928,107.8144736,"[[[0, 4, 0], [0, 3, 9, 7, 5, 2, 6, 1, 0]]]","[[[0, 10, 8, 0]]]",[6468.868414029823],[579.8781486194855],1400,2.27
10.20.3,10,1,1,endurance,high,high,3600,15.6464,700,31.2928,107.8144736,"[[[0, 3, 9, 7, 5, 2, 6, 1, 0], [0, 4, 0]]]","[[[0, 8, 0], [0, 10, 0]]]",[6468.868414029823],[766.857584093089],1400,2.27
10.20.3,10,1,1,endurance,high,high,3600,15.6464,700,31.2928,107.8144736,"[[[0, 3, 9, 7, 5, 2, 6, 1, 0], [0, 4, 0]]]","[[[0, 8, 0], [0, 10, 0]]]",[6468.868414029823],[766.857584093089],1400,2.27
10.20.3,10,1,1,endurance,high,high,3600,15.6464,700,31.2928,107.8144736,"[[[0, 3, 9, 7, 5, 2, 6, 1, 0], [0, 4, 0]]]","[[[0, 8, 10, 0]]]",[6468.868414029823],[579.8781486194855],1400,2.27
10.20.4,10,1,1,endurance,high,high,3600,15.6464,700,31.2928,107.8173765,"[[[0, 6, 3, 2, 1, 0], [0, 4, 10, 8, 9, 7, 0]]]","[[[0, 5, 0]]]",[6469.04259277102],[423.1205985557287],1400,2.27
10.20.4,10,1,1,endurance,high,high,3600,15.6464,700,31.2928,107.8173765,"[[[0, 4, 10, 8, 9, 7, 0], [0, 1, 2, 3, 6, 0]]]","[[[0, 5, 0]]]",[6469.04259277102],[423.1205985557287],1400,2.27
10.20.4,10,1,1,endurance,high,high,3600,15.6464,700,31.2928,107.8173765,"[[[0, 7, 9, 8, 10, 4, 0], [0, 6, 3, 2, 1, 0]]]","[[[0, 5, 0]]]",[6469.04259277102],[423.1205985557287],1400,2.27
10.20.4,10,1,1,endurance,high,high,3600,15.6464,700,31.2928,107.8173765,"[[[0, 4, 10, 8, 9, 7, 0], [0, 1, 2, 3, 6, 0]]]","[[[0, 5, 0]]]",[6469.04259277102],[423.1205985557287],1400,2.27
10.20.4,10,1,1,endurance,high,high,3600,15.6464,700,31.2928,107.8173765,"[[[0, 4, 10, 8, 9, 7, 0], [0, 1, 2, 3, 6, 0]]]","[[[0, 5, 0]]]",[6469.04259277102],[423.1205985557287],1400,2.27
10.5.1,10,1,1,endurance,high,high,3600,15.6464,700,31.2928,20.21577472,"[[[0, 7, 3, 5, 4, 2, 0]]]","[[[0, 8, 6, 10, 0], [0, 9, 1, 0]]]",[1212.9464832192677],[825.9720023035397],1400,2.27
10.5.1,10,1,1,endurance,high,high,3600,15.6464,700,31.2928,20.21577472,"[[[0, 7, 3, 5, 4, 2, 0]]]","[[[0, 6, 8, 10, 0], [0, 9, 1, 0]]]",[1212.9464832192677],[752.0904273433774],1400,2.27
10.5.1,10,1,1,endurance,high,high,3600,15.6464,700,31.2928,20.21577472,"[[[0, 7, 3, 5, 4, 2, 0]]]","[[[0, 8, 6, 10, 0], [0, 9, 1, 0]]]",[1212.9464832192677],[825.9720023035397],1400,2.27
10.5.1,10,1,1,endurance,high,high,3600,15.6464,700,31.2928,20.21577472,"[[[0, 7, 3, 5, 4, 2, 0]]]","[[[0, 6, 8, 10, 0], [0, 9, 1, 0]]]",[1212.9464832192677],[752.0904273433774],1400,2.27
10.5.1,10,1,1,endurance,high,high,3600,15.6464,700,31.2928,20.21577472,"[[[0, 2, 4, 5, 3, 7, 0]]]","[[[0, 6, 1, 8, 10, 0], [0, 9, 0]]]",[1212.946483219268],[714.3966394636528],1400,2.27
10.5.2,10,1,1,endurance,high,high,3600,15.6464,700,31.2928,11.82006242,"[[[0, 8, 2, 10, 0]]]","[[[0, 9, 1, 5, 3, 4, 0], [0, 6, 7, 0]]]",[688.4925670807289],[709.2037454135201],1400,2.27
10.5.2,10,1,1,endurance,high,high,3600,15.6464,700,31.2928,11.82006242,"[[[0, 8, 2, 10, 0]]]","[[[0, 7, 6, 0], [0, 4, 3, 5, 1, 9, 0]]]",[688.4925670807289],[709.20374541352],1400,2.27
10.5.2,10,1,1,endurance,high,high,3600,15.6464,700,31.2928,11.82006242,"[[[0, 8, 2, 10, 0]]]","[[[0, 6, 7, 0], [0, 9, 1, 5, 3, 4, 0]]]",[688.4925670807289],[709.2037454135201],1400,2.27
10.5.2,10,1,1,endurance,high,high,3600,15.6464,700,31.2928,11.82006242,"[[[0, 8, 2, 10, 0]]]","[[[0, 9, 1, 5, 3, 4, 0], [0, 7, 6, 0]]]",[688.4925670807289],[709.2037454135201],1400,2.27
10.5.2,10,1,1,endurance,high,high,3600,15.6464,700,31.2928,11.82006242,"[[[0, 8, 2, 10, 0]]]","[[[0, 4, 3, 5, 1, 9, 0], [0, 6, 7, 0]]]",[688.4925670807289],[709.20374541352],1400,2.27
10.5.3,10,1,1,endurance,high,high,3600,15.6464,700,31.2928,12.92817465,"[[[0, 4, 9, 10, 1, 0]]]","[[[0, 8, 7, 0], [0, 2, 6, 3, 0], [0, 5, 0]]]",[712.1486821920082],[775.6904789217117],1400,2.27
10.5.3,10,1,1,endurance,high,high,3600,15.6464,700,31.2928,12.92817465,"[[[0, 4, 9, 10, 1, 0]]]","[[[0, 3, 6, 2, 0], [0, 5, 0], [0, 7, 8, 0]]]",[712.1486821920082],[775.6904789217117],1400,2.27
10.5.3,10,1,1,endurance,high,high,3600,15.6464,700,31.2928,12.92817465,"[[[0, 4, 10, 9, 1, 0]]]","[[[0, 5, 0], [0, 3, 6, 2, 0], [0, 8, 7, 0]]]",[766.2881343074479],[775.6904789217117],1400,2.27
10.5.3,10,1,1,endurance,high,high,3600,15.6464,700,31.2928,12.92817465,"[[[0, 4, 10, 9, 1, 0]]]","[[[0, 7, 8, 0], [0, 2, 6, 3, 0], [0, 5, 0]]]",[766.2881343074479],[775.6904789217117],1400,2.27
10.5.3,10,1,1,endurance,high,high,3600,15.6464,700,31.2928,12.92817465,"[[[0, 1, 9, 10, 4, 0]]]","[[[0, 8, 7, 0], [0, 3, 6, 2, 0], [0, 5, 0]]]",[766.288134307448],[775.6904789217117],1400,2.27
10.5.4,10,1,1,endurance,high,high,3600,15.6464,700,31.2928,12.4237533,"[[[0, 8, 5, 0]]]","[[[0, 3, 4, 6, 0], [0, 2, 1, 9, 7, 10, 0]]]",[634.7979083041289],[745.4251979411413],1400,2.27
10.5.4,10,1,1,endurance,high,high,3600,15.6464,700,31.2928,12.4237533,"[[[0, 8, 5, 0]]]","[[[0, 3, 4, 6, 0], [0, 2, 1, 9, 7, 10, 0]]]",[634.7979083041289],[745.4251979411413],1400,2.27
10.5.4,10,1,1,endurance,high,high,3600,15.6464,700,31.2928,12.4237533,"[[[0, 8, 5, 0]]]","[[[0, 2, 1, 9, 7, 10, 0], [0, 3, 4, 6, 0]]]",[634.7979083041289],[745.4251979411413],1400,2.27
10.5.4,10,1,1,endurance,high,high,3600,15.6464,700,31.2928,12.4237533,"[[[0, 5, 8, 0]]]","[[[0, 6, 4, 3, 0], [0, 10, 7, 9, 1, 2, 0]]]",[634.7979083041288],[745.4251979411413],1400,2.27
10.5.4,10,1,1,endurance,high,high,3600,15.6464,700,31.2928,12.4237533,"[[[0, 8, 5, 0]]]","[[[0, 2, 1, 9, 7, 10, 0], [0, 6, 4, 3, 0]]]",[634.7979083041289],[745.4251979411413],1400,2.27
100.10.1,100,4,4,endurance,high,high,3600,15.6464,700,31.2928,26.14126315,"[[[0, 27, 94, 12, 90, 49, 80, 76, 67, 0]], [[0, 85, 50, 97, 29, 40, 81, 23, 21, 10, 20, 4, 7, 59, 72, 75, 74, 0]], [[0, 73, 32, 1, 62, 24, 92, 51, 38, 3, 82, 84, 34, 8, 0]], [[0, 43, 44, 41, 28, 57, 45, 64, 61, 71, 31, 30, 18, 15, 98, 0]]]","[[[0, 53, 2, 37, 68, 0], [0, 79, 56, 69, 0], [0, 77, 88, 26, 25, 0]], [[0, 52, 87, 96, 9, 0], [0, 91, 39, 66, 63, 95, 0], [0, 47, 22, 93, 60, 0]], [[0, 35, 16, 58, 5, 0], [0, 99, 100, 83, 0], [0, 65, 11, 19, 55, 89, 0], [0, 17, 86, 0]], [[0, 48, 0], [0, 6, 78, 42, 36, 33, 0], [0, 54, 13, 46, 14, 70, 0]]]","[1565.892455805499, 1568.4757890388394, 1543.9045290263457, 1548.1987425355871]","[1549.3197105381194, 1565.198641697098, 1546.2192301783703, 1561.5520487709564]",1400,2.27
100.10.1,100,4,4,endurance,high,high,3600,15.6464,700,31.2928,26.08867424,"[[[0, 94, 12, 90, 49, 80, 76, 82, 0]], [[0, 47, 43, 44, 41, 28, 57, 45, 64, 61, 71, 31, 30, 15, 98, 0]], [[0, 86, 73, 32, 1, 5, 58, 35, 62, 92, 24, 51, 38, 100, 99, 83, 85, 0]], [[0, 97, 2, 69, 81, 23, 10, 14, 70, 4, 59, 75, 53, 50, 0]]]","[[[0, 56, 79, 21, 20, 0], [0, 3, 34, 68, 0], [0, 40, 29, 74, 0]], [[0, 26, 33, 36, 42, 78, 0], [0, 17, 6, 87, 52, 0], [0, 25, 88, 77, 93, 0]], [[0, 18, 95, 63, 46, 13, 7, 0], [0, 72, 66, 39, 54, 91, 0], [0, 22, 96, 9, 11, 65, 0]], [[0, 37, 27, 84, 67, 0], [0, 8, 48, 0], [0, 16, 19, 55, 89, 60, 0]]]","[1565.3204545417384, 1559.4607834953479, 1543.6746642319358, 1563.1281570291358]","[1493.8496783108421, 1565.293252971953, 1563.4613985674534, 1546.9571797229507]",1400,2.27
100.10.1,100,4,4,endurance,high,high,3600,15.6464,700,31.2928,26.09371134,"[[[0, 43, 44, 41, 28, 78, 57, 45, 64, 61, 71, 31, 30, 15, 98, 0]], [[0, 27, 94, 12, 90, 49, 80, 76, 82, 0]], [[0, 85, 50, 97, 53, 29, 40, 81, 23, 21, 10, 20, 4, 7, 59, 72, 91, 75, 0]], [[0, 73, 48, 32, 60, 89, 55, 5, 1, 24, 92, 62, 38, 51, 99, 100, 0]]]","[[[0, 88, 77, 9, 93, 65, 0], [0, 18, 95, 63, 46, 39, 0], [0, 8, 84, 3, 67, 0]], [[0, 22, 33, 36, 42, 0], [0, 56, 69, 0], [0, 17, 6, 87, 52, 0]], [[0, 47, 96, 26, 0], [0, 11, 19, 58, 16, 35, 0], [0, 25, 86, 83, 0]], [[0, 2, 74, 68, 0], [0, 34, 37, 79, 0], [0, 14, 70, 13, 66, 54, 0]]]","[1563.2556451543076, 1565.6226806149903, 1558.793031379429, 1560.186180368046]","[1565.270235326131, 1552.2008245117293, 1559.0808439069283, 1547.187385019045]",1400,2.27
100.10.1,100,4,4,endurance,high,high,3600,15.6464,700,31.2928,26.09371134,"[[[0, 47, 22, 88, 77, 26, 33, 36, 42, 78, 57, 28, 41, 44, 43, 17, 0]], [[0, 50, 97, 53, 74, 29, 40, 81, 23, 20, 4, 7, 59, 39, 72, 18, 30, 15, 98, 0]], [[0, 73, 32, 1, 5, 58, 16, 35, 92, 24, 62, 51, 38, 100, 83, 0]], [[0, 27, 94, 12, 90, 49, 80, 76, 82, 0]]]","[[[0, 85, 8, 99, 67, 0], [0, 52, 6, 45, 87, 0], [0, 2, 68, 37, 79, 0], [0, 86, 65, 0]], [[0, 25, 64, 31, 0], [0, 34, 84, 3, 0], [0, 96, 9, 93, 0]], [[0, 10, 21, 56, 69, 0], [0, 63, 95, 61, 71, 0], [0, 48, 11, 0]], [[0, 91, 54, 75, 0], [0, 46, 70, 14, 13, 66, 0], [0, 55, 19, 89, 60, 0]]]","[1539.8913237531317, 1524.3696677111868, 1564.115255937164, 1565.6226806149903]","[1559.2389620998606, 1564.289386630617, 1516.2167618454396, 1517.3812112966289]",1400,2.27
100.10.1,100,4,4,endurance,high,high,3600,15.6464,700,31.2928,26.05426075,"[[[0, 86, 85, 50, 97, 53, 29, 81, 40, 23, 21, 10, 20, 4, 7, 59, 75, 74, 0]], [[0, 27, 94, 90, 49, 80, 76, 82, 0]], [[0, 8, 67, 83, 100, 99, 51, 38, 24, 92, 62, 1, 5, 55, 89, 32, 48, 73, 11, 65, 0]], [[0, 43, 44, 41, 28, 78, 57, 45, 64, 61, 71, 31, 30, 15, 98, 0]]]","[[[0, 77, 96, 9, 0], [0, 60, 19, 58, 16, 35, 0], [0, 87, 52, 17, 0]], [[0, 72, 63, 13, 0], [0, 47, 25, 2, 0], [0, 39, 14, 70, 46, 66, 0]], [[0, 68, 37, 12, 0], [0, 91, 54, 18, 95, 0], [0, 3, 84, 34, 0]], [[0, 22, 88, 93, 0], [0, 56, 79, 69, 0], [0, 6, 42, 36, 33, 26, 0]]]","[1560.1547240376383, 1560.0780143511952, 1561.2861390056999, 1563.2556451543076]","[1537.4840706720634, 1562.3040663088086, 1556.7317712467416, 1563.0612899325529]",1400,2.27
100.10.2,100,4,4,endurance,high,high,3600,15.6464,700,31.2928,26.43180292,"[[[0, 31, 60, 24, 17, 96, 5, 66, 89, 54, 16, 83, 42, 0]], [[0, 13, 56, 45, 18, 87, 84, 15, 55, 12, 97, 71, 1, 0]], [[0, 38, 59, 85, 78, 3, 26, 70, 91, 27, 41, 58, 43, 44, 98, 79, 0]], [[0, 68, 80, 30, 93, 9, 29, 57, 37, 65, 33, 8, 53, 67, 2, 11, 10, 88, 64, 0]]]","[[[0, 86, 4, 22, 0], [0, 61, 76, 28, 63, 7, 0], [0, 20, 75, 49, 6, 0]], [[0, 50, 14, 94, 95, 0], [0, 34, 77, 46, 0], [0, 39, 25, 36, 0]], [[0, 48, 21, 52, 0], [0, 90, 40, 72, 0], [0, 19, 51, 81, 82, 0], [0, 32, 0]], [[0, 23, 69, 74, 0], [0, 47, 35, 92, 0], [0, 73, 100, 99, 62, 0]]]","[1580.7963734733721, 1580.5842165134532, 1584.600956598282, 1572.537566932324]","[1562.7672199513438, 1575.5740190425245, 1570.1838797180656, 1585.9081752788688]",1400,2.27
100.10.2,100,4,4,endurance,high,high,3600,15.6464,700,31.2928,27.20634814,"[[[0, 31, 60, 67, 53, 57, 37, 65, 33, 66, 89, 54, 61, 16, 42, 0]], [[0, 59, 41, 58, 26, 93, 30, 0]], [[0, 64, 36, 1, 71, 97, 12, 55, 15, 84, 50, 0]], [[0, 79, 38, 98, 44, 47, 35, 77, 40, 69, 74, 52, 94, 34, 72, 18, 45, 95, 56, 0]]]","[[[0, 88, 96, 17, 83, 0], [0, 24, 5, 8, 2, 11, 19, 0], [0, 27, 3, 91, 70, 43, 0]], [[0, 78, 85, 80, 51, 0], [0, 82, 81, 0], [0, 6, 49, 75, 20, 0], [0, 13, 32, 0]], [[0, 10, 29, 9, 68, 0], [0, 23, 46, 90, 92, 0], [0, 87, 4, 21, 48, 0]], [[0, 7, 25, 63, 28, 76, 0], [0, 73, 100, 99, 62, 39, 0], [0, 86, 14, 22, 0]]]","[1631.075966463885, 1632.3808882211251, 1570.3394320328014, 1629.4838725130203]","[1627.8846833174343, 1629.8216494653752, 1631.1130871916562, 1629.8522930995132]",1400,2.27
100.10.2,100,4,4,endurance,high,high,3600,15.6464,700,31.2928,27.20634814,"[[[0, 59, 41, 58, 26, 93, 30, 0]], [[0, 79, 82, 38, 44, 47, 77, 40, 69, 74, 52, 94, 34, 72, 18, 56, 0]], [[0, 64, 31, 53, 57, 37, 65, 5, 66, 89, 54, 17, 83, 42, 0]], [[0, 62, 1, 100, 99, 12, 55, 97, 71, 49, 75, 6, 39, 36, 0]]]","[[[0, 60, 24, 67, 2, 88, 0], [0, 35, 46, 0], [0, 86, 45, 87, 13, 0], [0, 81, 51, 68, 0]], [[0, 98, 43, 70, 78, 0], [0, 10, 11, 80, 19, 0], [0, 25, 20, 28, 63, 7, 0]], [[0, 90, 23, 92, 32, 0], [0, 9, 29, 33, 8, 96, 0], [0, 4, 14, 48, 21, 95, 0]], [[0, 76, 61, 16, 0], [0, 85, 3, 91, 27, 0], [0, 73, 15, 84, 50, 22, 0]]]","[1632.3808882211251, 1623.8721286673654, 1625.4550287543577, 1628.935004917052]","[1626.1938987589856, 1598.4153929722415, 1625.7267225130686, 1606.1711070682259]",1400,2.27
100.10.2,100,4,4,endurance,high,high,3600,15.6464,700,31.2928,26.33119979,"[[[0, 36, 6, 1, 71, 97, 12, 55, 15, 84, 50, 22, 0]], [[0, 16, 61, 54, 89, 66, 33, 65, 37, 57, 53, 31, 88, 64, 0]], [[0, 98, 44, 41, 58, 43, 46, 47, 35, 77, 40, 72, 45, 18, 87, 86, 0]], [[0, 79, 38, 81, 59, 85, 26, 93, 80, 11, 19, 0]]]","[[[0, 42, 83, 24, 0], [0, 96, 5, 8, 60, 0], [0, 13, 56, 34, 52, 48, 0]], [[0, 23, 92, 32, 0], [0, 49, 75, 20, 39, 7, 0], [0, 21, 74, 69, 90, 0]], [[0, 17, 76, 28, 63, 25, 0], [0, 73, 100, 99, 62, 0], [0, 30, 9, 29, 67, 2, 0]], [[0, 95, 94, 14, 4, 0], [0, 51, 78, 3, 70, 91, 27, 0], [0, 68, 10, 82, 0]]]","[1574.6061330224911, 1572.0574697194772, 1579.871987611483, 1575.2963632320032]","[1562.8103554598679, 1577.629489910505, 1568.9870159275606, 1559.7626423767126]",1400,2.27
100.10.2,100,4,4,endurance,high,high,3600,15.6464,700,31.2928,26.35871788,"[[[0, 64, 88, 10, 30, 93, 26, 85, 59, 81, 82, 0]], [[0, 79, 38, 98, 44, 58, 41, 43, 46, 47, 35, 77, 40, 72, 45, 18, 86, 0]], [[0, 31, 53, 57, 37, 5, 66, 89, 54, 61, 16, 0]], [[0, 36, 7, 39, 6, 1, 71, 97, 55, 12, 99, 100, 73, 62, 22, 0]]]","[[[0, 49, 75, 20, 25, 0], [0, 94, 48, 21, 0], [0, 80, 11, 2, 19, 0]], [[0, 56, 95, 34, 52, 4, 0], [0, 51, 78, 3, 70, 91, 27, 0], [0, 68, 60, 0]], [[0, 15, 14, 84, 50, 0], [0, 90, 23, 92, 32, 0], [0, 24, 8, 33, 65, 9, 29, 67, 0]], [[0, 63, 28, 76, 42, 0], [0, 69, 74, 87, 13, 0], [0, 17, 96, 83, 0]]]","[1574.0944903585805, 1575.2561848805162, 1581.5230729579978, 1541.2110127589503]","[1574.998408954765, 1576.5347924645394, 1580.000352067479, 1579.8322271365944]",1400,2.27
100.10.3,100,4,4,endurance,high,high,3600,15.6464,700,31.2928,26.58082073,"[[[0, 55, 65, 10, 37, 22, 90, 83, 38, 93, 46, 0]], [[0, 49, 21, 94, 47, 5, 30, 11, 16, 72, 67, 85, 52, 81, 0]], [[0, 69, 76, 91, 84, 25, 59, 4, 24, 48, 99, 2, 56, 43, 66, 73, 0]], [[0, 98, 89, 51, 26, 53, 92, 3, 58, 78, 17, 97, 77, 40, 18, 0]]]","[[[0, 39, 41, 27, 60, 82, 0], [0, 14, 34, 20, 19, 80, 0], [0, 42, 96, 33, 62, 68, 0]], [[0, 71, 95, 6, 0], [0, 75, 61, 45, 0], [0, 32, 64, 44, 63, 0], [0, 1, 88, 15, 0]], [[0, 8, 28, 29, 13, 0], [0, 36, 12, 70, 9, 0], [0, 54, 74, 0]], [[0, 7, 57, 23, 35, 0], [0, 50, 31, 87, 0], [0, 79, 100, 86, 0]]]","[1594.8492436504976, 1580.208301963461, 1592.5669721579131, 1540.8341990924366]","[1583.182458859601, 1540.344831431275, 1562.564425486832, 1593.125569677228]",1400,2.27
100.10.3,100,4,4,endurance,high,high,3600,15.6464,700,31.2928,25.26778602,"[[[0, 56, 14, 34, 70, 38, 83, 90, 22, 46, 0]], [[0, 81, 54, 74, 1, 88, 15, 25, 59, 4, 24, 48, 84, 91, 76, 8, 69, 0]], [[0, 98, 6, 89, 53, 92, 40, 31, 50, 87, 45, 61, 100, 37, 55, 0]], [[0, 39, 49, 27, 47, 94, 21, 5, 68, 62, 11, 16, 85, 52, 42, 0]]]","[[[0, 30, 72, 67, 0], [0, 36, 12, 20, 80, 0], [0, 79, 75, 71, 0], [0, 66, 0]], [[0, 19, 2, 99, 29, 28, 13, 0], [0, 77, 58, 82, 0], [0, 18, 0]], [[0, 41, 44, 64, 32, 33, 96, 0], [0, 73, 43, 9, 95, 0], [0, 7, 57, 23, 35, 0]], [[0, 10, 65, 93, 0], [0, 51, 26, 63, 60, 0], [0, 86, 78, 17, 97, 3, 0]]]","[1515.483198457816, 1493.4727827474, 1513.7506470284907, 1471.691228144912]","[1513.6617215253682, 1516.067161387965, 1511.075213208225, 1475.8284643920483]",1400,2.27
100.10.3,100,4,4,endurance,high,high,3600,15.6464,700,31.2928,25.40445976,"[[[0, 66, 43, 56, 14, 34, 70, 38, 83, 90, 22, 46, 0]], [[0, 71, 55, 10, 37, 100, 61, 45, 87, 50, 31, 40, 92, 53, 26, 51, 0]], [[0, 69, 81, 54, 74, 1, 88, 15, 25, 4, 24, 59, 48, 84, 91, 8, 0]], [[0, 42, 21, 47, 68, 62, 11, 16, 85, 52, 5, 94, 27, 49, 39, 0]]]","[[[0, 82, 58, 77, 0], [0, 7, 3, 78, 17, 97, 0], [0, 6, 89, 0]], [[0, 44, 64, 32, 33, 96, 0], [0, 76, 0], [0, 29, 13, 28, 99, 2, 19, 0]], [[0, 98, 86, 41, 60, 63, 0], [0, 67, 72, 30, 0], [0, 73, 93, 65, 0]], [[0, 80, 20, 36, 12, 0], [0, 57, 35, 23, 0], [0, 9, 79, 75, 95, 0], [0, 18, 0]]]","[1524.2675854107292, 1516.7269697875743, 1500.390828081163, 1439.3531363587063]","[1502.288701272007, 1513.6341468117018, 1503.4354762324483, 1487.9612930438004]",1400,2.27
100.10.3,100,4,4,endurance,high,high,3600,15.6464,700,31.2928,26.38430788,"[[[0, 73, 66, 43, 56, 2, 99, 29, 13, 48, 24, 4, 59, 25, 76, 0]], [[0, 10, 37, 22, 90, 83, 38, 93, 46, 0]], [[0, 98, 89, 51, 82, 53, 92, 3, 58, 78, 17, 97, 77, 40, 18, 6, 71, 0]], [[0, 49, 21, 94, 47, 68, 62, 11, 16, 72, 67, 85, 52, 81, 0]]]","[[[0, 12, 36, 20, 19, 80, 0], [0, 86, 31, 50, 87, 0], [0, 55, 75, 9, 79, 0], [0, 8, 91, 0]], [[0, 28, 84, 0], [0, 70, 34, 14, 0], [0, 63, 60, 27, 0]], [[0, 26, 35, 57, 23, 0], [0, 39, 41, 7, 45, 65, 0], [0, 69, 0], [0, 95, 61, 100, 0]], [[0, 42, 30, 32, 64, 44, 0], [0, 1, 88, 15, 74, 0], [0, 54, 5, 96, 33, 0]]]","[1577.5692308143744, 1564.7021545067942, 1553.3899227738607, 1568.267265913571]","[1570.2680659053228, 1583.0584729620264, 1567.890708242355, 1581.8090248214958]",1400,2.27
100.10.3,100,4,4,endurance,high,high,3600,15.6464,700,31.2928,25.44658286,"[[[0, 49, 47, 68, 62, 11, 16, 72, 67, 85, 52, 0]], [[0, 73, 46, 22, 90, 83, 38, 70, 34, 14, 56, 43, 66, 0]], [[0, 71, 6, 18, 53, 92, 40, 31, 50, 45, 61, 100, 37, 10, 55, 0]], [[0, 69, 8, 76, 91, 84, 48, 24, 4, 59, 25, 15, 88, 1, 74, 54, 81, 0]]]","[[[0, 57, 23, 35, 26, 0], [0, 27, 44, 0], [0, 80, 20, 36, 12, 0]], [[0, 86, 51, 89, 0], [0, 77, 78, 82, 0], [0, 87, 65, 93, 0]], [[0, 64, 32, 33, 96, 30, 5, 0], [0, 3, 58, 97, 17, 0], [0, 98, 7, 39, 0]], [[0, 60, 63, 0], [0, 19, 2, 99, 29, 28, 13, 0], [0, 9, 75, 79, 95, 0], [0, 21, 94, 42, 41, 0]]]","[1526.7949714355555, 1525.572054556361, 1519.392155132664, 1493.4727827474]","[1492.3549901224087, 1523.4489821518825, 1515.4945450631576, 1521.780749948537]",1400,2.27
100.10.4,100,4,4,endurance,high,high,3600,15.6464,700,31.2928,26.10290367,"[[[0, 56, 92, 36, 63, 12, 70, 39, 81, 7, 100, 46, 27, 95, 14, 0]], [[0, 53, 41, 24, 34, 80, 78, 22, 33, 50, 45, 6, 55, 66, 79, 0]], [[0, 43, 49, 60, 77, 15, 65, 21, 64, 68, 0]], [[0, 2, 93, 4, 57, 25, 40, 30, 76, 35, 61, 47, 31, 10, 98, 69, 84, 23, 90, 96, 0]]]","[[[0, 5, 54, 89, 0], [0, 97, 32, 26, 67, 0], [0, 20, 83, 8, 51, 42, 0]], [[0, 52, 82, 37, 16, 0], [0, 48, 99, 62, 88, 0], [0, 59, 18, 0]], [[0, 3, 73, 44, 0], [0, 13, 17, 85, 1, 0], [0, 75, 11, 72, 86, 0]], [[0, 94, 28, 29, 0], [0, 9, 74, 91, 87, 0], [0, 38, 19, 71, 58, 0]]]","[1559.7583990223459, 1562.3389952612224, 1566.1742203960607, 1557.9571603458744]","[1540.7629465054245, 1556.2811545480026, 1540.5509971989152, 1564.9011771877026]",1400,2.27
100.10.4,100,4,4,endurance,high,high,3600,15.6464,700,31.2928,26.1278297,"[[[0, 2, 89, 95, 27, 46, 99, 100, 81, 39, 7, 70, 12, 36, 28, 94, 54, 0]], [[0, 43, 49, 60, 77, 15, 37, 65, 21, 64, 68, 0]], [[0, 79, 66, 55, 8, 6, 45, 50, 22, 78, 41, 0]], [[0, 93, 96, 90, 23, 84, 69, 98, 31, 47, 61, 35, 76, 26, 32, 9, 34, 24, 0]]]","[[[0, 44, 82, 16, 0], [0, 53, 1, 85, 33, 80, 0], [0, 20, 17, 13, 97, 0]], [[0, 58, 71, 19, 38, 0], [0, 11, 75, 72, 86, 0], [0, 57, 4, 87, 0]], [[0, 88, 48, 62, 52, 0], [0, 40, 67, 3, 73, 0], [0, 5, 14, 63, 0]], [[0, 18, 59, 0], [0, 56, 29, 92, 51, 42, 83, 0], [0, 91, 25, 30, 74, 10, 0]]]","[1562.3824806229459, 1567.6697817866022, 1557.4640436104557, 1556.614640193154]","[1567.6348527988969, 1561.5122272133672, 1564.5650400082147, 1529.7438381896818]",1400,2.27
100.10.4,100,4,4,endurance,high,high,3600,15.6464,700,31.2928,26.11300824,"[[[0, 94, 28, 29, 92, 36, 63, 12, 70, 7, 39, 81, 100, 46, 27, 95, 14, 89, 5, 0]], [[0, 43, 49, 77, 15, 37, 65, 21, 64, 68, 0]], [[0, 93, 24, 57, 25, 40, 30, 76, 35, 61, 47, 31, 98, 67, 69, 84, 23, 90, 96, 0]], [[0, 20, 79, 66, 55, 6, 45, 50, 33, 22, 78, 85, 41, 53, 0]]]","[[[0, 38, 19, 71, 58, 0], [0, 44, 3, 73, 0], [0, 34, 80, 0], [0, 54, 0]], [[0, 1, 8, 51, 42, 83, 0], [0, 52, 59, 18, 0], [0, 91, 74, 32, 4, 0]], [[0, 9, 13, 17, 0], [0, 16, 60, 82, 0], [0, 86, 72, 75, 11, 0]], [[0, 56, 2, 0], [0, 88, 99, 48, 62, 0], [0, 87, 26, 97, 10, 0]]]","[1566.2534007090605, 1566.780494306732, 1563.7758562002277, 1546.48100291199]","[1563.6145789115897, 1558.9087306730717, 1542.9728703660626, 1561.8079531116693]",1400,2.27
100.10.4,100,4,4,endurance,high,high,3600,15.6464,700,31.2928,26.2504449,"[[[0, 20, 79, 55, 8, 6, 45, 50, 80, 41, 0]], [[0, 59, 43, 49, 77, 15, 37, 65, 21, 64, 68, 0]], [[0, 54, 56, 36, 63, 12, 70, 7, 39, 81, 100, 99, 46, 27, 0]], [[0, 52, 96, 90, 23, 84, 69, 10, 31, 47, 61, 35, 76, 30, 25, 57, 34, 24, 93, 0]]]","[[[0, 16, 60, 82, 0], [0, 97, 32, 40, 98, 67, 3, 0], [0, 5, 88, 48, 62, 0]], [[0, 74, 26, 91, 4, 0], [0, 33, 78, 22, 85, 0], [0, 94, 28, 29, 92, 95, 14, 0]], [[0, 18, 89, 0], [0, 38, 19, 71, 58, 0], [0, 11, 72, 75, 0], [0, 2, 0]], [[0, 87, 9, 17, 13, 0], [0, 66, 83, 42, 51, 1, 53, 0], [0, 44, 73, 86, 0]]]","[1561.5562638450274, 1575.0266942326393, 1574.2360838114485, 1536.8947278469075]","[1564.006753653206, 1558.279672522474, 1561.22192109657, 1562.777472747489]",1400,2.27
100.10.4,100,4,4,endurance,high,high,3600,15.6464,700,31.2928,26.19682357,"[[[0, 68, 64, 21, 65, 37, 15, 77, 60, 49, 43, 0]], [[0, 54, 56, 28, 29, 92, 36, 12, 70, 7, 39, 81, 100, 99, 46, 27, 95, 89, 0]], [[0, 79, 66, 55, 8, 6, 45, 50, 33, 22, 78, 41, 0]], [[0, 52, 90, 23, 84, 69, 31, 47, 61, 35, 76, 26, 32, 57, 34, 24, 93, 0]]]","[[[0, 9, 25, 4, 0], [0, 87, 40, 30, 74, 97, 13, 0], [0, 17, 80, 0]], [[0, 82, 59, 0], [0, 53, 88, 48, 62, 86, 0], [0, 14, 72, 75, 11, 0]], [[0, 94, 38, 19, 71, 0], [0, 18, 16, 0], [0, 91, 10, 98, 67, 3, 96, 0], [0, 2, 0]], [[0, 63, 58, 5, 0], [0, 20, 1, 85, 51, 42, 83, 0], [0, 44, 73, 0]]]","[1567.6697817866022, 1569.6139719635044, 1571.8094144424663, 1567.686177379832]","[1560.3206960773575, 1540.6400956138448, 1566.1034422076473, 1570.0079890238362]",1400,2.27
100.20.1,100,4,4,endurance,high,high,3600,15.6464,700,31.2928,71.72081909,"[[[0, 65, 56, 83, 44, 89, 68, 12, 35, 3, 98, 15, 5, 73, 47, 0]], [[0, 50, 80, 71, 57, 92, 90, 59, 91, 70, 76, 13, 22, 64, 8, 94, 30, 58, 81, 45, 23, 33, 11, 27, 0]], [[0, 34, 82, 25, 62, 37, 29, 36, 63, 48, 9, 46, 66, 87, 97, 96, 100, 0]], [[0, 75, 51, 4, 95, 99, 32, 2, 93, 41, 28, 55, 7, 49, 18, 39, 86, 42, 74, 88, 21, 78, 1, 0]]]","[[[0, 54, 0], [0, 26, 0], [0, 14, 0], [0, 61, 0], [0, 38, 0]], [[0, 24, 85, 69, 0], [0, 52, 43, 60, 0], [0, 19, 0]], [[0, 77, 10, 0], [0, 17, 0], [0, 79, 67, 0]], [[0, 53, 0], [0, 72, 0], [0, 84, 20, 40, 0], [0, 6, 16, 31, 0]]]","[4296.412584285861, 4261.549779447589, 4275.577781788644, 4303.249145147219]","[3225.9675842654783, 1878.0535249048758, 1856.8682387482186, 2567.5217237871884]",1400,2.27
100.20.1,100,4,4,endurance,high,high,3600,15.6464,700,31.2928,71.7051139,"[[[0, 83, 44, 68, 89, 35, 12, 3, 98, 15, 73, 5, 47, 1, 6, 0]], [[0, 27, 75, 51, 4, 95, 99, 32, 2, 93, 41, 28, 55, 7, 49, 18, 39, 86, 42, 74, 88, 21, 78, 0]], [[0, 11, 33, 23, 45, 81, 58, 30, 94, 8, 64, 22, 13, 76, 70, 91, 59, 90, 92, 57, 71, 80, 50, 100, 0]], [[0, 34, 82, 62, 37, 65, 56, 25, 29, 36, 63, 48, 9, 46, 66, 87, 97, 96, 0]]]","[[[0, 31, 0], [0, 19, 0], [0, 53, 0], [0, 52, 0], [0, 79, 60, 0], [0, 43, 67, 24, 0], [0, 38, 0]], [[0, 16, 85, 69, 0], [0, 54, 0], [0, 84, 20, 26, 0], [0, 77, 0], [0, 14, 10, 0], [0, 40, 72, 0]], [[0, 61, 17, 0]], []]","[4293.499709377211, 4302.306833796588, 4226.4367208667945, 4196.498062530154]","[4093.8026244679877, 3880.8824489212493, 665.3063749688063, -0.0]",1400,2.27
100.20.1,100,4,4,endurance,high,high,3600,15.6464,700,31.2928,71.7051139,"[[[0, 83, 44, 68, 89, 12, 35, 3, 53, 98, 15, 73, 5, 47, 54, 1, 0]], [[0, 27, 75, 51, 4, 95, 99, 32, 2, 93, 41, 28, 55, 7, 49, 18, 39, 86, 42, 74, 88, 21, 78, 0]], [[0, 11, 33, 23, 45, 81, 58, 30, 8, 94, 64, 22, 13, 76, 70, 91, 59, 90, 92, 57, 71, 80, 50, 100, 0]], [[0, 34, 82, 62, 37, 25, 56, 65, 29, 36, 63, 48, 9, 46, 66, 87, 97, 96, 0]]]","[[[0, 24, 84, 20, 0], [0, 72, 0], [0, 6, 17, 0], [0, 38, 0], [0, 43, 67, 60, 69, 0], [0, 10, 19, 0]], [[0, 61, 16, 0], [0, 31, 52, 0], [0, 79, 85, 0], [0, 77, 0], [0, 26, 40, 0]], [[0, 14, 0]], []]","[4259.49487048217, 4302.306833796588, 4257.9827520159515, 4105.49726760826]","[3807.8991487782578, 3229.0278312420924, 582.3227784024751, -0.0]",1400,2.27
100.20.1,100,4,4,endurance,high,high,3600,15.6464,700,31.2928,79.03621345,"[[[0, 16, 0], [0, 3, 35, 44, 68, 89, 12, 98, 15, 73, 5, 47, 0]], [[0, 83, 82, 62, 37, 25, 56, 34, 65, 29, 36, 63, 48, 9, 46, 66, 87, 97, 96, 0]], [[0, 75, 27, 51, 4, 95, 99, 32, 2, 93, 41, 28, 55, 7, 49, 18, 39, 86, 42, 74, 88, 21, 78, 1, 0]], [[0, 11, 33, 23, 45, 81, 58, 30, 64, 94, 8, 22, 13, 76, 70, 91, 59, 90, 92, 57, 71, 80, 50, 100, 67, 0], [0, 6, 0]]]","[[[0, 77, 14, 0], [0, 31, 85, 52, 0], [0, 10, 53, 19, 0], [0, 84, 72, 0], [0, 69, 43, 60, 24, 0], [0, 17, 61, 0], [0, 20, 0], [0, 79, 0]], [[0, 54, 0], [0, 40, 26, 0]], [[0, 38, 0]], []]","[4420.547621700752, 4454.586161723874, 4398.509777010074, 4742.172807047328]","[4694.29918722509, 1355.3538900732076, 677.3039842865932, -0.0]",1400,2.27
100.20.1,100,4,4,endurance,high,high,3600,15.6464,700,31.2928,71.7051139,"[[[0, 11, 33, 23, 45, 81, 30, 58, 94, 8, 64, 22, 13, 76, 70, 91, 59, 90, 92, 57, 71, 80, 50, 100, 0]], [[0, 83, 44, 68, 89, 12, 35, 3, 98, 15, 73, 5, 47, 1, 6, 0]], [[0, 27, 75, 51, 4, 95, 99, 32, 2, 93, 41, 28, 55, 7, 49, 18, 39, 86, 42, 74, 88, 21, 78, 0]], [[0, 56, 34, 82, 62, 37, 25, 65, 29, 36, 63, 48, 9, 46, 66, 87, 97, 96, 38, 0]]]","[[[0, 24, 69, 0], [0, 52, 67, 60, 0], [0, 84, 43, 79, 0], [0, 16, 85, 31, 0], [0, 20, 26, 40, 0], [0, 54, 0]], [[0, 53, 10, 19, 0]], [[0, 17, 61, 0], [0, 72, 0]], [[0, 14, 77, 0]]]","[4239.601872899928, 4270.124358139882, 4302.306833796588, 4291.327520738113]","[3620.1015678919994, 687.5907630879618, 1319.8924361923978, 668.9955852030229]",1400,2.27
100.20.2,100,4,4,endurance,high,high,3600,15.6464,700,31.2928,67.59989558,"[[[0, 90, 52, 28, 15, 17, 26, 22, 67, 70, 92, 18, 87, 93, 38, 0]], [[0, 63, 82, 24, 45, 80, 74, 41, 11, 55, 95, 59, 37, 25, 84, 44, 86, 19, 83, 7, 0], [0, 12, 0]], [[0, 91, 8, 75, 43, 69, 29, 36, 34, 1, 58, 100, 68, 33, 51, 48, 35, 3, 13, 0]], [[0, 79, 64, 23, 94, 30, 20, 89, 78, 10, 60, 56, 32, 21, 2, 40, 98, 97, 0]]]","[[[0, 62, 81, 96, 0], [0, 50, 72, 14, 0], [0, 77, 0], [0, 66, 65, 0], [0, 53, 4, 0], [0, 73, 0]], [[0, 9, 39, 0], [0, 42, 0], [0, 6, 57, 0], [0, 49, 0]], [[0, 46, 71, 0], [0, 61, 85, 0], [0, 5, 76, 0], [0, 27, 47, 0], [0, 99, 88, 31, 0]], [[0, 16, 0], [0, 54, 0]]]","[4055.993734698326, 3987.851406363341, 3988.184129484322, 4021.9298384436793]","[3732.142650662796, 2412.951155860187, 3218.6892781269103, 1051.46240754681]",1400,2.27
100.20.2,100,4,4,endurance,high,high,3600,15.6464,700,31.2928,67.59989558,"[[[0, 90, 52, 28, 15, 17, 26, 22, 67, 70, 92, 18, 87, 93, 38, 0]], [[0, 83, 42, 19, 86, 84, 44, 25, 37, 59, 95, 55, 11, 41, 74, 24, 45, 80, 82, 63, 4, 0]], [[0, 79, 23, 64, 94, 30, 20, 89, 78, 10, 60, 56, 32, 21, 2, 40, 98, 14, 0]], [[0, 91, 8, 75, 43, 69, 29, 36, 34, 1, 58, 100, 68, 33, 51, 48, 35, 3, 0]]]","[[[0, 73, 0], [0, 6, 62, 31, 85, 0], [0, 12, 7, 0], [0, 66, 65, 54, 49, 0]], [[0, 61, 77, 0], [0, 72, 0], [0, 39, 0]], [[0, 99, 16, 57, 13, 0], [0, 81, 76, 0], [0, 96, 27, 0], [0, 88, 5, 0], [0, 97, 50, 0]], [[0, 47, 0], [0, 46, 71, 0], [0, 9, 0], [0, 53, 0]]]","[4055.993734698326, 4037.0886803524068, 4046.1429536854157, 3985.8363760622747]","[2585.384003704369, 1730.0046786072317, 3145.924237312734, 2463.2427456476007]",1400,2.27
100.20.2,100,4,4,endurance,high,high,3600,15.6464,700,31.2928,67.59989558,"[[[0, 63, 45, 24, 82, 80, 74, 41, 11, 55, 95, 59, 37, 25, 44, 84, 19, 86, 39, 83, 0]], [[0, 90, 52, 28, 15, 17, 26, 22, 67, 70, 92, 18, 87, 93, 38, 0]], [[0, 79, 23, 64, 94, 30, 20, 89, 78, 10, 60, 56, 32, 21, 2, 40, 98, 0]], [[0, 91, 8, 75, 43, 69, 29, 36, 34, 1, 58, 100, 68, 33, 51, 48, 35, 3, 13, 0]]]","[[[0, 73, 0], [0, 9, 7, 85, 46, 0], [0, 61, 77, 0], [0, 14, 27, 65, 0], [0, 62, 81, 96, 0]], [[0, 47, 0], [0, 99, 16, 57, 4, 0], [0, 53, 0], [0, 72, 66, 0], [0, 42, 0]], [[0, 31, 0], [0, 49, 0], [0, 97, 6, 12, 0], [0, 54, 0]], [[0, 88, 5, 76, 0], [0, 71, 0], [0, 50, 0]]]","[3944.216532658821, 4055.993734698326, 4034.6939185962246, 3988.184129484322]","[3341.5559658448938, 3225.595863642772, 2132.837405935922, 1486.4701492477154]",1400,2.27
100.20.2,100,4,4,endurance,high,high,3600,15.6464,700,31.2928,67.59989558,"[[[0, 79, 64, 23, 94, 30, 20, 89, 78, 10, 60, 56, 32, 21, 2, 40, 98, 97, 0]], [[0, 90, 52, 28, 15, 17, 26, 22, 67, 70, 92, 18, 87, 93, 38, 0]], [[0, 63, 45, 24, 82, 80, 74, 41, 11, 55, 95, 59, 37, 25, 19, 44, 84, 86, 83, 62, 12, 14, 6, 0]], [[0, 49, 91, 8, 75, 43, 69, 29, 36, 34, 1, 58, 100, 68, 33, 51, 48, 35, 3, 0]]]","[[[0, 81, 5, 0], [0, 13, 99, 46, 0], [0, 50, 47, 0], [0, 9, 0], [0, 57, 16, 0], [0, 88, 27, 0]], [[0, 96, 0], [0, 39, 0], [0, 4, 53, 0], [0, 72, 0], [0, 73, 0], [0, 76, 0]], [[0, 54, 65, 0], [0, 42, 0], [0, 7, 0], [0, 66, 0], [0, 77, 0]], [[0, 61, 71, 0], [0, 31, 85, 0]]]","[4021.9298384436793, 4055.993734698326, 4003.978107345796, 4049.623588454931]","[3650.1313157043624, 3563.27700224209, 2880.115458428857, 1289.5164115155249]",1400,2.27
100.20.2,100,4,4,endurance,high,high,3600,15.6464,700,31.2928,67.59989558,"[[[0, 79, 64, 23, 94, 30, 20, 89, 78, 10, 60, 56, 32, 21, 2, 40, 98, 97, 14, 0]], [[0, 90, 52, 28, 15, 17, 26, 22, 67, 70, 92, 18, 87, 93, 38, 0]], [[0, 91, 8, 75, 43, 69, 29, 34, 36, 1, 58, 100, 68, 33, 51, 48, 35, 3, 0]], [[0, 39, 83, 84, 44, 19, 86, 25, 37, 59, 95, 55, 11, 41, 74, 45, 24, 80, 82, 63, 4, 0]]]","[[[0, 73, 0], [0, 27, 66, 0], [0, 50, 65, 0], [0, 96, 0], [0, 62, 9, 7, 0], [0, 61, 72, 0]], [[0, 5, 77, 0], [0, 88, 31, 46, 42, 0], [0, 49, 0], [0, 54, 0]], [[0, 99, 16, 57, 13, 0], [0, 81, 0], [0, 53, 0]], [[0, 47, 0], [0, 12, 6, 76, 0], [0, 85, 71, 0]]]","[4036.2686411050936, 4055.993734698326, 4045.3216887508547, 4040.4712287857674]","[3760.240017132435, 2371.369220313913, 1671.692376831005, 1951.7598477971487]",1400,2.27
100.20.3,100,4,4,endurance,high,high,3600,15.6464,700,31.2928,69.93376956,"[[[0, 32, 27, 83, 78, 12, 68, 28, 47, 84, 100, 92, 1, 81, 59, 16, 77, 13, 98, 53, 4, 57, 49, 75, 11, 0]], [[0, 44, 61, 31, 37, 96, 54, 35, 66, 2, 17, 39, 7, 46, 6, 89, 82, 40, 62, 93, 8, 87, 21, 3, 80, 9, 0]], [[0, 99, 74, 90, 60, 85, 43, 64, 70, 15, 55, 48, 91, 0]], [[0, 18, 26, 51, 58, 97, 10, 14, 5, 73, 71, 65, 24, 67, 88, 69, 36, 0]]]","[[[0, 63, 0], [0, 86, 72, 0], [0, 95, 50, 20, 79, 0], [0, 23, 56, 76, 0], [0, 42, 41, 25, 0], [0, 19, 0]], [[0, 22, 0], [0, 34, 0], [0, 52, 0], [0, 94, 0], [0, 29, 38, 45, 0]], [], [[0, 30, 33, 0]]]","[4134.521331318762, 4068.1782140055257, 4196.026173564053, 4195.476885757363]","[3862.596378676671, 2942.791303675212, -0.0, 690.2232206107602]",1400,2.27
100.20.3,100,4,4,endurance,high,high,3600,15.6464,700,31.2928,69.93376956,"[[[0, 99, 74, 90, 60, 85, 43, 64, 70, 15, 55, 48, 91, 0]], [[0, 50, 32, 27, 83, 78, 12, 68, 28, 100, 84, 47, 92, 1, 81, 59, 16, 77, 13, 98, 53, 4, 57, 75, 11, 0]], [[0, 18, 26, 58, 51, 97, 10, 14, 5, 73, 71, 65, 24, 67, 88, 72, 36, 0]], [[0, 44, 61, 31, 37, 96, 54, 35, 66, 46, 39, 17, 2, 7, 89, 6, 82, 93, 8, 62, 40, 87, 21, 3, 80, 9, 0]]]","[[[0, 23, 29, 45, 0], [0, 25, 22, 56, 0], [0, 20, 0], [0, 69, 79, 0], [0, 49, 0], [0, 42, 41, 0], [0, 86, 76, 0]], [[0, 34, 0], [0, 95, 38, 0], [0, 52, 0], [0, 94, 0], [0, 63, 0], [0, 19, 0]], [[0, 33, 30, 0]], []]","[4196.026173564053, 4145.179598443131, 4179.076015457218, 4192.577018708408]","[4194.6721276246535, 3686.593259327359, 690.2232206107602, -0.0]",1400,2.27
100.20.3,100,4,4,endurance,high,high,3600,15.6464,700,31.2928,69.93376956,"[[[0, 27, 83, 78, 12, 68, 28, 47, 84, 100, 92, 1, 16, 59, 81, 77, 13, 98, 53, 4, 57, 75, 11, 0]], [[0, 44, 61, 31, 37, 39, 17, 2, 7, 6, 89, 82, 46, 66, 35, 96, 54, 40, 62, 93, 8, 87, 21, 3, 80, 9, 36, 0]], [[0, 18, 26, 58, 51, 97, 10, 14, 5, 73, 71, 65, 24, 67, 88, 32, 86, 0]], [[0, 99, 74, 90, 60, 85, 43, 64, 70, 15, 55, 48, 91, 0]]]","[[[0, 34, 0], [0, 19, 0], [0, 69, 0], [0, 22, 42, 0], [0, 23, 0], [0, 38, 29, 0]], [[0, 56, 45, 95, 0], [0, 79, 94, 50, 0], [0, 30, 25, 41, 76, 0]], [[0, 72, 0], [0, 20, 0], [0, 52, 0]], [[0, 63, 0], [0, 33, 0], [0, 49, 0]]]","[4192.8358088843015, 4191.486793572164, 4195.1712470098855, 4196.026173564053]","[3921.8901919672126, 1803.3315219975157, 1824.448974822708, 1817.7265917620769]",1400,2.27
100.20.3,100,4,4,endurance,high,high,3600,15.6464,700,31.2928,69.93376956,"[[[0, 32, 27, 83, 78, 12, 68, 28, 47, 84, 100, 92, 1, 81, 59, 16, 77, 13, 98, 53, 4, 57, 75, 11, 0]], [[0, 88, 67, 24, 65, 71, 73, 5, 14, 10, 97, 51, 58, 26, 18, 36, 0]], [[0, 61, 31, 37, 96, 54, 35, 66, 7, 2, 17, 39, 46, 6, 89, 82, 40, 62, 93, 8, 87, 21, 3, 80, 9, 0]], [[0, 99, 74, 90, 60, 85, 43, 64, 70, 15, 55, 48, 91, 0]]]","[[[0, 45, 38, 29, 76, 0], [0, 25, 30, 0], [0, 63, 0], [0, 79, 0], [0, 49, 0], [0, 19, 0], [0, 20, 86, 0]], [[0, 50, 0], [0, 69, 94, 0], [0, 56, 23, 95, 0], [0, 34, 0], [0, 22, 52, 0], [0, 42, 41, 0]], [[0, 72, 0]], [[0, 44, 33, 0]]]","[4134.041682924556, 4137.720759942796, 4083.4358209115453, 4196.026173564053]","[3984.6925544224223, 3891.411054173588, 682.3095300727642, 699.3535005602805]",1400,2.27
100.20.3,100,4,4,endurance,high,high,3600,15.6464,700,31.2928,69.93376956,"[[[0, 69, 32, 27, 83, 12, 78, 68, 28, 84, 47, 100, 92, 1, 81, 59, 16, 77, 13, 98, 53, 4, 57, 75, 11, 0]], [[0, 18, 26, 58, 51, 97, 10, 14, 5, 73, 71, 65, 24, 67, 88, 50, 36, 0]], [[0, 61, 31, 37, 96, 54, 35, 66, 46, 39, 2, 17, 7, 6, 89, 82, 40, 62, 8, 93, 87, 21, 3, 80, 9, 0]], [[0, 99, 74, 90, 60, 85, 43, 64, 70, 15, 55, 48, 91, 0]]]","[[[0, 19, 0], [0, 45, 56, 52, 0], [0, 34, 0], [0, 49, 0], [0, 29, 23, 0], [0, 30, 44, 0]], [[0, 20, 79, 86, 0], [0, 42, 41, 0]], [[0, 63, 0], [0, 22, 25, 0]], [[0, 38, 95, 76, 0], [0, 72, 0], [0, 33, 0], [0, 94, 0]]]","[4193.88408146384, 4154.550323416616, 4107.030550743503, 4196.026173564053]","[3941.88619646849, 1231.7509329264003, 1054.860520197094, 2558.8317721765934]",1400,2.27
100.20.4,100,4,4,endurance,high,high,3600,15.6464,700,31.2928,73.71709269,"[[[0, 92, 23, 9, 46, 21, 43, 57, 76, 31, 1, 18, 35, 3, 80, 69, 53, 55, 54, 100, 20, 96, 84, 0]], [[0, 91, 10, 49, 47, 37, 70, 32, 16, 82, 33, 25, 0], [0, 99, 28, 45, 0]], [[0, 89, 44, 63, 81, 26, 19, 22, 74, 68, 94, 27, 36, 0]], [[0, 77, 50, 73, 65, 24, 14, 40, 85, 87, 61, 72, 58, 11, 71, 2, 79, 17, 51, 62, 98, 6, 0]]]","[[[0, 15, 67, 0], [0, 8, 60, 0], [0, 41, 64, 56, 0], [0, 7, 0], [0, 95, 86, 12, 0], [0, 88, 75, 0], [0, 52, 0], [0, 5, 13, 0]], [[0, 97, 34, 0], [0, 90, 0], [0, 42, 39, 0], [0, 48, 0], [0, 4, 38, 59, 0], [0, 29, 66, 0], [0, 83, 0]], [[0, 93, 0], [0, 78, 30, 0]], []]","[4423.025561464333, 4417.9665367426705, 4164.203898778743, 4361.365838064575]","[4411.721966905852, 4311.613917357484, 1253.8051902232628, -0.0]",1400,2.27
100.20.4,100,4,4,endurance,high,high,3600,15.6464,700,31.2928,76.46477997,"[[[0, 84, 20, 3, 35, 27, 94, 74, 22, 19, 26, 81, 10, 0], [0, 28, 0]], [[0, 86, 50, 73, 65, 24, 14, 40, 85, 87, 61, 72, 58, 11, 77, 71, 2, 79, 17, 51, 98, 6, 0]], [[0, 68, 18, 1, 31, 76, 57, 80, 55, 69, 53, 100, 54, 43, 21, 46, 9, 23, 92, 62, 96, 0]], [[0, 33, 25, 82, 16, 32, 70, 37, 49, 47, 44, 63, 89, 0]]]","[[[0, 91, 75, 99, 0], [0, 8, 0], [0, 30, 97, 15, 0], [0, 78, 5, 0], [0, 13, 60, 0], [0, 59, 29, 0], [0, 45, 36, 56, 0]], [[0, 42, 88, 0], [0, 90, 0], [0, 34, 0], [0, 39, 64, 0], [0, 66, 0], [0, 12, 0], [0, 4, 0]], [[0, 95, 93, 0], [0, 48, 0], [0, 52, 38, 0]], [[0, 7, 0], [0, 41, 67, 83, 0]]]","[4587.886798248677, 4207.406117362664, 4502.517795396738, 4483.332803271047]","[4107.331365611813, 4409.952057214474, 1981.9553913098598, 1187.2360796271641]",1400,2.27
100.20.4,100,4,4,endurance,high,high,3600,15.6464,700,31.2928,74.49885678,"[[[0, 7, 77, 71, 11, 58, 79, 2, 72, 61, 87, 85, 40, 14, 24, 65, 73, 50, 28, 45, 0], [0, 10, 0]], [[0, 63, 81, 26, 19, 22, 74, 27, 35, 3, 54, 100, 20, 96, 84, 0]], [[0, 94, 68, 18, 1, 31, 76, 57, 80, 69, 53, 55, 43, 21, 46, 9, 23, 92, 17, 51, 62, 98, 6, 0]], [[0, 49, 25, 33, 82, 32, 16, 70, 37, 47, 44, 89, 38, 91, 0]]]","[[[0, 34, 0], [0, 88, 42, 0], [0, 78, 0], [0, 39, 12, 0], [0, 4, 41, 0], [0, 90, 0], [0, 86, 0]], [[0, 13, 97, 0], [0, 66, 0], [0, 36, 5, 67, 99, 0], [0, 48, 0], [0, 64, 60, 0], [0, 30, 56, 0]], [[0, 75, 0], [0, 52, 0], [0, 59, 29, 0]], [[0, 8, 83, 15, 0], [0, 95, 93, 0]]]","[4429.557959088563, 4469.931406633105, 4377.409808623182, 4304.3233753770955]","[4456.077492333129, 3739.80510659656, 1926.6577524521788, 1358.102408895581]",1400,2.27
100.20.4,100,4,4,endurance,high,high,3600,15.6464,700,31.2928,72.64944928,"[[[0, 94, 68, 18, 1, 31, 76, 57, 69, 43, 21, 46, 9, 23, 92, 17, 51, 62, 98, 6, 0]], [[0, 96, 84, 20, 100, 54, 55, 53, 80, 3, 35, 27, 74, 22, 19, 26, 81, 59, 89, 91, 0]], [[0, 25, 33, 24, 65, 14, 40, 85, 87, 61, 72, 58, 11, 2, 79, 71, 77, 73, 50, 0]], [[0, 49, 70, 32, 82, 16, 37, 47, 44, 63, 10, 28, 45, 0]]]","[[[0, 41, 0], [0, 83, 0], [0, 39, 95, 8, 0], [0, 93, 0], [0, 7, 0], [0, 86, 12, 0], [0, 75, 0], [0, 52, 29, 0]], [[0, 97, 13, 0], [0, 99, 67, 64, 0], [0, 42, 88, 0], [0, 15, 66, 0], [0, 48, 0], [0, 78, 36, 5, 0], [0, 30, 0]], [[0, 60, 0], [0, 56, 34, 0], [0, 38, 4, 0]], [[0, 90, 0]]]","[4281.590198603676, 4302.611844658812, 4358.966956742628, 4216.596610862074]","[4309.084168723721, 4173.589270268591, 1809.7510951700028, 697.402371481935]",1400,2.27
100.20.4,100,4,4,endurance,high,high,3600,15.6464,700,31.2928,80.92686611,"[[[0, 33, 25, 82, 16, 32, 37, 70, 49, 47, 44, 63, 89, 91, 0]], [[0, 10, 0], [0, 62, 92, 23, 9, 46, 21, 43, 54, 100, 55, 53, 69, 80, 57, 76, 31, 1, 18, 68, 94, 27, 0]], [[0, 81, 26, 19, 22, 74, 0], [0, 84, 96, 20, 3, 35, 97, 56, 0]], [[0, 28, 0], [0, 98, 51, 17, 79, 2, 71, 11, 58, 72, 61, 87, 85, 40, 14, 24, 65, 73, 50, 77, 6, 8, 0]]]","[[[0, 67, 30, 15, 0], [0, 90, 0], [0, 5, 48, 0], [0, 39, 12, 95, 0], [0, 60, 0], [0, 36, 99, 0], [0, 7, 0]], [[0, 83, 42, 0], [0, 78, 41, 0], [0, 13, 0], [0, 75, 88, 0], [0, 38, 4, 0], [0, 66, 29, 0], [0, 52, 0], [0, 64, 34, 0]], [[0, 45, 86, 0], [0, 59, 0]], [[0, 93, 0]]]","[4507.05009036695, 4850.395253303837, 4855.6119663411955, 4811.463656785447]","[4311.832582231351, 4705.840326226298, 1282.2283444321693, 675.7669890541954]",1400,2.27
100.30.1,100,4,4,endurance,high,high,3600,15.6464,700,31.2928,146.7151106,"[[[0, 36, 89, 4, 64, 17, 66, 58, 1, 25, 69, 31, 0], [0, 80, 33, 100, 30, 55, 87, 94, 19, 81, 0]], [[0, 14, 52, 57, 32, 90, 28, 37, 29, 63, 43, 70, 47, 72, 76, 10, 74, 0], [0, 99, 73, 86, 83, 12, 82, 95, 5, 67, 77, 54, 56, 0]], [[0, 15, 9, 44, 18, 34, 2, 40, 24, 35, 26, 16, 0], [0, 75, 3, 93, 60, 49, 38, 62, 85, 78, 20, 0]], [[0, 97, 51, 8, 27, 23, 7, 48, 22, 0], [0, 79, 91, 13, 59, 53, 50, 45, 46, 65, 68, 98, 88, 41, 61, 0]]]","[[[0, 39, 92, 0], [0, 21, 0], [0, 96, 0], [0, 42, 0], [0, 11, 0], [0, 84, 71, 0], [0, 6, 0]], [], [], []]","[8802.185046827852, 8793.87206577618, 8802.906637815562, 8731.517361482203]","[3915.609462955566, -0.0, -0.0, -0.0]",1400,2.27
100.30.1,100,4,4,endurance,high,high,3600,15.6464,700,31.2928,148.2812686,"[[[0, 80, 33, 100, 30, 55, 34, 87, 94, 19, 0], [0, 36, 56, 89, 4, 67, 5, 95, 77, 54, 86, 73, 99, 96, 0]], [[0, 31, 64, 66, 1, 58, 79, 68, 98, 88, 41, 61, 0], [0, 83, 82, 12, 70, 47, 72, 76, 43, 63, 29, 37, 28, 52, 10, 74, 0]], [[0, 97, 51, 8, 27, 3, 23, 7, 48, 22, 0], [0, 75, 93, 60, 49, 38, 62, 85, 78, 20, 0]], [[0, 17, 91, 13, 59, 53, 50, 45, 46, 65, 25, 69, 0], [0, 14, 57, 32, 90, 15, 9, 44, 18, 2, 40, 24, 35, 26, 81, 0]]]","[[[0, 6, 0], [0, 11, 0], [0, 21, 39, 16, 0], [0, 42, 0], [0, 84, 71, 0]], [], [], [[0, 92, 0]]]","[8896.876117339736, 8887.810438052511, 8858.1169293928, 8877.093292731224]","[3029.4302078198843, -0.0, -0.0, 442.86604303873344]",1400,2.27
100.30.1,100,4,4,endurance,high,high,3600,15.6464,700,31.2928,147.2175495,"[[[0, 85, 62, 38, 49, 60, 93, 3, 75, 7, 48, 22, 0], [0, 14, 57, 52, 29, 43, 63, 37, 28, 90, 32, 15, 11, 0]], [[0, 79, 65, 46, 45, 50, 53, 59, 13, 91, 17, 64, 66, 1, 58, 25, 69, 31, 0], [0, 9, 44, 18, 2, 40, 24, 35, 26, 78, 20, 39, 0]], [[0, 56, 73, 54, 77, 95, 5, 67, 4, 89, 36, 0], [0, 23, 27, 8, 51, 68, 98, 88, 97, 41, 61, 0]], [[0, 80, 33, 100, 30, 55, 34, 87, 94, 19, 81, 0], [0, 99, 86, 83, 82, 12, 47, 70, 72, 76, 10, 74, 0]]]","[[[0, 96, 0], [0, 6, 0], [0, 71, 0]], [[0, 42, 92, 0], [0, 21, 0]], [[0, 84, 0]], [[0, 16, 0]]]","[8811.134574367996, 8833.05297055038, 8830.249608136543, 8817.304582901563]","[1399.4832601367523, 945.5970067712148, 432.8906917034318, 476.6384381692999]",1400,2.27
100.30.1,100,4,4,endurance,high,high,3600,15.6464,700,31.2928,147.9281457,"[[[0, 79, 65, 46, 45, 50, 53, 59, 13, 91, 17, 64, 66, 1, 58, 25, 69, 61, 0], [0, 74, 72, 47, 70, 12, 82, 83, 86, 73, 56, 36, 0]], [[0, 15, 9, 44, 18, 2, 40, 24, 35, 26, 7, 48, 22, 0], [0, 75, 3, 93, 60, 49, 38, 62, 85, 78, 20, 0]], [[0, 14, 57, 52, 32, 90, 28, 37, 29, 43, 63, 76, 10, 0], [0, 80, 33, 100, 30, 55, 34, 87, 94, 19, 81, 0]], [[0, 23, 27, 8, 51, 68, 98, 88, 41, 97, 0], [0, 31, 89, 4, 67, 5, 95, 77, 54, 99, 96, 0]]]","[[[0, 11, 0], [0, 71, 84, 0], [0, 6, 0], [0, 21, 39, 16, 0], [0, 42, 92, 0]], [], [], []]","[8856.107643842992, 8811.703671832689, 8819.258911398585, 8875.688739454887]","[3030.63759877224, -0.0, -0.0, -0.0]",1400,2.27
100.30.1,100,4,4,endurance,high,high,3600,15.6464,700,31.2928,148.9599494,"[[[0, 74, 10, 52, 14, 57, 32, 90, 44, 18, 9, 15, 0], [0, 28, 37, 29, 63, 43, 76, 72, 47, 70, 12, 82, 95, 83, 86, 73, 99, 0]], [[0, 85, 62, 38, 49, 60, 93, 3, 27, 23, 48, 7, 22, 21, 0], [0, 20, 75, 78, 35, 24, 40, 26, 81, 0]], [[0, 97, 8, 51, 68, 98, 88, 41, 0], [0, 80, 33, 100, 30, 55, 34, 87, 2, 94, 19, 0]], [[0, 58, 1, 66, 64, 17, 91, 13, 59, 53, 50, 46, 45, 65, 79, 25, 69, 61, 0], [0, 31, 89, 4, 67, 5, 77, 54, 56, 36, 0]]]","[[[0, 92, 42, 0], [0, 84, 0], [0, 16, 39, 0], [0, 11, 0], [0, 96, 71, 0], [0, 6, 0]], [], [], []]","[8923.939786601666, 8925.765952919928, 8937.596965673103, 8934.301125998018]","[3432.771265668364, -0.0, -0.0, -0.0]",1400,2.27
100.30.2,100,4,4,endurance,high,high,3600,15.6464,700,31.2928,144.4715752,"[[[0, 57, 35, 65, 17, 66, 73, 25, 81, 72, 95, 0], [0, 70, 58, 54, 41, 37, 94, 14, 63, 0]], [[0, 89, 19, 40, 29, 11, 32, 56, 77, 4, 12, 47, 7, 98, 1, 0], [0, 20, 75, 42, 62, 36, 55, 31, 0]], [[0, 33, 83, 67, 93, 48, 46, 16, 82, 69, 2, 6, 0], [0, 18, 28, 21, 52, 85, 80, 97, 23, 84, 24, 79, 50, 0]], [[0, 68, 27, 34, 49, 53, 96, 44, 51, 30, 8, 92, 0], [0, 78, 59, 39, 38, 15, 45, 99, 74, 3, 43, 22, 0]]]","[[[0, 9, 0], [0, 64, 13, 61, 0], [0, 91, 10, 0], [0, 60, 0], [0, 86, 0], [0, 26, 5, 0], [0, 71, 90, 0], [0, 76, 100, 0], [0, 88, 87, 0]], [], [], []]","[8668.294509410964, 8646.96252781586, 8576.936611921486, 8628.494990146974]","[5057.218824397733, -0.0, -0.0, -0.0]",1400,2.27
100.30.2,100,4,4,endurance,high,high,3600,15.6464,700,31.2928,144.221601,"[[[0, 70, 14, 94, 37, 41, 58, 54, 52, 85, 80, 23, 97, 50, 0], [0, 6, 69, 82, 35, 57, 95, 0]], [[0, 8, 44, 53, 34, 27, 49, 96, 21, 28, 0], [0, 92, 30, 51, 68, 56, 32, 11, 29, 89, 40, 90, 0]], [[0, 88, 87, 79, 84, 24, 63, 36, 62, 75, 20, 55, 0], [0, 33, 42, 83, 67, 93, 48, 46, 16, 2, 9, 0]], [[0, 1, 98, 59, 39, 38, 7, 47, 12, 4, 77, 19, 78, 0], [0, 72, 65, 17, 66, 73, 25, 81, 74, 45, 99, 15, 3, 43, 10, 22, 0]]]","[[[0, 100, 76, 5, 0], [0, 61, 64, 0], [0, 71, 0], [0, 86, 18, 26, 0], [0, 60, 91, 0], [0, 13, 0]], [[0, 31, 0]], [], []]","[8653.296062130252, 8551.245308483216, 8645.869407963968, 8631.204330801807]","[3637.3742664713573, 545.0061604780971, -0.0, -0.0]",1400,2.27
100.30.2,100,4,4,endurance,high,high,3600,15.6464,700,31.2928,143.2692769,"[[[0, 82, 16, 46, 48, 93, 67, 83, 42, 33, 20, 55, 31, 0], [0, 6, 2, 69, 35, 57, 72, 60, 0]], [[0, 78, 77, 4, 12, 47, 7, 38, 39, 59, 98, 1, 0], [0, 79, 84, 70, 14, 94, 37, 41, 54, 58, 23, 50, 0]], [[0, 95, 65, 17, 66, 73, 25, 81, 74, 45, 99, 15, 3, 43, 22, 0], [0, 8, 96, 44, 53, 49, 34, 27, 51, 30, 92, 0]], [[0, 75, 62, 36, 63, 24, 97, 80, 85, 52, 21, 28, 0], [0, 40, 68, 56, 32, 11, 29, 89, 19, 0]]]","[[[0, 61, 91, 0], [0, 90, 5, 26, 0], [0, 9, 100, 0], [0, 64, 0], [0, 88, 76, 0], [0, 13, 0], [0, 86, 18, 0], [0, 71, 0], [0, 10, 0], [0, 87, 0]], [], [], []]","[8589.859213047579, 8549.569144641178, 8596.156616642891, 8541.911543692935]","[6130.656649486445, -0.0, -0.0, -0.0]",1400,2.27
100.30.2,100,4,4,endurance,high,high,3600,15.6464,700,31.2928,143.6847618,"[[[0, 59, 77, 4, 12, 47, 7, 38, 39, 98, 1, 71, 0], [0, 63, 14, 94, 37, 41, 54, 58, 70, 84, 24, 0]], [[0, 95, 72, 17, 66, 73, 25, 81, 74, 45, 99, 15, 3, 43, 22, 0], [0, 8, 96, 44, 53, 49, 34, 27, 51, 30, 92, 0]], [[0, 93, 48, 46, 16, 82, 69, 2, 35, 65, 57, 6, 0], [0, 100, 50, 79, 97, 23, 80, 85, 52, 21, 28, 18, 86, 0]], [[0, 33, 83, 67, 42, 36, 62, 75, 20, 55, 0], [0, 40, 68, 56, 32, 11, 29, 19, 89, 78, 0]]]","[[[0, 76, 0], [0, 91, 90, 0], [0, 64, 13, 0], [0, 26, 0], [0, 9, 60, 0], [0, 31, 0], [0, 61, 0], [0, 10, 0], [0, 88, 87, 0]], [], [], [[0, 5, 0]]]","[8601.782879829783, 8621.085709550909, 8603.652608496792, 8615.643610546782]","[4948.378153760811, -0.0, -0.0, 214.99265325681517]",1400,2.27
100.30.2,100,4,4,endurance,high,high,3600,15.6464,700,31.2928,144.563991,"[[[0, 63, 14, 94, 37, 41, 54, 58, 70, 84, 24, 79, 87, 88, 0], [0, 1, 98, 59, 39, 38, 7, 47, 12, 4, 77, 78, 0]], [[0, 93, 48, 46, 16, 82, 69, 2, 35, 6, 57, 95, 10, 22, 0], [0, 100, 50, 97, 23, 80, 85, 52, 21, 28, 86, 0]], [[0, 72, 65, 17, 66, 73, 25, 81, 74, 45, 99, 15, 3, 43, 0], [0, 8, 96, 44, 53, 49, 34, 27, 51, 30, 5, 0]], [[0, 33, 67, 83, 42, 36, 62, 75, 20, 55, 0], [0, 92, 68, 56, 32, 11, 29, 19, 89, 40, 90, 0]]]","[[[0, 9, 60, 0], [0, 61, 76, 0], [0, 31, 0], [0, 91, 0]], [[0, 71, 0]], [[0, 26, 18, 0], [0, 64, 13, 0]], []]","[8626.511608604163, 8320.014743405569, 8673.839460006151, 8645.82054927246]","[2200.8127343920823, 529.8499289780768, 1293.8710075571244, -0.0]",1400,2.27
100.30.3,100,4,4,endurance,high,high,3600,15.6464,700,31.2928,149.4595446,"[[[0, 68, 17, 45, 31, 32, 95, 47, 30, 12, 0], [0, 61, 90, 35, 5, 63, 82, 21, 42, 27, 71, 96, 52, 41, 11, 0]], [[0, 57, 43, 51, 22, 28, 46, 44, 66, 88, 33, 53, 0], [0, 70, 73, 4, 85, 18, 89, 6, 37, 19, 79, 86, 69, 8, 23, 34, 77, 0]], [[0, 74, 87, 29, 13, 64, 59, 40, 0], [0, 94, 36, 62, 84, 81, 20, 98, 83, 100, 0]], [[0, 15, 97, 65, 80, 75, 72, 3, 1, 78, 9, 0], [0, 67, 26, 48, 24, 58, 91, 25, 7, 56, 39, 60, 38, 50, 54, 0]]]","[[[0, 99, 55, 0], [0, 76, 0], [0, 49, 0], [0, 14, 93, 0], [0, 92, 0], [0, 10, 16, 2, 0]], [], [], []]","[8967.57267519025, 8947.11382628017, 8903.354072448024, 8893.470485186906]","[3707.867907996345, -0.0, -0.0, -0.0]",1400,2.27
100.30.3,100,4,4,endurance,high,high,3600,15.6464,700,31.2928,148.5178046,"[[[0, 67, 26, 48, 24, 58, 91, 25, 7, 56, 39, 60, 87, 0], [0, 68, 17, 45, 31, 32, 95, 47, 30, 12, 0]], [[0, 81, 84, 62, 36, 94, 72, 75, 80, 65, 97, 15, 55, 0], [0, 40, 64, 13, 29, 59, 38, 50, 0]], [[0, 61, 90, 35, 5, 63, 82, 21, 42, 27, 71, 96, 52, 41, 11, 0], [0, 9, 78, 3, 1, 20, 98, 83, 2, 16, 0]], [[0, 43, 51, 22, 28, 46, 44, 66, 88, 33, 53, 0], [0, 70, 73, 4, 85, 18, 89, 6, 37, 19, 79, 86, 69, 8, 23, 34, 0]]]","[[[0, 49, 0], [0, 54, 74, 0], [0, 100, 99, 0], [0, 14, 93, 0], [0, 57, 0], [0, 10, 0], [0, 77, 92, 0], [0, 76, 0]], [], [], []]","[8911.06827772304, 8808.257897899779, 8740.276149367015, 8900.82393837265]","[4585.159428272104, -0.0, -0.0, -0.0]",1400,2.27
100.30.3,100,4,4,endurance,high,high,3600,15.6464,700,31.2928,149.14121,"[[[0, 30, 47, 95, 45, 17, 61, 68, 0], [0, 31, 32, 35, 90, 5, 63, 82, 21, 42, 27, 71, 96, 52, 41, 0]], [[0, 53, 33, 88, 66, 44, 46, 28, 22, 51, 43, 0], [0, 70, 73, 4, 85, 18, 89, 6, 37, 19, 79, 86, 69, 8, 23, 34, 12, 0]], [[0, 40, 64, 13, 29, 59, 38, 50, 74, 54, 0], [0, 81, 84, 62, 36, 94, 72, 75, 80, 65, 97, 11, 49, 0]], [[0, 78, 9, 83, 98, 20, 1, 3, 15, 0], [0, 67, 26, 48, 24, 58, 91, 25, 7, 56, 39, 60, 87, 57, 0]]]","[[[0, 55, 76, 0], [0, 100, 2, 0], [0, 99, 16, 0], [0, 77, 92, 0], [0, 14, 0]], [], [], [[0, 93, 10, 0]]]","[8948.472600516718, 8938.661037311384, 8848.699807664758, 8917.756085552342]","[2844.2098131109747, -0.0, -0.0, 570.0458455410459]",1400,2.27
100.30.3,100,4,4,endurance,high,high,3600,15.6464,700,31.2928,149.4009504,"[[[0, 40, 64, 13, 29, 59, 38, 50, 74, 54, 0], [0, 70, 18, 85, 4, 73, 89, 6, 37, 19, 79, 86, 69, 8, 23, 34, 0]], [[0, 9, 78, 3, 1, 20, 98, 83, 2, 0], [0, 61, 35, 90, 5, 63, 82, 21, 42, 27, 71, 96, 52, 41, 11, 0]], [[0, 81, 84, 62, 36, 94, 72, 75, 80, 65, 97, 15, 0], [0, 53, 33, 88, 66, 44, 46, 28, 22, 51, 43, 0]], [[0, 67, 26, 48, 24, 58, 91, 25, 7, 56, 39, 60, 87, 0], [0, 68, 17, 32, 31, 45, 95, 47, 30, 12, 0]]]","[[[0, 77, 93, 0], [0, 16, 57, 0], [0, 92, 0], [0, 55, 76, 0], [0, 10, 49, 0], [0, 100, 99, 0], [0, 14, 0]], [], [], []]","[8857.245273476912, 8911.489537559053, 8964.057024025542, 8944.561893403708]","[4313.83936403084, -0.0, -0.0, -0.0]",1400,2.27
100.30.3,100,4,4,endurance,high,high,3600,15.6464,700,31.2928,151.1349763,"[[[0, 11, 97, 65, 80, 75, 72, 1, 78, 0], [0, 70, 73, 4, 85, 18, 89, 6, 37, 19, 79, 86, 69, 8, 23, 34, 0]], [[0, 20, 81, 84, 62, 36, 94, 3, 15, 0], [0, 40, 59, 64, 13, 29, 87, 38, 50, 0]], [[0, 52, 96, 71, 27, 42, 21, 82, 63, 5, 90, 35, 32, 31, 17, 68, 0], [0, 33, 51, 22, 44, 28, 46, 66, 88, 53, 98, 83, 9, 0]], [[0, 41, 61, 45, 95, 47, 30, 12, 0], [0, 60, 39, 56, 7, 25, 91, 58, 24, 48, 26, 67, 43, 54, 0]]]","[[[0, 55, 100, 0], [0, 93, 77, 0], [0, 10, 0], [0, 92, 0], [0, 2, 99, 0], [0, 14, 49, 0], [0, 16, 74, 0], [0, 76, 0], [0, 57, 0]], [], [], []]","[9060.408119597194, 9068.09857898055, 9066.470055828271, 9022.95615100818]","[5358.534797464919, -0.0, -0.0, -0.0]",1400,2.27
100.30.4,100,4,4,endurance,high,high,3600,15.6464,700,31.2928,144.6838276,"[[[0, 62, 17, 4, 8, 23, 87, 99, 26, 0], [0, 63, 1, 93, 16, 78, 58, 77, 27, 96, 85, 76, 37, 41, 90, 14, 0]], [[0, 80, 44, 88, 53, 56, 21, 86, 6, 38, 45, 42, 32, 3, 0], [0, 60, 2, 61, 30, 46, 18, 52, 31, 25, 97, 33, 83, 0]], [[0, 65, 34, 64, 71, 75, 19, 73, 70, 36, 72, 0], [0, 59, 98, 79, 29, 66, 40, 91, 48, 9, 0]], [[0, 92, 12, 84, 69, 20, 51, 7, 55, 39, 0], [0, 95, 89, 54, 10, 67, 49, 22, 47, 100, 57, 15, 28, 43, 0]]]","[[[0, 11, 68, 0], [0, 94, 24, 0], [0, 35, 13, 0], [0, 81, 50, 0], [0, 74, 0], [0, 82, 0], [0, 5, 0]], [], [], []]","[8681.029656012852, 8670.000837357458, 8662.862441545058, 8681.01767304289]","[4125.5834538119525, -0.0, -0.0, -0.0]",1400,2.27
100.30.4,100,4,4,endurance,high,high,3600,15.6464,700,31.2928,144.2070009,"[[[0, 89, 54, 10, 67, 49, 22, 47, 100, 57, 15, 28, 95, 0], [0, 80, 44, 88, 53, 56, 21, 86, 6, 38, 45, 42, 32, 3, 0]], [[0, 62, 17, 4, 8, 23, 87, 99, 26, 81, 0], [0, 92, 12, 84, 69, 20, 51, 31, 7, 55, 39, 2, 0]], [[0, 91, 40, 77, 58, 27, 96, 85, 76, 37, 41, 90, 14, 43, 0], [0, 65, 34, 64, 71, 75, 19, 70, 73, 36, 72, 0]], [[0, 16, 78, 93, 1, 63, 66, 79, 98, 29, 59, 48, 9, 0], [0, 68, 61, 30, 46, 18, 52, 25, 97, 33, 83, 0]]]","[[[0, 11, 35, 13, 94, 0], [0, 50, 0], [0, 82, 0], [0, 5, 0], [0, 74, 24, 0], [0, 60, 0]], [], [], []]","[8652.420055276289, 8641.990634383748, 8631.673324453413, 8553.002579331298]","[3634.5260928333637, -0.0, -0.0, -0.0]",1400,2.27
100.30.4,100,4,4,endurance,high,high,3600,15.6464,700,31.2928,145.0419906,"[[[0, 80, 44, 88, 53, 56, 21, 86, 6, 38, 45, 42, 32, 3, 0], [0, 95, 28, 15, 57, 100, 47, 22, 49, 67, 10, 54, 89, 5, 0]], [[0, 34, 64, 71, 75, 19, 73, 70, 36, 72, 0], [0, 59, 29, 98, 79, 66, 63, 48, 9, 91, 40, 0]], [[0, 92, 12, 84, 69, 20, 55, 7, 51, 31, 0], [0, 65, 62, 17, 4, 8, 23, 87, 99, 26, 50, 81, 0]], [[0, 1, 93, 16, 78, 58, 77, 27, 96, 85, 76, 37, 41, 90, 14, 43, 0], [0, 39, 2, 61, 30, 52, 46, 18, 25, 97, 83, 33, 74, 0]]]","[[[0, 24, 68, 11, 0], [0, 13, 0], [0, 82, 0], [0, 60, 0], [0, 35, 94, 0]], [], [], []]","[8689.84794761137, 8702.519433028869, 8605.96255124888, 8620.097875538631]","[2848.687327007622, -0.0, -0.0, -0.0]",1400,2.27
100.30.4,100,4,4,endurance,high,high,3600,15.6464,700,31.2928,144.6470699,"[[[0, 82, 95, 28, 15, 57, 100, 47, 22, 49, 67, 10, 54, 89, 0], [0, 80, 44, 88, 53, 56, 21, 86, 6, 38, 45, 42, 32, 3, 0]], [[0, 59, 29, 98, 79, 66, 63, 48, 9, 91, 40, 0], [0, 39, 92, 12, 84, 69, 20, 7, 55, 2, 60, 0]], [[0, 1, 93, 16, 78, 58, 77, 27, 96, 85, 76, 37, 41, 90, 14, 43, 0], [0, 62, 17, 4, 8, 23, 87, 99, 26, 0]], [[0, 83, 33, 46, 97, 25, 18, 52, 31, 51, 30, 61, 0], [0, 72, 36, 70, 73, 19, 75, 71, 64, 34, 65, 0]]]","[[[0, 68, 35, 13, 11, 0], [0, 5, 0], [0, 74, 0]], [[0, 50, 81, 0]], [[0, 24, 94, 0]], []]","[8659.128053083332, 8678.824193310058, 8677.904715144809, 8678.483022536402]","[1882.604969204771, 647.3643415585768, 637.9938755014908, -0.0]",1400,2.27
100.30.4,100,4,4,endurance,high,high,3600,15.6464,700,31.2928,145.1555668,"[[[0, 80, 44, 88, 53, 56, 21, 86, 6, 38, 45, 42, 32, 3, 0], [0, 60, 2, 61, 30, 31, 52, 18, 46, 97, 25, 83, 33, 0]], [[0, 95, 89, 36, 19, 75, 71, 64, 34, 72, 0], [0, 92, 12, 84, 69, 20, 51, 7, 55, 39, 68, 0]], [[0, 26, 99, 87, 23, 8, 4, 17, 62, 65, 0], [0, 63, 1, 93, 16, 78, 58, 77, 27, 96, 85, 76, 37, 41, 90, 14, 0]], [[0, 54, 10, 67, 49, 73, 70, 22, 47, 100, 57, 15, 28, 43, 82, 0], [0, 40, 91, 9, 48, 59, 66, 29, 79, 98, 0]]]","[[[0, 11, 35, 0], [0, 94, 0], [0, 24, 0], [0, 50, 81, 0], [0, 74, 0], [0, 5, 0]], [], [[0, 13, 0]], []]","[8703.247067753546, 8699.594664858923, 8709.050702629014, 8709.33400500834]","[3385.8583581845833, -0.0, 597.4412477428881, -0.0]",1400,2.27
100.40.1,100,4,4,endurance,high,high,3600,15.6464,700,31.2928,243.4199763,"[[[0, 77, 79, 74, 14, 100, 46, 91, 29, 99, 59, 16, 3, 17, 0], [0, 36, 49, 4, 64, 81, 15, 82, 0], [0, 89, 20, 9, 83, 66, 56, 37, 26, 10, 0]], [[0, 44, 73, 2, 67, 0], [0, 35, 51, 24, 94, 41, 52, 34, 5, 57, 97, 0], [0, 76, 7, 47, 93, 39, 28, 0]], [[0, 42, 27, 54, 32, 40, 23, 71, 53, 0], [0, 68, 87, 21, 84, 11, 61, 19, 69, 31, 0], [0, 90, 98, 96, 12, 60, 45, 0]], [[0, 72, 70, 88, 65, 86, 13, 63, 50, 30, 0], [0, 22, 75, 95, 55, 0], [0, 43, 8, 33, 92, 78, 6, 58, 38, 85, 1, 18, 48, 0]]]","[[[0, 62, 0], [0, 25, 0], [0, 80, 0]], [], [], []]","[14594.184020689794, 14599.310941237833, 14605.198576901857, 14437.060686247432]","[1673.0990306243143, -0.0, -0.0, -0.0]",1400,2.27
100.40.1,100,4,4,endurance,high,high,3600,15.6464,700,31.2928,243.5623116,"[[[0, 8, 43, 78, 38, 6, 58, 85, 1, 18, 67, 0], [0, 55, 22, 75, 0], [0, 72, 70, 88, 65, 86, 13, 63, 50, 30, 48, 0]], [[0, 2, 73, 42, 44, 0], [0, 77, 79, 74, 14, 100, 46, 91, 99, 59, 16, 3, 17, 0], [0, 81, 56, 37, 31, 15, 0]], [[0, 76, 7, 47, 93, 29, 39, 28, 0], [0, 92, 33, 89, 20, 9, 83, 66, 64, 4, 49, 0], [0, 35, 51, 41, 52, 94, 24, 97, 71, 95, 0]], [[0, 57, 5, 34, 54, 32, 27, 40, 23, 53, 0], [0, 68, 87, 21, 84, 11, 61, 19, 69, 26, 10, 82, 0], [0, 90, 98, 96, 12, 60, 45, 0]]]","[[[0, 36, 0], [0, 80, 0], [0, 25, 0], [0, 62, 0]], [], [], []]","[14598.104354248057, 14613.738698906944, 14584.520832061553, 14598.418742242073]","[2109.3535524673302, -0.0, -0.0, -0.0]",1400,2.27
100.40.1,100,4,4,endurance,high,high,3600,15.6464,700,31.2928,244.2684577,"[[[0, 63, 13, 12, 96, 98, 60, 0], [0, 21, 84, 11, 61, 19, 56, 37, 69, 31, 15, 0], [0, 92, 33, 89, 20, 9, 83, 66, 64, 81, 49, 36, 0]], [[0, 8, 43, 78, 6, 58, 38, 85, 1, 18, 4, 0], [0, 30, 50, 10, 26, 82, 0], [0, 70, 72, 88, 65, 86, 87, 68, 0]], [[0, 46, 100, 14, 74, 79, 77, 90, 45, 0], [0, 42, 27, 54, 32, 40, 23, 57, 97, 71, 53, 95, 0], [0, 28, 29, 91, 99, 59, 16, 3, 17, 0]], [[0, 76, 7, 47, 93, 39, 0], [0, 44, 73, 2, 67, 0], [0, 5, 34, 52, 41, 94, 24, 51, 35, 75, 22, 0]]]","[[[0, 55, 62, 48, 0], [0, 25, 0], [0, 80, 0]], [], [], []]","[14579.786105899377, 14656.107461013442, 14629.878117484637, 14638.906022721781]","[1843.183805311834, -0.0, -0.0, -0.0]",1400,2.27
100.40.1,100,4,4,endurance,high,high,3600,15.6464,700,31.2928,243.3887257,"[[[0, 23, 40, 27, 32, 54, 34, 5, 57, 97, 71, 53, 95, 0], [0, 92, 33, 89, 20, 9, 83, 66, 64, 4, 36, 0], [0, 60, 98, 96, 12, 13, 0]], [[0, 7, 47, 93, 91, 29, 28, 0], [0, 24, 94, 52, 41, 51, 35, 75, 22, 0], [0, 69, 37, 56, 19, 61, 11, 84, 21, 50, 30, 0]], [[0, 17, 3, 16, 99, 59, 39, 76, 0], [0, 43, 8, 78, 6, 58, 38, 85, 1, 18, 0], [0, 42, 44, 73, 2, 67, 0]], [[0, 46, 100, 14, 74, 79, 77, 90, 0], [0, 82, 10, 26, 31, 81, 15, 48, 0], [0, 70, 72, 88, 65, 86, 87, 68, 63, 0]]]","[[[0, 55, 62, 0], [0, 80, 0], [0, 49, 0], [0, 25, 45, 0]], [], [], []]","[14516.847052346293, 14603.323542043208, 14577.401689891041, 14598.489286580141]","[2363.369190112765, -0.0, -0.0, -0.0]",1400,2.27
100.40.1,100,4,4,endurance,high,high,3600,15.6464,700,31.2928,243.2967695,"[[[0, 8, 43, 78, 38, 58, 6, 85, 1, 18, 0], [0, 45, 17, 16, 59, 99, 3, 0], [0, 72, 70, 88, 65, 86, 87, 68, 0]], [[0, 46, 100, 14, 74, 79, 77, 90, 25, 0], [0, 76, 7, 47, 93, 91, 29, 39, 28, 0], [0, 60, 98, 96, 12, 13, 63, 50, 30, 0]], [[0, 24, 94, 52, 41, 51, 35, 75, 22, 0], [0, 92, 33, 89, 20, 9, 83, 66, 64, 4, 0], [0, 10, 21, 84, 11, 61, 19, 69, 26, 82, 0]], [[0, 23, 40, 27, 32, 54, 34, 5, 57, 97, 71, 53, 95, 0], [0, 15, 31, 37, 56, 81, 0], [0, 42, 44, 73, 2, 67, 0]]]","[[[0, 36, 49, 0], [0, 55, 62, 48, 0], [0, 80, 0]], [], [], []]","[14517.225019187168, 14597.555251589518, 14597.806171695582, 14494.336377512263]","[1750.188496538639, -0.0, -0.0, -0.0]",1400,2.27
100.40.2,100,4,4,endurance,high,high,3600,15.6464,700,31.2928,252.8354815,"[[[0, 54, 10, 29, 50, 15, 46, 93, 57, 0], [0, 6, 75, 38, 97, 79, 80, 42, 99, 34, 0], [0, 28, 35, 13, 37, 91, 82, 100, 0]], [[0, 94, 44, 24, 18, 81, 48, 96, 23, 0], [0, 70, 78, 92, 86, 16, 83, 90, 63, 1, 0], [0, 98, 59, 9, 53, 27, 25, 0]], [[0, 52, 88, 4, 30, 41, 67, 64, 39, 76, 0], [0, 95, 2, 20, 69, 71, 0], [0, 32, 58, 45, 19, 0]], [[0, 47, 51, 33, 26, 87, 66, 21, 0], [0, 77, 17, 14, 60, 3, 36, 7, 65, 22, 72, 89, 43, 0], [0, 56, 31, 55, 61, 62, 73, 68, 40, 8, 0]]]","[[[0, 85, 0], [0, 74, 0], [0, 84, 11, 5, 0], [0, 49, 12, 0]], [], [], []]","[15111.455959832732, 15170.128890027849, 15167.663894384688, 15166.138410424152]","[2196.092231000095, -0.0, -0.0, -0.0]",1400,2.27
100.40.2,100,4,4,endurance,high,high,3600,15.6464,700,31.2928,253.1678374,"[[[0, 56, 31, 55, 61, 62, 73, 1, 68, 40, 0], [0, 54, 10, 29, 50, 15, 46, 93, 57, 0], [0, 28, 35, 13, 37, 91, 82, 0]], [[0, 25, 59, 9, 53, 27, 0], [0, 52, 88, 4, 30, 67, 41, 64, 39, 76, 0], [0, 47, 51, 33, 26, 87, 66, 21, 0]], [[0, 94, 44, 24, 18, 81, 48, 96, 23, 0], [0, 6, 75, 38, 97, 79, 80, 42, 99, 34, 0], [0, 32, 58, 98, 19, 0]], [[0, 77, 17, 60, 14, 3, 36, 7, 65, 22, 72, 89, 0], [0, 95, 2, 20, 69, 45, 0], [0, 70, 78, 92, 86, 16, 83, 90, 63, 8, 0]]]","[[[0, 71, 85, 0], [0, 12, 43, 49, 0], [0, 5, 11, 84, 0], [0, 74, 100, 0]], [], [], []]","[15187.971734864237, 15094.521694611587, 15143.243992636711, 15190.070241258269]","[2434.74132444566, -0.0, -0.0, -0.0]",1400,2.27
100.40.2,100,4,4,endurance,high,high,3600,15.6464,700,31.2928,253.1153388,"[[[0, 32, 58, 45, 98, 0], [0, 77, 17, 60, 14, 3, 36, 7, 65, 22, 72, 89, 0], [0, 27, 53, 9, 59, 25, 19, 0]], [[0, 6, 75, 38, 97, 79, 80, 42, 99, 34, 100, 0], [0, 70, 78, 92, 86, 16, 83, 90, 63, 1, 68, 40, 8, 0], [0, 28, 35, 13, 37, 91, 82, 0]], [[0, 95, 2, 20, 69, 71, 0], [0, 52, 88, 4, 30, 67, 41, 39, 76, 0], [0, 54, 10, 29, 50, 15, 46, 93, 43, 12, 0]], [[0, 47, 51, 33, 26, 87, 66, 21, 0], [0, 94, 44, 24, 18, 81, 48, 96, 23, 0], [0, 73, 62, 61, 55, 64, 31, 56, 5, 0]]]","[[[0, 84, 11, 0], [0, 85, 0], [0, 74, 0], [0, 57, 49, 0]], [], [], []]","[15186.920326494972, 15088.591040443604, 15181.217355281191, 15170.008456061563]","[2132.5715728747336, -0.0, -0.0, -0.0]",1400,2.27
100.40.2,100,4,4,endurance,high,high,3600,15.6464,700,31.2928,252.3482857,"[[[0, 32, 58, 45, 98, 0], [0, 75, 38, 95, 2, 20, 69, 71, 0], [0, 82, 28, 94, 44, 24, 0]], [[0, 76, 39, 55, 31, 56, 11, 5, 0], [0, 64, 41, 67, 30, 4, 88, 52, 93, 49, 57, 0], [0, 54, 10, 29, 50, 15, 46, 7, 65, 0]], [[0, 16, 86, 92, 78, 70, 18, 81, 48, 96, 23, 0], [0, 27, 53, 9, 59, 25, 0], [0, 91, 35, 13, 37, 26, 87, 66, 21, 0]], [[0, 40, 68, 1, 63, 90, 83, 62, 61, 73, 8, 0], [0, 33, 51, 47, 97, 79, 80, 42, 6, 99, 34, 0], [0, 77, 17, 14, 60, 3, 36, 22, 72, 89, 0]]]","[[[0, 84, 12, 0], [0, 43, 19, 85, 0], [0, 100, 74, 0]], [], [], []]","[15137.249634219963, 15136.333687425129, 15140.897143470993, 15117.575867524285]","[1811.177298766238, -0.0, -0.0, -0.0]",1400,2.27
100.40.2,100,4,4,endurance,high,high,3600,15.6464,700,31.2928,252.5772014,"[[[0, 6, 75, 38, 97, 79, 80, 42, 99, 34, 0], [0, 28, 35, 13, 37, 91, 82, 74, 0], [0, 54, 10, 29, 50, 15, 46, 93, 43, 0]], [[0, 47, 51, 33, 26, 87, 66, 21, 0], [0, 95, 2, 20, 69, 45, 98, 0], [0, 52, 88, 4, 30, 67, 41, 64, 39, 76, 84, 0]], [[0, 94, 44, 24, 18, 81, 48, 96, 23, 0], [0, 58, 32, 59, 0], [0, 56, 31, 55, 61, 62, 73, 8, 0]], [[0, 70, 78, 92, 86, 16, 83, 90, 63, 1, 68, 40, 0], [0, 77, 17, 60, 14, 3, 36, 65, 7, 22, 72, 89, 0], [0, 27, 9, 53, 25, 85, 19, 0]]]","[[[0, 11, 5, 0], [0, 100, 12, 0], [0, 57, 49, 0], [0, 71, 0]], [], [], []]","[15127.197191743311, 15154.632083498589, 15143.50214612345, 15154.499924572898]","[2225.951642553026, -0.0, -0.0, -0.0]",1400,2.27
100.40.3,100,4,4,endurance,high,high,3600,15.6464,700,31.2928,254.1536264,"[[[0, 5, 87, 68, 58, 51, 49, 56, 0], [0, 50, 13, 95, 7, 73, 91, 65, 0], [0, 69, 81, 3, 71, 44, 8, 66, 52, 53, 34, 75, 28, 6, 0]], [[0, 83, 23, 74, 86, 72, 0], [0, 47, 70, 10, 97, 15, 2, 59, 100, 24, 0], [0, 46, 26, 60, 31, 20, 90, 9, 0]], [[0, 40, 32, 67, 85, 84, 38, 0], [0, 80, 78, 48, 88, 1, 33, 41, 0], [0, 89, 99, 92, 79, 43, 76, 45, 57, 22, 19, 27, 0]], [[0, 11, 55, 17, 30, 35, 62, 0], [0, 12, 36, 37, 42, 29, 63, 25, 82, 0], [0, 77, 61, 14, 39, 21, 98, 54, 0]]]","[[[0, 93, 0], [0, 18, 0], [0, 4, 0], [0, 64, 94, 0]], [], [[0, 96, 16, 0]], []]","[15154.226495997995, 15249.217581128556, 15243.473628025866, 15246.313265024675]","[2037.2474688316424, -0.0, 650.9232231417382, -0.0]",1400,2.27
100.40.3,100,4,4,endurance,high,high,3600,15.6464,700,31.2928,254.220817,"[[[0, 28, 75, 40, 32, 67, 85, 0], [0, 46, 26, 60, 31, 20, 90, 9, 38, 4, 0], [0, 70, 10, 97, 15, 2, 59, 100, 24, 0]], [[0, 65, 74, 86, 33, 23, 83, 72, 18, 0], [0, 11, 55, 17, 30, 35, 62, 64, 0], [0, 50, 13, 95, 7, 73, 91, 0]], [[0, 5, 87, 68, 58, 51, 49, 84, 56, 0], [0, 12, 36, 37, 42, 29, 63, 25, 0], [0, 69, 81, 3, 44, 8, 71, 66, 52, 34, 53, 0]], [[0, 89, 99, 92, 79, 43, 76, 45, 57, 19, 22, 27, 93, 0], [0, 54, 98, 21, 39, 14, 61, 77, 0], [0, 47, 80, 78, 48, 88, 1, 41, 0]]]","[[[0, 82, 0], [0, 16, 0], [0, 96, 0], [0, 94, 0], [0, 6, 0]], [], [], []]","[15245.315453629271, 15247.729350765554, 15253.249021246706, 15097.683460213058]","[2818.526417098003, -0.0, -0.0, -0.0]",1400,2.27
100.40.3,100,4,4,endurance,high,high,3600,15.6464,700,31.2928,256.2588413,"[[[0, 27, 22, 92, 79, 43, 99, 89, 61, 77, 0], [0, 11, 55, 45, 76, 57, 19, 0], [0, 98, 21, 39, 14, 31, 20, 90, 9, 54, 0]], [[0, 78, 80, 47, 70, 10, 97, 59, 100, 24, 0], [0, 2, 15, 42, 37, 29, 63, 25, 0], [0, 83, 23, 86, 74, 72, 0]], [[0, 5, 58, 51, 32, 67, 85, 40, 0], [0, 50, 13, 95, 7, 73, 91, 65, 0], [0, 69, 81, 3, 71, 44, 8, 66, 52, 53, 34, 75, 28, 0]], [[0, 30, 17, 36, 12, 35, 62, 0], [0, 46, 60, 26, 68, 87, 49, 84, 56, 38, 0], [0, 1, 88, 48, 33, 41, 18, 0]]]","[[[0, 16, 6, 0], [0, 82, 0], [0, 4, 96, 0], [0, 93, 0], [0, 94, 64, 0]], [], [], []]","[15303.612802902244, 15375.530479829793, 15370.560436550113, 15372.251220141065]","[3068.2202238891314, -0.0, -0.0, -0.0]",1400,2.27
100.40.3,100,4,4,endurance,high,high,3600,15.6464,700,31.2928,254.3818284,"[[[0, 56, 85, 67, 32, 40, 28, 6, 0], [0, 42, 37, 36, 12, 29, 63, 25, 0], [0, 47, 80, 78, 48, 88, 1, 41, 18, 0]], [[0, 11, 55, 17, 30, 35, 62, 0], [0, 72, 83, 74, 86, 33, 23, 0], [0, 69, 81, 3, 8, 44, 71, 66, 52, 53, 34, 75, 0]], [[0, 46, 26, 60, 31, 20, 90, 9, 38, 0], [0, 50, 13, 95, 7, 73, 91, 65, 0], [0, 89, 99, 92, 79, 43, 76, 45, 57, 19, 22, 27, 0]], [[0, 70, 10, 97, 15, 2, 59, 100, 24, 0], [0, 5, 87, 68, 58, 51, 49, 84, 0], [0, 54, 98, 21, 39, 14, 61, 77, 0]]]","[[[0, 82, 0], [0, 64, 0], [0, 4, 94, 0], [0, 93, 0], [0, 16, 96, 0]], [], [], []]","[15138.303719785166, 15255.274060842425, 15232.91728966483, 15262.909702597697]","[3217.3791277798123, -0.0, -0.0, -0.0]",1400,2.27
100.40.3,100,4,4,endurance,high,high,3600,15.6464,700,31.2928,253.277727,"[[[0, 69, 53, 81, 3, 44, 8, 71, 66, 52, 34, 75, 28, 16, 0], [0, 5, 87, 68, 58, 51, 49, 0], [0, 91, 73, 7, 95, 13, 50, 65, 0]], [[0, 40, 32, 67, 85, 84, 56, 38, 0], [0, 46, 26, 60, 31, 20, 90, 9, 0], [0, 47, 70, 10, 97, 15, 2, 59, 100, 24, 0]], [[0, 83, 23, 86, 74, 72, 0], [0, 11, 55, 17, 30, 35, 62, 0], [0, 12, 36, 37, 42, 29, 63, 25, 0]], [[0, 54, 98, 21, 39, 14, 61, 77, 0], [0, 89, 99, 92, 79, 43, 76, 45, 57, 19, 22, 27, 0], [0, 80, 78, 48, 88, 1, 33, 41, 0]]]","[[[0, 93, 0], [0, 6, 4, 0], [0, 82, 0], [0, 94, 64, 0], [0, 96, 0], [0, 18, 0]], [], [], []]","[15176.49405725751, 15195.877254000625, 15194.814773711392, 15196.663620913252]","[3619.1392863871297, -0.0, -0.0, -0.0]",1400,2.27
100.40.4,100,4,4,endurance,high,high,3600,15.6464,700,31.2928,241.2097024,"[[[0, 46, 42, 37, 90, 79, 1, 68, 17, 82, 0], [0, 60, 70, 21, 6, 99, 33, 100, 12, 53, 0], [0, 66, 50, 61, 51, 0]], [[0, 45, 89, 25, 19, 94, 24, 86, 18, 63, 3, 0], [0, 87, 2, 26, 34, 81, 0], [0, 95, 83, 84, 27, 0]], [[0, 4, 57, 85, 64, 62, 88, 11, 55, 0], [0, 97, 40, 52, 76, 7, 67, 0], [0, 23, 93, 28, 5, 75, 44, 39, 41, 0]], [[0, 31, 36, 71, 96, 47, 48, 73, 15, 13, 35, 8, 0], [0, 91, 59, 32, 69, 65, 54, 80, 14, 58, 56, 22, 0], [0, 92, 38, 49, 30, 9, 74, 16, 78, 77, 0]]]","[[[0, 10, 0], [0, 43, 20, 0], [0, 72, 0], [0, 98, 0], [0, 29, 0]], [], [], []]","[14414.543793331772, 14343.923160862503, 14472.582143712218, 14470.746199552023]","[3154.05607555436, -0.0, -0.0, -0.0]",1400,2.27
100.40.4,100,4,4,endurance,high,high,3600,15.6464,700,31.2928,240.7283019,"[[[0, 41, 40, 52, 7, 92, 78, 77, 0], [0, 88, 62, 64, 85, 57, 4, 84, 27, 0], [0, 34, 26, 2, 33, 100, 12, 87, 81, 53, 0]], [[0, 63, 18, 86, 0], [0, 42, 46, 37, 90, 79, 1, 68, 17, 82, 0], [0, 70, 60, 21, 6, 99, 30, 49, 9, 16, 0]], [[0, 66, 50, 95, 83, 61, 51, 0], [0, 73, 54, 80, 65, 69, 32, 91, 59, 14, 58, 0], [0, 23, 93, 28, 5, 75, 44, 39, 97, 0]], [[0, 11, 55, 24, 94, 19, 25, 89, 45, 0], [0, 31, 36, 71, 96, 47, 48, 15, 13, 35, 8, 56, 22, 0], [0, 67, 76, 38, 74, 0]]]","[[[0, 20, 0], [0, 29, 0], [0, 98, 0], [0, 72, 0], [0, 43, 0], [0, 10, 0], [0, 3, 0]], [], [], []]","[14407.513611457269, 14412.429597156686, 14433.705858768073, 14443.698115478015]","[4222.7822754794315, -0.0, -0.0, -0.0]",1400,2.27
100.40.4,100,4,4,endurance,high,high,3600,15.6464,700,31.2928,241.3740345,"[[[0, 87, 2, 26, 34, 81, 53, 0], [0, 97, 40, 39, 44, 75, 93, 41, 0], [0, 55, 11, 83, 95, 50, 66, 61, 51, 29, 0]], [[0, 24, 94, 19, 25, 89, 45, 17, 68, 1, 0], [0, 67, 52, 76, 7, 92, 78, 77, 0], [0, 31, 36, 71, 96, 47, 48, 73, 15, 13, 35, 8, 0]], [[0, 88, 62, 64, 85, 57, 4, 84, 27, 0], [0, 16, 9, 30, 49, 38, 74, 0], [0, 91, 59, 32, 69, 65, 54, 80, 14, 58, 56, 22, 0]], [[0, 42, 46, 79, 90, 37, 5, 28, 23, 98, 0], [0, 70, 60, 21, 6, 99, 33, 100, 12, 0], [0, 82, 63, 18, 86, 3, 0]]]","[[[0, 72, 0], [0, 20, 0], [0, 43, 0], [0, 10, 0]], [], [], []]","[14438.733328046736, 14446.000295989845, 14482.442068251336, 14452.112745794484]","[2414.7142790715106, -0.0, -0.0, -0.0]",1400,2.27
100.40.4,100,4,4,endurance,high,high,3600,15.6464,700,31.2928,240.4890801,"[[[0, 74, 38, 49, 30, 9, 16, 0], [0, 45, 89, 25, 19, 94, 24, 86, 18, 63, 0], [0, 4, 57, 85, 64, 62, 88, 11, 55, 0]], [[0, 46, 42, 37, 90, 79, 1, 68, 17, 82, 0], [0, 66, 8, 0], [0, 6, 21, 70, 60, 99, 33, 100, 12, 0]], [[0, 91, 59, 32, 69, 65, 54, 80, 14, 58, 0], [0, 27, 84, 83, 95, 50, 61, 51, 0], [0, 87, 2, 26, 34, 81, 53, 0]], [[0, 23, 28, 5, 75, 44, 39, 93, 41, 0], [0, 31, 36, 71, 47, 96, 48, 73, 15, 13, 35, 56, 22, 0], [0, 67, 97, 40, 52, 76, 7, 92, 77, 0]]]","[[[0, 78, 0], [0, 98, 0], [0, 10, 0], [0, 29, 43, 0], [0, 72, 0], [0, 20, 0]], [], [], [[0, 3, 0]]]","[14429.344805960223, 14429.10377450032, 14398.752512097148, 14373.94564042185]","[3822.3845206183905, -0.0, -0.0, 649.8166693635911]",1400,2.27
100.40.4,100,4,4,endurance,high,high,3600,15.6464,700,31.2928,241.5136667,"[[[0, 77, 67, 97, 40, 52, 7, 92, 74, 16, 0], [0, 31, 36, 71, 47, 96, 48, 73, 15, 13, 35, 8, 0], [0, 4, 57, 85, 64, 62, 88, 11, 55, 0]], [[0, 51, 61, 66, 0], [0, 46, 42, 37, 90, 79, 1, 68, 17, 82, 63, 0], [0, 60, 70, 21, 6, 99, 33, 100, 12, 53, 0]], [[0, 27, 84, 83, 95, 50, 0], [0, 45, 89, 25, 19, 94, 24, 86, 18, 3, 0], [0, 91, 59, 32, 69, 65, 54, 80, 14, 58, 56, 22, 0]], [[0, 87, 2, 26, 34, 81, 0], [0, 23, 93, 28, 5, 75, 44, 39, 41, 0], [0, 9, 38, 49, 30, 76, 78, 0]]]","[[[0, 98, 0], [0, 10, 0], [0, 43, 20, 0], [0, 72, 0], [0, 29, 0]], [], [], []]","[14487.567710585, 14438.898066787018, 14490.820001372713, 14465.297296992583]","[3154.05607555436, -0.0, -0.0, -0.0]",1400,2.27
1000.10.1,1000,15,15,endurance,high,high,3600,15.6464,700,31.2928,29.5636176,"[[[0, 303, 518, 208, 773, 2, 672, 572, 345, 449, 17, 684, 54, 87, 838, 731, 391, 493, 898, 276, 930, 131, 47, 428, 957, 395, 866, 972, 548, 135, 82, 5, 143, 20, 322, 909, 982, 670, 690, 512, 576, 963, 294, 916, 50, 801, 709, 332, 716, 999, 467, 225, 0]], [[0, 641, 883, 623, 789, 63, 79, 984, 871, 928, 724, 886, 969, 471, 60, 492, 858, 983, 264, 783, 364, 830, 132, 822, 285, 742, 491, 152, 104, 942, 663, 620, 912, 367, 343, 768, 179, 402, 221, 651, 692, 284, 100, 561, 541, 782, 184, 863, 603, 181, 299, 659, 702, 452, 46, 113, 241, 151, 590, 59, 0]], [[0, 791, 567, 454, 413, 465, 84, 593, 31, 771, 758, 227, 954, 48, 720, 797, 787, 168, 660, 105, 624, 671, 606, 278, 24, 715, 194, 722, 964, 252, 430, 568, 408, 480, 997, 661, 855, 141, 300, 578, 696, 824, 600, 587, 482, 28, 425, 860, 283, 564, 56, 882, 190, 525, 311, 558, 45, 0]], [[0, 808, 737, 232, 680, 459, 877, 23, 581, 150, 474, 636, 319, 714, 469, 951, 566, 130, 318, 514, 639, 529, 376, 643, 167, 674, 527, 939, 159, 146, 289, 120, 841, 664, 741, 971, 457, 423, 677, 433, 865, 4, 669, 73, 77, 86, 532, 484, 718, 681, 349, 440, 505, 92, 0]], [[0, 750, 174, 158, 270, 250, 43, 516, 302, 125, 94, 6, 422, 735, 948, 522, 320, 72, 678, 800, 635, 206, 553, 19, 825, 237, 723, 673, 906, 169, 752, 439, 81, 900, 127, 365, 831, 36, 368, 382, 8, 703, 806, 622, 828, 247, 656, 616, 608, 786, 943, 734, 0]], [[0, 792, 370, 400, 52, 11, 394, 326, 32, 820, 652, 653, 759, 124, 197, 486, 591, 679, 202, 899, 856, 887, 44, 763, 49, 809, 602, 687, 649, 755, 246, 646, 804, 419, 114, 393, 312, 962, 405, 269, 139, 65, 542, 479, 122, 802, 434, 69, 817, 747, 798, 563, 172, 281, 88, 571, 500, 374, 811, 0]], [[0, 463, 926, 613, 121, 495, 949, 958, 262, 683, 509, 726, 224, 273, 136, 799, 526, 956, 814, 803, 178, 328, 112, 106, 708, 164, 857, 25, 947, 629, 826, 705, 538, 437, 293, 256, 96, 937, 508, 693, 245, 894, 929, 780, 361, 535, 719, 995, 21, 769, 109, 108, 0]], [[0, 980, 117, 346, 706, 579, 306, 414, 551, 775, 214, 682, 235, 583, 442, 633, 717, 288, 61, 536, 388, 640, 952, 334, 582, 429, 546, 98, 310, 915, 941, 128, 615, 280, 196, 337, 295, 231, 667, 304, 286, 236, 732, 407, 931, 279, 751, 846, 911, 891, 415, 290, 917, 267, 445, 0]], [[0, 248, 192, 978, 212, 698, 207, 621, 378, 119, 147, 7, 861, 377, 843, 701, 853, 634, 166, 340, 55, 896, 134, 973, 488, 559, 976, 42, 215, 598, 897, 813, 406, 379, 58, 110, 993, 93, 243, 385, 506, 816, 487, 115, 185, 261, 986, 619, 595, 902, 244, 336, 140, 0]], [[0, 249, 292, 186, 974, 155, 266, 441, 985, 203, 85, 727, 176, 501, 498, 570, 145, 1, 234, 892, 450, 323, 137, 263, 10, 904, 920, 352, 851, 496, 712, 99, 550, 850, 517, 575, 881, 97, 33, 757, 426, 998, 586, 655, 356, 927, 510, 648, 592, 609, 51, 650, 0]], [[0, 366, 552, 460, 418, 40, 785, 968, 839, 76, 468, 455, 852, 154, 901, 220, 594, 34, 160, 922, 605, 297, 523, 988, 200, 961, 796, 584, 409, 259, 627, 739, 75, 275, 805, 657, 614, 556, 397, 597, 632, 13, 539, 818, 257, 504, 177, 511, 238, 404, 990, 384, 794, 219, 27, 0]], [[0, 736, 940, 198, 287, 217, 944, 369, 387, 913, 359, 165, 57, 478, 325, 695, 489, 411, 960, 211, 730, 688, 697, 644, 910, 907, 710, 372, 187, 30, 777, 612, 749, 607, 170, 812, 66, 836, 933, 103, 867, 784, 458, 966, 309, 728, 189, 485, 932, 790, 879, 438, 218, 298, 524, 386, 268, 666, 819, 544, 26, 748, 3, 979, 427, 0]], [[0, 557, 29, 373, 996, 380, 157, 676, 686, 9, 375, 569, 599, 347, 436, 873, 15, 12, 617, 543, 494, 733, 161, 884, 540, 547, 226, 201, 204, 233, 903, 531, 216, 171, 173, 788, 138, 74, 315, 849, 148, 258, 313, 862, 793, 588, 213, 483, 78, 713, 253, 924, 0]], [[0, 291, 210, 834, 229, 760, 476, 729, 153, 417, 745, 260, 810, 870, 116, 847, 329, 914, 654, 435, 955, 987, 126, 738, 317, 950, 314, 946, 869, 721, 989, 815, 700, 772, 301, 355, 18, 420, 699, 392, 316, 90, 837, 363, 102, 626, 534, 398, 272, 191, 744, 778, 967, 981, 401, 223, 344, 864, 0]], [[0, 560, 470, 412, 562, 977, 360, 142, 80, 144, 265, 637, 308, 921, 530, 230, 209, 994, 35, 448, 519, 477, 765, 396, 282, 451, 296, 965, 481, 764, 390, 685, 890, 324, 228, 528, 38, 689, 992, 628, 844, 91, 193, 642, 175, 854, 645, 707, 0]]]","[[[0, 371, 475, 776, 0], [0, 694, 95, 242, 453, 0], [0, 362, 781, 842, 271, 0], [0, 975, 0]], [[0, 416, 195, 668, 0], [0, 330, 0], [0, 327, 133, 83, 0], [0, 399, 464, 410, 935, 421, 0]], [[0, 533, 868, 180, 0], [0, 490, 39, 0], [0, 848, 880, 0], [0, 829, 222, 878, 0], [0, 67, 833, 321, 823, 0], [0, 333, 0]], [[0, 444, 574, 691, 162, 37, 0], [0, 255, 383, 254, 0], [0, 277, 991, 499, 0], [0, 381, 774, 0]], [[0, 580, 111, 740, 754, 821, 447, 0], [0, 827, 611, 565, 589, 0], [0, 795, 331, 631, 342, 0], [0, 573, 348, 753, 0]], [[0, 662, 0], [0, 129, 357, 156, 675, 0], [0, 403, 22, 101, 0], [0, 432, 959, 807, 0], [0, 936, 461, 0]], [[0, 335, 604, 353, 0], [0, 545, 554, 358, 0], [0, 743, 925, 859, 462, 746, 389, 0], [0, 521, 618, 0], [0, 183, 0]], [[0, 41, 725, 0], [0, 647, 625, 513, 0], [0, 840, 832, 507, 239, 0], [0, 596, 630, 888, 0], [0, 885, 0]], [[0, 182, 889, 339, 0], [0, 766, 89, 0], [0, 905, 638, 0], [0, 874, 919, 520, 0], [0, 704, 0], [0, 472, 0]], [[0, 555, 338, 0], [0, 351, 123, 537, 68, 0], [0, 118, 341, 893, 456, 0], [0, 64, 908, 0]], [[0, 305, 515, 424, 0], [0, 443, 163, 502, 350, 0], [0, 658, 0], [0, 240, 431, 0]], [[0, 53, 0], [0, 497, 601, 0], [0, 14, 0], [0, 779, 577, 149, 251, 953, 0], [0, 875, 62, 0], [0, 70, 0], [0, 16, 0]], [[0, 835, 71, 0], [0, 895, 970, 0], [0, 762, 1000, 876, 0], [0, 307, 274, 610, 0], [0, 205, 0]], [[0, 188, 473, 0], [0, 923, 756, 938, 585, 0], [0, 872, 845, 665, 0], [0, 711, 934, 466, 0]], [[0, 767, 918, 0], [0, 945, 0], [0, 503, 107, 446, 0], [0, 199, 770, 354, 0], [0, 549, 761, 0]]]","[1758.4659077512613, 1773.5875017925239, 1773.7791365801354, 1769.2036852501947, 1767.474288644972, 1764.4959691904046, 1765.5910880508802, 1773.4515789626823, 1772.388479318738, 1770.6491433279023, 1772.7016564369221, 1773.7128433304044, 1764.1294694914761, 1771.014592832803, 1773.8170560865615]","[1770.610307189184, 1768.4010196546242, 1735.5079774097783, 1767.2613903311942, 1762.9036541878343, 1772.5631486136583, 1767.766966716006, 1763.6036442478198, 1752.7343344702542, 1757.5067675820264, 1749.7863948595127, 1761.8233046686516, 1670.4299031093135, 1760.177163378322, 1770.631902207535]",1400,2.27
1000.10.1,1000,15,15,endurance,high,high,3600,15.6464,700,31.2928,30.02987778,"[[[0, 117, 641, 885, 883, 623, 789, 343, 367, 912, 620, 942, 104, 822, 285, 742, 491, 152, 259, 409, 584, 796, 627, 739, 75, 275, 805, 614, 657, 961, 200, 988, 523, 297, 605, 922, 597, 397, 350, 502, 630, 888, 746, 184, 863, 603, 299, 659, 702, 452, 46, 241, 794, 151, 590, 219, 27, 427, 0]], [[0, 205, 573, 370, 11, 394, 604, 88, 305, 563, 515, 798, 747, 202, 899, 856, 887, 865, 433, 677, 423, 457, 971, 741, 664, 841, 120, 289, 514, 639, 146, 159, 939, 529, 376, 643, 527, 674, 167, 904, 920, 352, 851, 712, 496, 319, 636, 474, 150, 242, 581, 23, 877, 349, 440, 505, 808, 0]], [[0, 562, 977, 413, 454, 465, 593, 31, 265, 144, 564, 283, 637, 89, 994, 209, 230, 530, 787, 797, 720, 168, 660, 22, 48, 35, 954, 758, 685, 890, 324, 228, 38, 528, 339, 629, 947, 481, 25, 826, 705, 437, 538, 293, 256, 96, 937, 508, 693, 929, 780, 361, 719, 995, 21, 109, 0]], [[0, 980, 704, 917, 183, 290, 415, 891, 911, 414, 928, 969, 471, 60, 492, 830, 132, 364, 783, 858, 983, 264, 288, 61, 536, 388, 640, 952, 334, 582, 546, 429, 196, 337, 295, 634, 166, 853, 701, 667, 231, 717, 304, 633, 442, 583, 235, 682, 286, 236, 732, 378, 621, 207, 698, 461, 255, 267, 333, 0]], [[0, 650, 51, 592, 680, 459, 510, 927, 356, 549, 655, 586, 880, 426, 998, 97, 145, 1, 234, 892, 450, 137, 263, 10, 878, 517, 850, 550, 99, 714, 469, 951, 130, 566, 73, 4, 669, 77, 86, 679, 591, 486, 197, 532, 484, 124, 759, 653, 718, 681, 652, 820, 326, 400, 52, 0]], [[0, 53, 70, 595, 619, 986, 261, 487, 816, 382, 368, 331, 93, 243, 385, 631, 506, 119, 407, 931, 279, 751, 846, 214, 775, 551, 886, 724, 871, 63, 79, 251, 984, 462, 768, 179, 402, 221, 651, 692, 284, 100, 561, 541, 782, 990, 404, 238, 177, 968, 268, 524, 298, 386, 513, 944, 217, 827, 625, 287, 198, 0]], [[0, 767, 225, 208, 497, 773, 467, 975, 999, 716, 332, 709, 801, 963, 50, 916, 294, 576, 512, 690, 670, 982, 909, 20, 322, 173, 171, 216, 903, 531, 935, 5, 143, 82, 135, 548, 972, 866, 354, 838, 87, 54, 684, 17, 449, 711, 2, 270, 158, 518, 303, 0]], [[0, 769, 463, 926, 613, 778, 121, 495, 958, 949, 799, 526, 956, 814, 328, 106, 708, 164, 857, 156, 965, 451, 282, 396, 765, 477, 606, 278, 671, 624, 519, 764, 390, 689, 992, 628, 844, 91, 193, 642, 175, 567, 707, 0]], [[0, 249, 560, 791, 470, 45, 558, 311, 525, 895, 142, 882, 441, 860, 425, 28, 482, 587, 824, 600, 300, 578, 141, 308, 921, 545, 358, 554, 194, 715, 24, 722, 964, 252, 430, 568, 665, 480, 408, 997, 661, 855, 71, 938, 133, 756, 501, 498, 570, 176, 727, 85, 203, 222, 985, 266, 155, 905, 974, 186, 292, 0]], [[0, 29, 373, 996, 157, 14, 107, 9, 375, 599, 347, 436, 873, 15, 12, 543, 494, 410, 733, 161, 884, 946, 314, 464, 950, 738, 317, 721, 869, 201, 226, 204, 233, 547, 540, 239, 788, 138, 421, 74, 315, 849, 148, 258, 313, 862, 793, 588, 78, 713, 924, 0]], [[0, 662, 16, 622, 247, 828, 43, 254, 516, 806, 302, 125, 94, 723, 752, 169, 906, 673, 237, 825, 19, 553, 206, 635, 800, 678, 72, 930, 131, 47, 428, 957, 731, 391, 493, 898, 276, 320, 522, 948, 6, 422, 735, 572, 345, 672, 934, 250, 656, 616, 608, 786, 943, 734, 472, 0]], [[0, 140, 336, 244, 902, 668, 195, 8, 36, 831, 365, 127, 81, 900, 993, 110, 406, 58, 379, 215, 42, 976, 559, 488, 973, 134, 128, 941, 915, 310, 98, 280, 615, 896, 340, 55, 598, 813, 897, 377, 843, 861, 7, 147, 115, 185, 520, 192, 248, 0]], [[0, 374, 500, 571, 281, 172, 817, 69, 434, 122, 802, 763, 49, 809, 602, 687, 649, 755, 246, 646, 804, 419, 114, 393, 312, 962, 405, 269, 139, 65, 542, 187, 30, 777, 612, 749, 372, 740, 411, 695, 325, 424, 348, 0]], [[0, 291, 834, 338, 729, 153, 417, 745, 260, 810, 116, 847, 870, 329, 914, 654, 435, 987, 955, 617, 126, 989, 815, 700, 301, 355, 18, 699, 392, 90, 837, 363, 102, 626, 534, 398, 683, 509, 499, 675, 803, 136, 273, 224, 726, 876, 262, 191, 744, 967, 981, 401, 223, 864, 0]], [[0, 811, 369, 387, 913, 359, 165, 57, 478, 218, 879, 839, 189, 485, 932, 790, 730, 211, 960, 688, 697, 644, 910, 907, 607, 170, 812, 66, 565, 589, 836, 933, 103, 867, 784, 458, 966, 309, 728, 455, 852, 154, 901, 220, 594, 34, 160, 632, 13, 539, 818, 257, 504, 511, 819, 666, 40, 418, 460, 552, 353, 979, 3, 366, 0]]]","[[[0, 959, 535, 854, 0], [0, 174, 330, 0], [0, 686, 0], [0, 199, 770, 395, 893, 0], [0, 39, 432, 645, 0], [0, 940, 0]], [[0, 101, 889, 574, 0], [0, 842, 118, 399, 213, 0], [0, 585, 845, 431, 0], [0, 41, 875, 0]], [[0, 618, 750, 0], [0, 453, 754, 821, 479, 0], [0, 601, 503, 555, 0], [0, 92, 83, 80, 162, 991, 0], [0, 736, 0]], [[0, 240, 923, 766, 0], [0, 881, 323, 575, 0], [0, 416, 342, 703, 466, 445, 0], [0, 360, 829, 0]], [[0, 936, 706, 0], [0, 32, 95, 335, 848, 403, 0], [0, 274, 610, 0], [0, 1000, 180, 0], [0, 26, 0], [0, 753, 232, 779, 0]], [[0, 761, 648, 0], [0, 306, 149, 663, 384, 0], [0, 544, 596, 468, 76, 0], [0, 380, 483, 0], [0, 253, 557, 0]], [[0, 67, 108, 37, 0], [0, 446, 676, 0], [0, 840, 537, 68, 123, 0], [0, 112, 0]], [[0, 833, 476, 0], [0, 182, 771, 0], [0, 919, 978, 473, 0], [0, 420, 316, 762, 0], [0, 945, 62, 0]], [[0, 533, 908, 0], [0, 774, 212, 0], [0, 776, 351, 772, 475, 0], [0, 611, 710, 44, 447, 318, 0]], [[0, 438, 489, 111, 0], [0, 760, 868, 0], [0, 84, 296, 105, 0], [0, 748, 113, 953, 163, 0]], [[0, 521, 188, 0], [0, 694, 307, 737, 0], [0, 245, 970, 0], [0, 757, 33, 56, 0], [0, 658, 0], [0, 807, 0]], [[0, 64, 918, 0], [0, 210, 344, 0], [0, 277, 178, 357, 129, 0], [0, 490, 0], [0, 874, 439, 795, 383, 0], [0, 59, 823, 0]], [[0, 444, 638, 0], [0, 190, 227, 691, 448, 0], [0, 832, 341, 507, 569, 0], [0, 894, 725, 0]], [[0, 381, 579, 0], [0, 781, 456, 362, 271, 321, 0], [0, 272, 371, 229, 0], [0, 580, 785, 389, 181, 577, 0]], [[0, 346, 0], [0, 412, 0], [0, 327, 872, 696, 0], [0, 743, 925, 556, 859, 443, 0], [0, 609, 835, 0], [0, 792, 647, 0]]]","[1801.1408388882746, 1799.935022429311, 1797.4793095906887, 1801.4594692515898, 1800.9570085276744, 1799.6969619363585, 1800.4899663895542, 1794.2725465612484, 1801.6429623565, 1797.6123610852094, 1801.7926666364058, 1801.6954308394825, 1801.7098647215334, 1800.5342727285647, 1801.1744375520525]","[1798.1418555529729, 1796.4695987835826, 1771.5286221095855, 1797.3184106913486, 1789.340678840189, 1797.9880680330962, 1787.1371267020738, 1801.2102304705602, 1761.336880346435, 1789.1969459979316, 1793.4014874249795, 1778.1518868316662, 1799.8145383526175, 1763.7085754061243, 1790.44695360893]",1400,2.27
1000.10.1,1000,15,15,endurance,high,high,3600,15.6464,700,31.2928,29.94960283,"[[[0, 70, 192, 978, 212, 698, 207, 378, 732, 236, 286, 843, 897, 813, 215, 42, 976, 55, 488, 973, 134, 896, 615, 128, 941, 915, 310, 334, 952, 582, 546, 429, 196, 337, 295, 634, 853, 701, 667, 231, 717, 983, 858, 492, 471, 969, 886, 724, 928, 414, 415, 290, 183, 917, 704, 0]], [[0, 472, 918, 943, 786, 608, 616, 656, 247, 828, 516, 302, 125, 94, 723, 439, 752, 169, 906, 673, 237, 825, 19, 553, 678, 72, 800, 635, 206, 948, 522, 320, 276, 898, 493, 87, 54, 684, 17, 449, 345, 572, 735, 422, 6, 254, 43, 250, 2, 270, 158, 518, 303, 750, 0]], [[0, 198, 287, 418, 785, 666, 177, 968, 268, 386, 524, 298, 438, 879, 932, 790, 730, 688, 907, 910, 697, 644, 611, 836, 933, 589, 565, 66, 812, 170, 607, 749, 612, 777, 962, 312, 405, 30, 187, 372, 740, 817, 411, 960, 211, 489, 695, 325, 57, 165, 359, 913, 387, 369, 944, 217, 811, 348, 0]], [[0, 792, 370, 11, 394, 604, 95, 759, 124, 197, 486, 591, 679, 202, 899, 856, 887, 865, 741, 971, 457, 423, 677, 433, 44, 763, 49, 809, 602, 687, 649, 755, 246, 646, 804, 419, 114, 393, 269, 139, 65, 542, 479, 122, 802, 434, 69, 747, 798, 563, 172, 88, 571, 580, 500, 374, 573, 0]], [[0, 249, 490, 186, 444, 974, 155, 610, 441, 564, 860, 425, 28, 587, 482, 824, 600, 300, 578, 141, 855, 938, 133, 756, 501, 570, 33, 97, 145, 1, 234, 892, 450, 137, 263, 10, 878, 550, 850, 517, 575, 549, 356, 655, 586, 998, 426, 222, 203, 985, 880, 761, 638, 51, 0]], [[0, 117, 936, 885, 774, 63, 79, 251, 984, 343, 367, 912, 620, 104, 942, 132, 364, 783, 264, 288, 61, 536, 640, 388, 742, 285, 822, 491, 152, 259, 409, 584, 796, 627, 961, 200, 75, 402, 179, 768, 100, 789, 623, 883, 641, 980, 0]], [[0, 253, 713, 908, 380, 676, 686, 9, 375, 599, 347, 436, 873, 15, 12, 543, 494, 161, 884, 226, 201, 204, 903, 531, 216, 233, 547, 540, 239, 173, 733, 410, 507, 832, 315, 74, 341, 849, 258, 313, 862, 793, 588, 14, 157, 373, 29, 0]], [[0, 560, 470, 412, 562, 977, 413, 454, 465, 84, 593, 31, 771, 758, 954, 48, 22, 720, 797, 787, 168, 660, 105, 24, 715, 194, 722, 964, 252, 430, 554, 568, 665, 480, 408, 997, 661, 308, 921, 530, 230, 209, 994, 89, 637, 283, 265, 144, 80, 829, 142, 895, 525, 311, 558, 45, 432, 0]], [[0, 401, 981, 967, 744, 778, 191, 272, 534, 398, 683, 509, 991, 499, 675, 178, 112, 156, 965, 296, 451, 282, 396, 765, 477, 606, 278, 671, 624, 519, 448, 35, 574, 685, 890, 324, 228, 844, 91, 193, 642, 175, 41, 707, 791, 0]], [[0, 767, 208, 497, 773, 467, 999, 332, 893, 838, 354, 731, 391, 131, 930, 47, 428, 957, 395, 866, 972, 548, 135, 82, 143, 5, 935, 171, 20, 322, 788, 138, 909, 982, 670, 690, 512, 576, 294, 916, 50, 963, 801, 709, 148, 199, 770, 118, 842, 975, 78, 321, 924, 0]], [[0, 753, 400, 52, 326, 349, 820, 652, 718, 653, 484, 532, 86, 77, 447, 669, 4, 73, 566, 130, 951, 318, 514, 639, 289, 120, 841, 664, 146, 159, 939, 529, 376, 643, 527, 674, 167, 904, 920, 352, 851, 712, 496, 469, 714, 319, 636, 474, 150, 242, 581, 23, 877, 459, 680, 592, 232, 440, 505, 808, 650, 0]], [[0, 557, 210, 996, 868, 760, 476, 417, 153, 810, 745, 260, 116, 847, 870, 329, 914, 654, 435, 987, 955, 617, 126, 738, 317, 950, 464, 314, 946, 869, 721, 123, 989, 815, 700, 772, 301, 355, 18, 699, 392, 316, 90, 837, 363, 102, 626, 180, 658, 330, 945, 834, 62, 864, 0]], [[0, 291, 769, 926, 613, 121, 495, 949, 958, 262, 876, 726, 224, 273, 136, 803, 814, 328, 129, 96, 708, 164, 857, 25, 481, 764, 390, 339, 528, 38, 689, 691, 629, 947, 826, 538, 437, 293, 256, 992, 628, 937, 508, 162, 693, 956, 526, 799, 780, 361, 535, 719, 995, 21, 109, 959, 0]], [[0, 734, 16, 622, 806, 795, 487, 816, 115, 506, 382, 36, 831, 365, 127, 81, 900, 58, 379, 406, 110, 993, 93, 243, 147, 7, 861, 377, 304, 633, 583, 235, 682, 551, 775, 214, 279, 931, 407, 751, 621, 185, 261, 986, 619, 595, 902, 244, 336, 140, 53, 333, 0]], [[0, 205, 940, 366, 979, 552, 460, 26, 990, 404, 238, 511, 504, 257, 818, 76, 839, 485, 189, 728, 455, 309, 867, 784, 458, 966, 852, 154, 901, 220, 594, 605, 922, 34, 160, 632, 13, 539, 597, 397, 297, 523, 988, 614, 657, 805, 275, 651, 221, 692, 284, 541, 782, 184, 743, 863, 603, 299, 659, 702, 452, 46, 113, 241, 794, 151, 590, 219, 27, 0]]]","[[[0, 703, 8, 0], [0, 60, 830, 953, 0], [0, 716, 483, 0], [0, 1000, 420, 446, 0]], [[0, 85, 0], [0, 368, 98, 442, 846, 0], [0, 190, 970, 37, 0], [0, 188, 473, 0], [0, 521, 174, 0]], [[0, 346, 59, 0], [0, 344, 875, 833, 0], [0, 403, 757, 923, 176, 0], [0, 338, 555, 0], [0, 39, 277, 245, 101, 0]], [[0, 108, 0], [0, 872, 585, 905, 0], [0, 737, 83, 307, 0], [0, 835, 71, 0], [0, 556, 350, 502, 0]], [[0, 267, 631, 598, 340, 280, 0], [0, 625, 468, 103, 0], [0, 274, 727, 0], [0, 223, 0]], [[0, 271, 503, 213, 0], [0, 807, 0], [0, 762, 107, 399, 781, 0], [0, 327, 431, 845, 0], [0, 618, 662, 445, 0]], [[0, 927, 0], [0, 648, 510, 694, 0], [0, 181, 888, 925, 596, 827, 0], [0, 746, 859, 630, 0], [0, 229, 729, 0]], [[0, 248, 579, 0], [0, 609, 32, 305, 424, 0], [0, 891, 871, 0], [0, 498, 240, 0], [0, 225, 0]], [[0, 706, 748, 353, 0], [0, 874, 383, 195, 255, 0], [0, 443, 163, 663, 739, 577, 0], [0, 461, 342, 911, 0], [0, 92, 819, 513, 0]], [[0, 559, 166, 385, 0], [0, 544, 561, 462, 306, 0], [0, 56, 545, 358, 227, 0], [0, 292, 0]], [[0, 266, 882, 0], [0, 889, 705, 929, 0], [0, 463, 0], [0, 281, 515, 478, 0], [0, 182, 360, 0]], [[0, 711, 362, 934, 0], [0, 67, 725, 854, 0], [0, 111, 754, 821, 710, 218, 0], [0, 357, 106, 894, 0]], [[0, 416, 668, 919, 64, 0], [0, 766, 696, 0], [0, 681, 453, 99, 335, 0], [0, 456, 672, 601, 0], [0, 567, 0]], [[0, 520, 381, 647, 0], [0, 323, 881, 848, 0], [0, 475, 537, 68, 371, 0], [0, 645, 0], [0, 3, 427, 0], [0, 736, 0]], [[0, 779, 40, 384, 389, 0], [0, 823, 533, 0], [0, 466, 331, 119, 149, 0], [0, 776, 351, 421, 840, 569, 0]]]","[1794.689185840764, 1796.7074469751199, 1789.5607237416127, 1793.9012708775863, 1789.1961441751205, 1795.127808207317, 1796.0026212175908, 1796.9761699334636, 1796.627085554035, 1796.7754416232485, 1789.6918947854242, 1788.4517258011565, 1793.2807709890938, 1796.5719410702286, 1790.136363384416]","[1778.8455384393178, 1795.7522583403222, 1796.1142979390547, 1788.2899123607137, 1788.1909115938838, 1793.4693596393483, 1792.1643046464058, 1768.9304035718587, 1764.323869404649, 1795.9297217466967, 1775.7682915734638, 1772.4819330192793, 1796.969462657448, 1793.7094606305782, 1781.2180437645018]",1400,2.27
1000.10.2,1000,15,15,endurance,high,high,3600,15.6464,700,31.2928,29.3623226,"[[[0, 361, 94, 111, 684, 230, 450, 694, 191, 679, 363, 108, 338, 607, 421, 739, 973, 849, 752, 495, 868, 889, 487, 909, 870, 832, 595, 762, 922, 83, 879, 100, 27, 255, 442, 300, 447, 355, 789, 942, 33, 645, 425, 892, 382, 968, 471, 716, 234, 177, 141, 712, 0]], [[0, 161, 990, 155, 358, 770, 452, 315, 603, 967, 89, 943, 908, 44, 816, 345, 480, 980, 765, 75, 910, 782, 753, 981, 176, 326, 774, 216, 302, 806, 374, 787, 254, 341, 263, 468, 148, 342, 173, 809, 507, 500, 372, 747, 336, 652, 13, 897, 0]], [[0, 804, 874, 962, 399, 472, 730, 42, 620, 192, 970, 519, 769, 991, 71, 755, 839, 233, 159, 357, 340, 217, 346, 880, 596, 172, 873, 19, 717, 888, 613, 105, 866, 484, 825, 553, 634, 955, 72, 116, 823, 709, 506, 711, 1000, 257, 664, 559, 1, 0]], [[0, 41, 675, 343, 912, 692, 446, 514, 209, 661, 369, 25, 241, 587, 960, 493, 540, 701, 321, 248, 919, 417, 961, 704, 779, 513, 617, 119, 213, 423, 899, 214, 206, 894, 759, 231, 275, 671, 12, 749, 420, 126, 918, 394, 588, 215, 630, 781, 30, 391, 179, 621, 852, 549, 824, 724, 0]], [[0, 362, 17, 536, 930, 485, 23, 453, 344, 579, 534, 885, 137, 140, 568, 188, 11, 261, 850, 3, 243, 470, 143, 618, 883, 270, 828, 35, 211, 477, 829, 977, 354, 895, 616, 127, 811, 39, 375, 689, 827, 624, 381, 768, 239, 699, 162, 460, 994, 250, 145, 858, 163, 523, 178, 443, 0]], [[0, 583, 50, 833, 109, 925, 509, 24, 235, 848, 112, 913, 202, 238, 582, 926, 656, 632, 958, 169, 803, 223, 352, 347, 57, 190, 567, 48, 290, 935, 262, 435, 404, 662, 721, 76, 556, 649, 522, 337, 743, 890, 455, 266, 142, 663, 293, 271, 448, 273, 10, 240, 605, 561, 636, 121, 700, 237, 541, 865, 384, 872, 535, 68, 0]], [[0, 548, 158, 785, 349, 566, 153, 110, 586, 686, 976, 876, 269, 715, 941, 723, 651, 915, 681, 226, 299, 380, 780, 800, 219, 327, 201, 932, 175, 274, 927, 146, 691, 606, 547, 134, 545, 220, 120, 640, 792, 51, 758, 863, 426, 69, 308, 187, 801, 498, 589, 151, 212, 855, 924, 627, 244, 353, 204, 129, 0]], [[0, 788, 232, 16, 512, 702, 672, 871, 772, 247, 434, 252, 574, 478, 449, 813, 887, 360, 916, 951, 934, 332, 501, 812, 814, 320, 733, 63, 7, 562, 598, 510, 735, 947, 668, 260, 197, 597, 427, 511, 31, 860, 144, 527, 314, 303, 619, 370, 152, 0]], [[0, 45, 29, 835, 884, 690, 62, 878, 754, 844, 969, 639, 764, 307, 940, 90, 601, 200, 797, 725, 585, 392, 680, 135, 600, 330, 886, 483, 64, 846, 904, 61, 807, 729, 441, 432, 537, 396, 862, 609, 280, 2, 351, 612, 297, 103, 959, 267, 989, 963, 676, 722, 805, 693, 631, 0]], [[0, 834, 950, 678, 456, 37, 416, 132, 799, 773, 84, 256, 164, 405, 193, 643, 304, 186, 350, 906, 331, 245, 573, 205, 776, 59, 756, 53, 775, 734, 614, 292, 683, 104, 430, 903, 819, 488, 101, 610, 96, 641, 815, 629, 533, 646, 795, 397, 400, 0]], [[0, 451, 920, 130, 160, 602, 518, 554, 55, 454, 697, 802, 115, 8, 418, 294, 760, 364, 665, 328, 324, 356, 170, 817, 580, 210, 557, 995, 168, 492, 964, 502, 592, 611, 444, 74, 642, 124, 635, 154, 20, 264, 840, 32, 633, 826, 975, 972, 575, 166, 842, 224, 419, 229, 0]], [[0, 422, 208, 673, 316, 992, 181, 578, 599, 856, 81, 881, 183, 736, 80, 476, 411, 276, 389, 150, 410, 808, 767, 413, 900, 794, 415, 948, 761, 996, 713, 584, 378, 966, 236, 87, 283, 528, 508, 530, 505, 479, 462, 837, 984, 859, 383, 86, 222, 526, 952, 655, 464, 985, 791, 525, 40, 189, 133, 38, 26, 0]], [[0, 395, 551, 207, 669, 974, 333, 227, 590, 438, 581, 180, 490, 14, 22, 371, 334, 783, 931, 748, 317, 279, 654, 937, 199, 117, 956, 499, 184, 4, 225, 272, 822, 138, 218, 687, 750, 793, 249, 457, 246, 560, 593, 174, 515, 615, 329, 552, 322, 0]], [[0, 43, 638, 171, 923, 939, 726, 708, 742, 902, 296, 277, 546, 647, 682, 544, 288, 36, 491, 777, 373, 810, 58, 165, 99, 543, 857, 309, 318, 359, 591, 114, 496, 957, 56, 286, 650, 428, 182, 710, 867, 830, 305, 475, 965, 401, 979, 999, 714, 47, 674, 102, 851, 944, 577, 703, 971, 550, 898, 0]], [[0, 648, 312, 542, 49, 429, 431, 698, 538, 445, 136, 831, 670, 203, 845, 953, 667, 954, 893, 718, 424, 625, 732, 440, 853, 367, 278, 986, 719, 658, 439, 576, 412, 467, 745, 28, 949, 78, 905, 784, 727, 298, 987, 5, 282, 386, 118, 319, 131, 504, 387, 85, 798, 695, 98, 657, 289, 489, 737, 368, 77, 0]]]","[[[0, 259, 705, 653, 896, 122, 0], [0, 221, 21, 281, 757, 0], [0, 728, 93, 251, 0]], [[0, 608, 128, 79, 0], [0, 864, 195, 339, 82, 0], [0, 707, 936, 0], [0, 520, 532, 376, 0]], [[0, 311, 461, 0], [0, 402, 95, 0], [0, 265, 287, 628, 604, 558, 390, 0], [0, 820, 325, 0]], [[0, 861, 284, 52, 0], [0, 497, 403, 0], [0, 988, 242, 97, 15, 0], [0, 771, 0], [0, 790, 882, 67, 0], [0, 539, 0]], [[0, 696, 463, 0], [0, 688, 555, 196, 531, 564, 0], [0, 123, 720, 167, 0], [0, 503, 46, 149, 0], [0, 659, 65, 0]], [[0, 901, 563, 0], [0, 666, 877, 594, 0], [0, 228, 436, 70, 0], [0, 778, 156, 414, 0], [0, 570, 0]], [[0, 66, 983, 0], [0, 408, 385, 0], [0, 993, 459, 796, 0], [0, 521, 875, 869, 0], [0, 466, 622, 571, 0], [0, 486, 437, 458, 0]], [[0, 88, 0], [0, 406, 841, 637, 285, 0], [0, 644, 921, 854, 0], [0, 6, 194, 741, 366, 907, 258, 0], [0, 763, 409, 0]], [[0, 323, 54, 0], [0, 106, 685, 60, 0], [0, 565, 73, 914, 388, 407, 0], [0, 365, 377, 0]], [[0, 978, 107, 0], [0, 494, 301, 751, 0], [0, 335, 731, 891, 0], [0, 946, 0], [0, 295, 516, 706, 0]], [[0, 91, 0], [0, 818, 147, 253, 0], [0, 398, 821, 481, 113, 0], [0, 198, 911, 0], [0, 677, 0]], [[0, 92, 18, 0], [0, 786, 9, 917, 0], [0, 660, 310, 623, 473, 0], [0, 740, 268, 517, 0]], [[0, 524, 0], [0, 929, 938, 746, 0], [0, 997, 474, 433, 529, 139, 125, 0], [0, 847, 185, 291, 0], [0, 766, 393, 348, 0], [0, 569, 0]], [[0, 933, 998, 0], [0, 379, 982, 0], [0, 838, 945, 0], [0, 572, 738, 465, 482, 0], [0, 313, 626, 0]], [[0, 928, 836, 0], [0, 744, 0], [0, 34, 306, 0], [0, 469, 843, 0], [0, 157, 0]]]","[1761.1937818572464, 1756.8863950043285, 1761.739356115498, 1760.6863109945027, 1761.2725609999964, 1761.550654493465, 1760.4410502430449, 1757.3695198136272, 1760.835412739057, 1754.2113617921236, 1761.5137506129327, 1761.2656036291069, 1759.4111222061354, 1759.4013464995276, 1750.3515001580506]","[1736.5055049617433, 1725.3007368980925, 1758.0766251548011, 1695.1820464049224, 1740.00082839679, 1727.7523473649785, 1759.79624294627, 1759.4190859704327, 1716.6445814015894, 1751.7724002864168, 1755.5207332641394, 1703.7931697585939, 1735.6149215873738, 1742.2474061751348, 1754.278543215145]",1400,2.27
1000.10.2,1000,15,15,endurance,high,high,3600,15.6464,700,31.2928,30.30827101,"[[[0, 368, 737, 489, 289, 657, 98, 695, 798, 118, 504, 319, 282, 298, 727, 576, 439, 658, 719, 412, 467, 28, 745, 949, 78, 681, 226, 299, 380, 327, 201, 932, 547, 545, 219, 780, 800, 651, 915, 905, 784, 941, 801, 151, 212, 855, 747, 652, 353, 204, 129, 0]], [[0, 535, 155, 358, 770, 452, 603, 967, 500, 507, 809, 173, 120, 640, 792, 758, 308, 426, 69, 589, 498, 269, 131, 5, 831, 670, 203, 845, 953, 667, 954, 278, 424, 625, 440, 732, 367, 853, 543, 857, 309, 318, 99, 165, 58, 810, 373, 777, 647, 546, 277, 296, 708, 156, 171, 971, 0]], [[0, 463, 804, 343, 912, 692, 874, 446, 514, 962, 399, 472, 730, 42, 620, 209, 192, 970, 519, 751, 769, 991, 494, 493, 71, 755, 839, 233, 159, 357, 340, 217, 873, 717, 19, 172, 596, 880, 346, 891, 634, 955, 72, 116, 877, 823, 594, 711, 1000, 946, 963, 456, 678, 676, 722, 805, 950, 17, 938, 66, 0]], [[0, 422, 920, 130, 539, 697, 802, 115, 8, 418, 294, 760, 364, 864, 665, 832, 870, 909, 762, 595, 356, 170, 817, 879, 100, 27, 83, 922, 255, 442, 300, 447, 355, 789, 942, 645, 425, 33, 607, 421, 739, 973, 338, 108, 968, 471, 234, 933, 313, 107, 0]], [[0, 548, 978, 712, 824, 549, 852, 621, 377, 95, 661, 369, 25, 241, 666, 402, 587, 960, 705, 701, 540, 321, 248, 919, 417, 961, 704, 779, 513, 617, 119, 213, 423, 899, 194, 206, 214, 894, 759, 231, 275, 671, 12, 749, 126, 918, 588, 215, 630, 781, 30, 391, 179, 503, 149, 177, 157, 141, 724, 0]], [[0, 524, 551, 207, 669, 563, 333, 560, 246, 457, 249, 311, 793, 750, 525, 791, 985, 687, 952, 526, 222, 218, 138, 822, 4, 86, 128, 608, 875, 528, 508, 530, 505, 479, 462, 837, 859, 383, 184, 499, 956, 228, 225, 272, 106, 60, 937, 406, 167, 581, 490, 871, 672, 702, 772, 434, 512, 314, 16, 993, 0]], [[0, 161, 872, 865, 237, 700, 121, 238, 582, 926, 656, 169, 803, 223, 347, 57, 190, 142, 743, 337, 522, 649, 556, 76, 75, 910, 721, 662, 404, 435, 262, 935, 290, 48, 624, 827, 689, 375, 127, 811, 39, 381, 768, 239, 699, 460, 994, 202, 913, 112, 509, 109, 833, 0]], [[0, 312, 542, 898, 152, 370, 619, 303, 144, 860, 31, 574, 252, 22, 371, 334, 744, 887, 813, 427, 428, 650, 286, 597, 197, 260, 668, 21, 598, 562, 7, 63, 733, 320, 623, 221, 510, 735, 947, 957, 56, 496, 114, 591, 359, 710, 867, 830, 36, 491, 288, 682, 544, 102, 939, 923, 638, 49, 158, 43, 0]], [[0, 68, 466, 91, 561, 240, 10, 273, 448, 89, 943, 908, 44, 816, 345, 148, 606, 691, 146, 274, 927, 468, 263, 341, 254, 787, 604, 326, 176, 981, 753, 782, 302, 216, 774, 628, 806, 374, 980, 765, 480, 455, 266, 663, 958, 636, 541, 384, 583, 0]], [[0, 559, 795, 646, 664, 257, 506, 709, 903, 430, 104, 53, 756, 776, 205, 573, 245, 825, 888, 613, 105, 866, 147, 253, 331, 906, 350, 186, 432, 441, 729, 304, 251, 643, 351, 103, 37, 23, 485, 930, 536, 362, 834, 0]], [[0, 92, 395, 974, 227, 590, 438, 720, 180, 285, 637, 654, 199, 117, 436, 70, 841, 279, 317, 748, 931, 783, 916, 433, 951, 934, 139, 529, 812, 814, 501, 332, 360, 125, 449, 511, 965, 475, 305, 979, 999, 714, 674, 851, 944, 577, 703, 550, 88, 0]], [[0, 1, 631, 400, 696, 693, 348, 533, 629, 815, 610, 96, 641, 728, 959, 93, 267, 989, 101, 488, 819, 683, 292, 614, 775, 734, 396, 537, 862, 609, 280, 2, 818, 612, 297, 416, 132, 799, 773, 84, 568, 188, 988, 11, 639, 764, 261, 850, 969, 844, 754, 878, 62, 690, 843, 9, 243, 858, 847, 163, 178, 0]], [[0, 229, 208, 419, 842, 437, 975, 767, 20, 264, 840, 124, 328, 324, 195, 580, 210, 557, 168, 995, 492, 964, 502, 592, 611, 444, 74, 339, 635, 154, 794, 415, 914, 948, 761, 996, 713, 584, 378, 236, 87, 410, 150, 389, 476, 80, 736, 183, 881, 856, 403, 189, 133, 615, 38, 322, 0]], [[0, 45, 882, 766, 29, 835, 884, 453, 344, 579, 534, 885, 137, 688, 140, 256, 164, 405, 193, 600, 330, 886, 483, 64, 807, 61, 904, 846, 135, 34, 680, 392, 307, 940, 200, 797, 585, 725, 465, 601, 90, 977, 738, 616, 895, 821, 162, 354, 829, 477, 211, 35, 828, 270, 883, 618, 143, 470, 250, 145, 235, 24, 659, 925, 982, 0]], [[0, 897, 13, 244, 627, 566, 153, 110, 686, 876, 976, 387, 85, 136, 902, 538, 431, 698, 414, 232, 198, 316, 992, 181, 578, 599, 166, 575, 972, 55, 554, 602, 518, 54, 191, 679, 363, 626, 936, 694, 450, 325, 230, 684, 111, 94, 451, 0]]]","[[[0, 660, 473, 401, 997, 0], [0, 323, 224, 0], [0, 966, 73, 0], [0, 187, 134, 342, 0], [0, 648, 0]], [[0, 778, 336, 0], [0, 924, 863, 372, 0], [0, 586, 715, 706, 0], [0, 796, 123, 901, 443, 0], [0, 929, 605, 0]], [[0, 174, 0], [0, 552, 361, 0], [0, 763, 0], [0, 900, 0], [0, 481, 287, 567, 572, 0], [0, 677, 0]], [[0, 295, 0], [0, 469, 746, 0], [0, 411, 838, 0], [0, 382, 366, 892, 0], [0, 622, 785, 0], [0, 379, 516, 0], [0, 569, 0]], [[0, 82, 495, 889, 487, 0], [0, 984, 283, 565, 0], [0, 742, 386, 893, 445, 0], [0, 836, 515, 0]], [[0, 160, 520, 861, 0], [0, 52, 276, 407, 413, 0], [0, 558, 175, 0], [0, 315, 740, 268, 0], [0, 788, 0]], [[0, 911, 464, 869, 0], [0, 478, 474, 247, 0], [0, 41, 0], [0, 527, 47, 726, 0], [0, 15, 786, 917, 0]], [[0, 461, 593, 0], [0, 454, 826, 388, 0], [0, 771, 26, 0], [0, 51, 220, 390, 0], [0, 523, 393, 397, 0], [0, 77, 0], [0, 570, 0]], [[0, 385, 408, 0], [0, 517, 723, 986, 718, 987, 0], [0, 259, 731, 335, 0], [0, 365, 998, 707, 0]], [[0, 185, 271, 291, 0], [0, 182, 310, 281, 757, 0], [0, 571, 349, 0], [0, 486, 284, 458, 0], [0, 409, 18, 0], [0, 675, 0]], [[0, 81, 945, 655, 0], [0, 293, 890, 265, 854, 0], [0, 868, 633, 0], [0, 790, 394, 46, 0]], [[0, 990, 644, 429, 0], [0, 306, 482, 97, 3, 0], [0, 65, 921, 632, 0], [0, 40, 0], [0, 497, 673, 0], [0, 820, 376, 0], [0, 329, 0]], [[0, 848, 398, 352, 0], [0, 928, 983, 0], [0, 564, 553, 484, 59, 0], [0, 532, 6, 896, 301, 0]], [[0, 32, 642, 741, 0], [0, 716, 420, 122, 0], [0, 459, 14, 685, 521, 0], [0, 50, 67, 0]], [[0, 79, 808, 0], [0, 531, 196, 555, 242, 113, 0], [0, 849, 752, 907, 258, 653, 0]]]","[1816.4374959137901, 1818.4414665484233, 1817.384643263048, 1818.4962604560442, 1817.527557467668, 1818.277837376987, 1809.696185371463, 1818.4714151492926, 1818.2227765034552, 1814.800492206676, 1818.2471982073266, 1816.8806871290649, 1817.3068214049263, 1816.715415338245, 1816.6809627543885]","[1803.3326619124498, 1784.016942758449, 1805.7459030568502, 1806.625337066435, 1808.1505040687075, 1807.10771307272, 1782.9673113606073, 1806.5779438584334, 1812.9967805168449, 1813.4347379584344, 1811.322575383129, 1805.0730135876854, 1813.9501760176804, 1768.5830185077282, 1815.3523944817812]",1400,2.27
1000.10.2,1000,15,15,endurance,high,high,3600,15.6464,700,31.2928,29.49102436,"[[[0, 379, 109, 925, 509, 24, 235, 112, 202, 656, 632, 169, 803, 352, 223, 347, 57, 190, 567, 48, 290, 935, 287, 556, 522, 337, 743, 890, 455, 266, 740, 268, 345, 816, 342, 545, 220, 120, 640, 792, 758, 308, 69, 426, 372, 747, 855, 212, 151, 589, 153, 627, 244, 897, 13, 353, 204, 161, 535, 68, 0]], [[0, 295, 45, 29, 835, 884, 453, 344, 534, 579, 690, 62, 878, 754, 844, 3, 786, 140, 773, 84, 256, 164, 193, 405, 988, 188, 568, 11, 639, 850, 261, 764, 242, 307, 940, 200, 797, 34, 680, 392, 585, 725, 465, 601, 90, 977, 354, 829, 477, 211, 35, 828, 270, 883, 618, 143, 470, 243, 858, 163, 516, 0]], [[0, 804, 343, 912, 692, 874, 677, 446, 514, 962, 399, 472, 730, 42, 711, 594, 823, 877, 116, 72, 955, 335, 839, 233, 159, 357, 755, 71, 493, 540, 701, 321, 248, 919, 587, 705, 960, 494, 991, 259, 769, 751, 519, 970, 192, 620, 209, 391, 30, 781, 179, 621, 852, 549, 824, 724, 712, 0]], [[0, 77, 368, 737, 489, 289, 657, 98, 695, 85, 445, 136, 387, 504, 118, 131, 319, 282, 5, 987, 298, 727, 576, 439, 986, 719, 658, 412, 467, 28, 745, 949, 78, 681, 226, 299, 380, 201, 327, 219, 780, 800, 651, 915, 905, 784, 941, 715, 269, 876, 976, 686, 586, 110, 566, 349, 785, 571, 0]], [[0, 771, 26, 763, 497, 515, 174, 593, 560, 246, 793, 457, 249, 311, 106, 225, 272, 822, 138, 4, 499, 184, 86, 383, 859, 984, 837, 462, 479, 505, 530, 508, 528, 73, 378, 584, 966, 236, 87, 410, 150, 389, 476, 736, 183, 838, 945, 881, 81, 856, 952, 526, 222, 218, 687, 985, 791, 525, 40, 189, 18, 133, 38, 615, 322, 0]], [[0, 631, 693, 348, 646, 533, 629, 815, 641, 96, 610, 101, 488, 819, 683, 292, 614, 734, 775, 59, 776, 205, 331, 253, 147, 866, 105, 613, 888, 717, 19, 172, 873, 217, 340, 346, 880, 596, 825, 245, 573, 756, 53, 104, 430, 903, 709, 506, 1000, 946, 257, 664, 795, 559, 696, 400, 1, 0]], [[0, 397, 805, 722, 676, 678, 963, 728, 267, 959, 37, 103, 818, 280, 609, 862, 396, 537, 531, 350, 906, 186, 432, 441, 729, 807, 61, 904, 846, 135, 600, 330, 64, 483, 886, 251, 304, 643, 351, 2, 612, 297, 416, 132, 799, 469, 23, 485, 536, 17, 362, 834, 66, 0]], [[0, 43, 158, 431, 698, 538, 902, 831, 670, 203, 845, 953, 667, 954, 718, 424, 278, 367, 853, 543, 857, 318, 309, 510, 221, 623, 814, 812, 501, 733, 320, 63, 7, 562, 21, 598, 735, 947, 957, 496, 114, 56, 650, 428, 473, 475, 979, 999, 714, 674, 851, 944, 577, 703, 542, 312, 0]], [[0, 550, 638, 971, 171, 923, 939, 726, 708, 742, 296, 277, 546, 682, 544, 288, 36, 491, 777, 373, 810, 625, 732, 440, 58, 165, 99, 359, 591, 182, 710, 867, 830, 305, 401, 965, 511, 813, 887, 360, 744, 334, 371, 22, 252, 434, 772, 871, 672, 512, 16, 198, 395, 92, 0]], [[0, 50, 384, 865, 541, 636, 561, 605, 240, 291, 10, 273, 448, 89, 943, 908, 44, 148, 691, 146, 274, 927, 468, 263, 341, 254, 374, 980, 765, 75, 721, 662, 404, 435, 262, 624, 827, 689, 375, 381, 39, 811, 127, 616, 895, 768, 699, 239, 572, 460, 994, 250, 145, 523, 178, 0]], [[0, 208, 419, 224, 602, 518, 554, 55, 454, 697, 802, 115, 8, 418, 294, 364, 665, 864, 32, 413, 767, 900, 154, 20, 264, 840, 124, 328, 324, 356, 170, 817, 922, 255, 442, 300, 447, 355, 789, 942, 33, 607, 363, 936, 694, 450, 325, 230, 820, 978, 0]], [[0, 872, 155, 358, 770, 452, 603, 967, 507, 809, 173, 558, 606, 134, 547, 932, 175, 604, 628, 787, 806, 302, 216, 774, 326, 176, 981, 753, 782, 910, 76, 649, 142, 663, 958, 926, 582, 238, 121, 237, 0]], [[0, 898, 152, 619, 303, 314, 144, 860, 31, 478, 449, 427, 286, 597, 197, 260, 668, 281, 332, 934, 951, 433, 916, 783, 931, 748, 279, 841, 654, 199, 70, 117, 956, 937, 167, 685, 581, 180, 720, 438, 590, 227, 333, 563, 669, 207, 551, 788, 648, 0]], [[0, 983, 377, 95, 661, 369, 25, 241, 402, 666, 961, 704, 779, 513, 617, 119, 213, 423, 899, 907, 425, 645, 892, 382, 108, 471, 968, 206, 214, 894, 759, 231, 671, 12, 749, 420, 126, 918, 588, 215, 630, 394, 46, 234, 177, 141, 107, 684, 111, 361, 94, 451, 0]], [[0, 229, 422, 920, 130, 539, 160, 54, 191, 973, 739, 421, 909, 870, 832, 595, 762, 83, 27, 100, 879, 995, 168, 492, 557, 210, 580, 964, 502, 592, 611, 444, 74, 635, 794, 415, 948, 761, 996, 713, 388, 808, 276, 411, 80, 972, 575, 166, 181, 992, 316, 0]]]","[[[0, 861, 532, 0], [0, 520, 707, 376, 0], [0, 869, 464, 0], [0, 137, 969, 0], [0, 901, 429, 0], [0, 458, 842, 0]], [[0, 933, 365, 0], [0, 599, 993, 0], [0, 527, 228, 60, 317, 0], [0, 974, 836, 0], [0, 524, 552, 0]], [[0, 283, 875, 565, 0], [0, 285, 406, 459, 0], [0, 911, 702, 123, 796, 0], [0, 913, 854, 398, 481, 0]], [[0, 102, 997, 47, 0], [0, 608, 128, 52, 0], [0, 517, 480, 265, 921, 0], [0, 622, 700, 833, 0], [0, 443, 548, 0]], [[0, 313, 0], [0, 122, 417, 653, 896, 0], [0, 914, 642, 339, 407, 0], [0, 928, 679, 0]], [[0, 49, 129, 0], [0, 578, 0], [0, 461, 14, 247, 660, 0], [0, 757, 125, 310, 574, 0], [0, 778, 652, 0]], [[0, 673, 0], [0, 760, 366, 998, 0], [0, 889, 487, 868, 0], [0, 848, 385, 917, 0], [0, 88, 0]], [[0, 990, 644, 466, 0], [0, 162, 821, 0], [0, 989, 93, 0], [0, 564, 555, 456, 0], [0, 41, 0], [0, 329, 0]], [[0, 500, 390, 51, 336, 0], [0, 766, 885, 196, 484, 553, 0], [0, 437, 79, 521, 655, 0], [0, 67, 706, 982, 0]], [[0, 634, 891, 731, 301, 0], [0, 82, 975, 0], [0, 790, 503, 716, 626, 0], [0, 930, 393, 0]], [[0, 750, 436, 637, 0], [0, 849, 752, 495, 0], [0, 801, 187, 723, 924, 0], [0, 403, 0]], [[0, 284, 323, 486, 0], [0, 275, 258, 0], [0, 6, 338, 194, 149, 0], [0, 882, 929, 746, 0], [0, 157, 0]], [[0, 185, 293, 271, 0], [0, 414, 156, 893, 647, 0], [0, 139, 529, 474, 490, 0], [0, 847, 65, 0]], [[0, 798, 386, 498, 863, 315, 0], [0, 938, 659, 0], [0, 91, 0], [0, 569, 0], [0, 741, 195, 633, 826, 0], [0, 232, 0]], [[0, 950, 0], [0, 370, 409, 0], [0, 688, 482, 738, 97, 113, 9, 0], [0, 408, 306, 15, 843, 0], [0, 583, 0], [0, 463, 0], [0, 675, 0], [0, 570, 0]]]","[1767.6605484135066, 1769.4614613702056, 1768.2710278743443, 1765.1846734046965, 1758.4091267086417, 1757.6467380821734, 1764.7763207895316, 1769.2222548807074, 1752.5765858415898, 1769.3387936970887, 1766.2538709400965, 1766.6039435446296, 1769.3211944313177, 1769.0737852239356, 1769.2980162167694]","[1765.2397483509571, 1730.841371804278, 1729.7727144635248, 1731.6277731073271, 1764.7833892707743, 1762.0085411176315, 1744.6097117505576, 1725.3297931969212, 1755.4821598878211, 1767.4254195855685, 1759.4229840278467, 1756.616101152028, 1754.622066712651, 1735.1019486095747, 1746.6878403180733]",1400,2.27
1000.10.3,1000,15,15,endurance,high,high,3600,15.6464,700,31.2928,29.90448229,"[[[0, 765, 759, 594, 698, 14, 822, 4, 491, 518, 353, 711, 78, 556, 534, 95, 660, 575, 657, 265, 101, 640, 667, 984, 275, 453, 804, 62, 496, 191, 907, 123, 117, 290, 899, 701, 632, 143, 547, 121, 968, 350, 480, 983, 726, 88, 223, 659, 683, 320, 0]], [[0, 419, 5, 955, 362, 546, 44, 462, 282, 751, 533, 27, 416, 883, 611, 379, 830, 296, 83, 221, 258, 339, 688, 582, 610, 606, 426, 456, 208, 396, 589, 828, 913, 920, 71, 403, 166, 271, 763, 825, 890, 697, 902, 1, 856, 938, 572, 863, 174, 190, 20, 0]], [[0, 285, 852, 869, 53, 49, 734, 188, 466, 879, 418, 213, 887, 508, 542, 441, 72, 497, 215, 865, 781, 897, 585, 477, 138, 450, 815, 145, 691, 86, 111, 972, 744, 696, 498, 989, 816, 646, 443, 409, 558, 18, 305, 971, 561, 386, 633, 0]], [[0, 727, 642, 939, 382, 801, 652, 564, 673, 316, 171, 940, 900, 346, 654, 130, 944, 176, 523, 210, 375, 376, 134, 446, 576, 916, 397, 242, 401, 737, 539, 141, 100, 404, 730, 332, 620, 923, 837, 172, 786, 993, 444, 421, 406, 367, 193, 293, 740, 299, 485, 239, 805, 908, 92, 146, 99, 345, 965, 0]], [[0, 748, 934, 997, 435, 501, 716, 252, 182, 273, 718, 327, 800, 132, 325, 461, 31, 181, 51, 186, 313, 219, 137, 571, 33, 935, 757, 587, 262, 47, 322, 98, 528, 22, 919, 276, 874, 614, 449, 58, 849, 994, 21, 841, 192, 679, 643, 474, 970, 179, 343, 953, 566, 928, 122, 787, 0]], [[0, 735, 819, 15, 24, 548, 157, 861, 814, 366, 517, 719, 7, 147, 910, 818, 867, 995, 712, 153, 420, 152, 511, 54, 250, 169, 136, 909, 358, 637, 196, 348, 284, 408, 87, 996, 550, 974, 469, 471, 245, 2, 454, 37, 173, 0]], [[0, 952, 936, 185, 524, 521, 799, 917, 13, 713, 685, 228, 705, 973, 835, 577, 294, 729, 933, 405, 848, 833, 330, 161, 782, 891, 301, 85, 317, 394, 551, 144, 57, 255, 202, 889, 963, 823, 626, 846, 860, 230, 834, 578, 951, 347, 135, 104, 105, 56, 391, 365, 0]], [[0, 125, 259, 545, 741, 237, 668, 494, 459, 464, 106, 866, 854, 616, 522, 384, 769, 178, 999, 678, 670, 588, 291, 584, 329, 788, 89, 756, 355, 513, 976, 425, 436, 442, 806, 776, 131, 306, 139, 349, 389, 981, 34, 704, 613, 647, 32, 209, 714, 487, 554, 201, 880, 79, 661, 858, 373, 838, 754, 460, 515, 631, 649, 893, 272, 552, 415, 607, 189, 0]], [[0, 455, 836, 303, 896, 479, 630, 370, 268, 516, 216, 164, 451, 656, 694, 591, 103, 502, 93, 63, 234, 598, 42, 16, 824, 30, 840, 217, 380, 795, 723, 493, 238, 675, 328, 112, 912, 847, 361, 331, 658, 314, 604, 625, 958, 0]], [[0, 645, 50, 159, 793, 596, 302, 240, 307, 198, 73, 567, 797, 894, 344, 39, 377, 427, 249, 605, 423, 488, 371, 709, 243, 682, 429, 304, 702, 279, 745, 10, 663, 175, 529, 352, 562, 399, 811, 568, 886, 693, 119, 862, 308, 991, 247, 525, 286, 821, 25, 203, 110, 457, 150, 385, 0]], [[0, 413, 872, 263, 484, 162, 315, 109, 292, 432, 648, 792, 563, 363, 930, 692, 634, 434, 233, 961, 473, 959, 378, 664, 388, 29, 544, 595, 229, 167, 81, 677, 809, 644, 859, 876, 205, 381, 715, 738, 194, 882, 452, 783, 269, 977, 808, 665, 283, 0]], [[0, 531, 368, 486, 448, 988, 871, 775, 592, 129, 261, 310, 280, 950, 398, 80, 224, 326, 3, 747, 590, 895, 785, 831, 120, 553, 820, 414, 96, 717, 770, 61, 827, 853, 270, 505, 402, 212, 84, 504, 779, 979, 495, 254, 581, 750, 519, 942, 906, 569, 586, 118, 753, 946, 771, 165, 695, 609, 851, 257, 289, 0]], [[0, 888, 369, 510, 133, 94, 45, 142, 926, 264, 59, 574, 244, 410, 490, 1000, 235, 559, 810, 767, 298, 535, 489, 549, 766, 638, 126, 226, 960, 295, 608, 746, 35, 672, 68, 357, 639, 764, 530, 227, 956, 662, 214, 982, 884, 651, 817, 813, 500, 543, 875, 911, 975, 0]], [[0, 537, 629, 206, 680, 19, 628, 36, 623, 520, 364, 393, 985, 739, 699, 845, 778, 742, 266, 687, 55, 948, 733, 351, 843, 26, 12, 337, 246, 482, 565, 603, 499, 154, 309, 113, 356, 140, 674, 777, 155, 114, 52, 538, 915, 761, 621, 992, 686, 260, 274, 180, 526, 945, 684, 66, 850, 207, 422, 0]], [[0, 184, 41, 102, 430, 532, 506, 986, 467, 8, 627, 412, 199, 507, 168, 509, 794, 163, 768, 183, 635, 438, 724, 160, 395, 873, 593, 597, 281, 557, 898, 725, 918, 60, 77, 924, 803, 447, 65, 156, 943, 812, 195, 885, 115, 470, 374, 583, 177, 220, 492, 826, 127, 222, 170, 17, 966, 43, 70, 0]]]","[[[0, 251, 967, 618, 0], [0, 870, 424, 857, 780, 0], [0, 842, 75, 0], [0, 957, 512, 428, 689, 0]], [[0, 225, 0], [0, 90, 601, 0], [0, 341, 540, 333, 0], [0, 892, 617, 790, 990, 0]], [[0, 728, 321, 0], [0, 881, 925, 354, 0], [0, 431, 91, 0], [0, 128, 458, 681, 0], [0, 570, 755, 0], [0, 48, 653, 0]], [[0, 877, 921, 0], [0, 690, 949, 0], [0, 253, 987, 465, 612, 64, 998, 0], [0, 463, 323, 372, 0]], [[0, 124, 148, 0], [0, 383, 11, 937, 0], [0, 417, 319, 706, 0], [0, 619, 392, 929, 0]], [[0, 927, 784, 931, 0], [0, 335, 901, 0], [0, 437, 40, 0], [0, 288, 773, 387, 400, 0], [0, 287, 541, 947, 624, 0], [0, 774, 69, 0]], [[0, 536, 231, 200, 0], [0, 904, 602, 342, 241, 736, 0], [0, 340, 476, 0], [0, 878, 941, 67, 0], [0, 324, 0]], [[0, 312, 0], [0, 267, 151, 655, 0], [0, 445, 46, 710, 0], [0, 256, 481, 334, 789, 807, 158, 0], [0, 798, 760, 707, 600, 0], [0, 622, 669, 0], [0, 720, 218, 0]], [[0, 580, 483, 762, 197, 0], [0, 802, 914, 758, 97, 0], [0, 82, 749, 615, 0], [0, 232, 0], [0, 964, 721, 0]], [[0, 932, 722, 0], [0, 732, 772, 0], [0, 703, 839, 0], [0, 903, 527, 641, 74, 700, 555, 0], [0, 116, 954, 149, 0]], [[0, 433, 440, 204, 439, 0], [0, 300, 573, 666, 752, 969, 0], [0, 514, 650, 0], [0, 599, 0]], [[0, 108, 6, 338, 0], [0, 76, 636, 844, 0], [0, 187, 38, 796, 360, 0], [0, 107, 743, 277, 0]], [[0, 731, 829, 855, 864, 0], [0, 503, 0], [0, 978, 708, 922, 560, 962, 676, 0], [0, 297, 832, 407, 0]], [[0, 390, 980, 0], [0, 311, 278, 211, 0], [0, 359, 478, 411, 0], [0, 318, 905, 28, 0]], [[0, 468, 23, 0], [0, 579, 9, 671, 0], [0, 475, 248, 868, 236, 0], [0, 791, 336, 0], [0, 472, 0]]]","[1793.4714485242039, 1793.8598778782903, 1791.4908853297516, 1793.6378818401736, 1793.1053993509834, 1794.2689375434666, 1792.4800741007411, 1791.2746053839364, 1793.3447658331872, 1790.3565277032512, 1791.2908259294577, 1793.9753841915272, 1782.0769897432742, 1793.514848586388, 1792.8090068226804]","[1790.7787700125787, 1788.0293077200229, 1789.3768532613294, 1783.9214775536966, 1793.1947763205276, 1793.1077123138855, 1770.838660401891, 1744.6351205057863, 1792.7873446836331, 1781.8121288829068, 1773.9885219489474, 1782.2397283948771, 1774.8257658642208, 1792.6787304672898, 1786.5247343720102]",1400,2.27
1000.10.3,1000,15,15,endurance,high,high,3600,15.6464,700,31.2928,29.76548622,"[[[0, 207, 850, 66, 931, 734, 188, 114, 52, 466, 879, 418, 920, 913, 610, 426, 456, 208, 972, 111, 396, 86, 691, 145, 815, 477, 585, 781, 865, 215, 897, 138, 450, 38, 187, 508, 887, 71, 166, 763, 825, 890, 761, 915, 621, 938, 572, 174, 190, 0]], [[0, 653, 642, 939, 267, 707, 826, 492, 870, 177, 583, 374, 115, 885, 943, 156, 195, 654, 346, 130, 944, 176, 523, 210, 375, 376, 924, 288, 134, 446, 576, 916, 397, 242, 730, 404, 332, 620, 923, 837, 172, 421, 719, 517, 641, 367, 193, 366, 903, 814, 157, 805, 908, 92, 99, 760, 0]], [[0, 958, 415, 552, 272, 649, 515, 460, 754, 658, 753, 118, 586, 97, 522, 384, 769, 178, 999, 678, 80, 326, 236, 990, 120, 831, 785, 590, 895, 747, 3, 650, 636, 128, 468, 148, 950, 280, 310, 261, 129, 214, 982, 884, 651, 644, 871, 809, 677, 106, 503, 229, 167, 9, 237, 741, 545, 289, 0]], [[0, 125, 531, 368, 579, 494, 459, 486, 448, 988, 817, 813, 205, 876, 859, 381, 681, 11, 960, 295, 746, 844, 956, 227, 530, 764, 639, 357, 68, 35, 247, 991, 119, 308, 766, 489, 549, 298, 535, 638, 126, 525, 286, 25, 715, 110, 150, 159, 580, 645, 385, 0]], [[0, 419, 852, 53, 49, 482, 246, 565, 603, 499, 154, 309, 777, 113, 356, 674, 140, 688, 339, 666, 883, 282, 44, 462, 751, 27, 416, 611, 379, 830, 296, 83, 221, 258, 744, 64, 696, 498, 989, 816, 533, 646, 443, 26, 409, 12, 546, 558, 36, 46, 921, 206, 305, 971, 561, 386, 629, 633, 537, 720, 0]], [[0, 975, 911, 875, 500, 457, 203, 738, 307, 198, 73, 567, 797, 894, 344, 39, 427, 249, 605, 423, 488, 371, 709, 568, 886, 811, 399, 562, 907, 123, 117, 191, 62, 496, 175, 529, 352, 333, 682, 243, 429, 304, 377, 341, 810, 559, 235, 767, 762, 240, 194, 882, 302, 439, 596, 793, 683, 320, 0]], [[0, 570, 365, 391, 336, 56, 105, 104, 135, 90, 347, 951, 182, 392, 841, 601, 327, 718, 800, 132, 325, 461, 181, 31, 359, 51, 137, 219, 313, 186, 202, 255, 57, 372, 848, 973, 705, 228, 685, 713, 287, 917, 799, 618, 521, 772, 524, 37, 69, 173, 0]], [[0, 839, 901, 321, 728, 200, 578, 834, 230, 860, 846, 626, 889, 823, 963, 481, 974, 550, 996, 87, 284, 348, 196, 637, 358, 909, 136, 169, 250, 54, 511, 152, 420, 555, 712, 153, 408, 394, 551, 144, 469, 471, 13, 245, 2, 454, 297, 185, 936, 952, 0]], [[0, 324, 665, 808, 269, 783, 452, 88, 483, 440, 726, 1000, 983, 480, 350, 855, 968, 121, 547, 143, 701, 899, 632, 702, 864, 745, 279, 10, 663, 290, 453, 804, 275, 984, 540, 667, 95, 660, 575, 657, 265, 101, 640, 925, 490, 410, 244, 574, 59, 264, 926, 45, 94, 566, 122, 312, 0]], [[0, 413, 872, 455, 162, 836, 303, 896, 664, 473, 201, 554, 487, 714, 209, 32, 647, 42, 16, 824, 30, 840, 217, 380, 795, 723, 493, 212, 402, 505, 270, 770, 853, 61, 827, 414, 820, 553, 96, 914, 670, 616, 854, 842, 866, 81, 668, 0]], [[0, 484, 315, 292, 432, 648, 792, 563, 363, 930, 479, 630, 370, 268, 961, 922, 451, 656, 694, 591, 103, 502, 598, 93, 234, 63, 233, 216, 164, 516, 434, 962, 845, 778, 742, 266, 687, 55, 948, 733, 351, 699, 739, 985, 843, 393, 364, 692, 980, 520, 623, 628, 19, 680, 877, 472, 0]], [[0, 765, 759, 369, 510, 133, 594, 698, 14, 822, 4, 491, 518, 614, 711, 78, 556, 534, 874, 276, 919, 22, 528, 449, 58, 98, 340, 476, 571, 478, 33, 935, 757, 587, 262, 47, 322, 849, 994, 21, 679, 192, 643, 474, 967, 732, 619, 252, 716, 501, 435, 536, 970, 343, 997, 934, 721, 748, 787, 0]], [[0, 965, 170, 222, 127, 220, 382, 801, 564, 673, 316, 900, 171, 940, 949, 401, 100, 141, 737, 539, 299, 485, 740, 293, 736, 318, 444, 993, 786, 7, 147, 910, 818, 867, 995, 782, 891, 301, 161, 85, 317, 330, 833, 405, 729, 294, 577, 835, 548, 24, 15, 966, 735, 0]], [[0, 625, 851, 609, 695, 165, 689, 906, 519, 588, 291, 584, 329, 788, 750, 254, 581, 717, 495, 979, 779, 238, 139, 349, 306, 389, 704, 34, 880, 79, 858, 442, 806, 776, 328, 112, 912, 976, 436, 425, 355, 756, 892, 847, 361, 331, 544, 595, 314, 604, 607, 189, 0]], [[0, 422, 684, 945, 784, 526, 274, 260, 686, 856, 1, 902, 697, 82, 412, 199, 507, 168, 509, 794, 163, 183, 635, 438, 724, 160, 395, 873, 768, 542, 441, 497, 72, 593, 597, 281, 557, 898, 725, 918, 60, 77, 803, 400, 447, 65, 8, 627, 467, 986, 506, 532, 430, 102, 41, 184, 727, 0]]]","[[[0, 927, 743, 470, 0], [0, 428, 617, 248, 790, 758, 0], [0, 465, 582, 796, 360, 0], [0, 338, 599, 0]], [[0, 353, 411, 273, 0], [0, 225, 0], [0, 987, 213, 155, 0], [0, 204, 829, 881, 197, 731, 0]], [[0, 662, 0], [0, 615, 812, 431, 0], [0, 957, 131, 675, 84, 504, 512, 0], [0, 335, 953, 0]], [[0, 218, 285, 257, 0], [0, 437, 40, 0], [0, 869, 992, 655, 0], [0, 158, 406, 342, 241, 602, 861, 0], [0, 802, 978, 706, 0]], [[0, 6, 863, 0], [0, 672, 608, 0], [0, 624, 933, 700, 74, 807, 541, 0], [0, 151, 28, 239, 0]], [[0, 964, 43, 0], [0, 142, 433, 977, 0], [0, 780, 424, 947, 0], [0, 791, 659, 0], [0, 722, 300, 634, 0], [0, 669, 390, 0]], [[0, 445, 5, 0], [0, 388, 29, 0], [0, 18, 612, 998, 573, 710, 0], [0, 311, 278, 514, 0], [0, 146, 832, 0]], [[0, 48, 20, 0], [0, 354, 251, 929, 0], [0, 70, 0], [0, 652, 345, 0], [0, 108, 149, 752, 954, 0], [0, 277, 232, 0], [0, 941, 50, 0]], [[0, 283, 755, 0], [0, 179, 231, 463, 407, 0], [0, 263, 259, 0], [0, 937, 693, 862, 226, 0], [0, 253, 932, 362, 337, 969, 0]], [[0, 955, 0], [0, 109, 671, 893, 0], [0, 622, 0], [0, 631, 821, 383, 458, 0], [0, 464, 0], [0, 708, 378, 0]], [[0, 819, 0], [0, 475, 373, 319, 0], [0, 600, 256, 334, 789, 323, 0], [0, 543, 0], [0, 180, 0]], [[0, 775, 0], [0, 107, 749, 773, 387, 0], [0, 942, 23, 224, 211, 0], [0, 67, 928, 0], [0, 703, 0]], [[0, 838, 676, 981, 613, 513, 0], [0, 527, 905, 857, 904, 690, 0], [0, 116, 403, 538, 0], [0, 91, 0]], [[0, 89, 868, 592, 0], [0, 771, 124, 569, 946, 0], [0, 798, 17, 0], [0, 828, 589, 606, 271, 0]], [[0, 878, 223, 888, 0], [0, 76, 398, 0], [0, 417, 560, 661, 959, 0], [0, 75, 0], [0, 774, 0]]]","[1780.681512976569, 1782.5579213822807, 1782.2028158337614, 1782.9851548445063, 1785.7387258197164, 1784.1524555334015, 1784.2672161086857, 1783.95182632357, 1784.5702050353536, 1785.9029724918908, 1785.9291732248255, 1785.7974135078755, 1778.9127668084593, 1785.7474463765675, 1785.8580097093843]","[1780.8848236293522, 1764.023212340031, 1710.871309567608, 1769.1074063173478, 1783.0508152195312, 1783.3976751034322, 1782.8188261250732, 1776.2870575411755, 1761.895551372044, 1771.755463234897, 1781.6286086764303, 1775.1969112105255, 1771.3329736765106, 1782.442890242593, 1782.7772295449026]",1400,2.27
1000.10.3,1000,15,15,endurance,high,high,3600,15.6464,700,31.2928,29.13837273,"[[[0, 263, 484, 315, 292, 432, 648, 792, 563, 363, 930, 479, 630, 370, 268, 516, 164, 216, 451, 656, 694, 591, 103, 502, 598, 93, 234, 63, 434, 962, 845, 778, 742, 266, 687, 55, 948, 733, 351, 699, 739, 985, 843, 393, 364, 692, 980, 520, 628, 19, 680, 472, 0]], [[0, 939, 267, 826, 492, 220, 382, 801, 652, 564, 673, 316, 900, 940, 171, 100, 141, 737, 539, 299, 485, 318, 736, 905, 620, 332, 404, 730, 397, 916, 576, 446, 242, 401, 949, 523, 176, 210, 375, 134, 376, 944, 130, 346, 654, 195, 156, 943, 812, 885, 115, 374, 583, 430, 177, 102, 41, 0]], [[0, 545, 229, 658, 753, 118, 586, 522, 384, 670, 588, 291, 584, 329, 750, 581, 254, 788, 89, 756, 355, 425, 436, 442, 806, 776, 131, 389, 306, 238, 139, 349, 613, 647, 32, 209, 714, 487, 554, 201, 959, 378, 664, 388, 896, 29, 303, 836, 162, 872, 669, 413, 0]], [[0, 494, 81, 464, 677, 809, 871, 651, 884, 982, 956, 227, 530, 764, 639, 357, 68, 672, 35, 746, 608, 295, 960, 525, 286, 126, 638, 247, 991, 119, 308, 766, 549, 489, 535, 298, 567, 73, 198, 307, 738, 715, 203, 110, 457, 500, 543, 878, 875, 911, 975, 0]], [[0, 320, 683, 793, 596, 783, 452, 88, 726, 235, 559, 810, 341, 855, 702, 279, 745, 10, 663, 175, 529, 352, 568, 886, 811, 399, 562, 907, 123, 117, 191, 496, 62, 804, 453, 290, 275, 899, 701, 632, 143, 547, 350, 480, 983, 1000, 204, 440, 483, 937, 269, 808, 665, 324, 0]], [[0, 66, 684, 945, 784, 526, 274, 260, 572, 856, 1, 902, 697, 82, 412, 199, 507, 168, 509, 794, 163, 183, 635, 438, 724, 160, 395, 873, 796, 593, 597, 360, 281, 557, 898, 725, 918, 387, 60, 77, 924, 803, 400, 65, 8, 627, 467, 986, 506, 532, 107, 743, 116, 863, 655, 91, 20, 0]], [[0, 765, 759, 510, 94, 142, 926, 977, 264, 59, 574, 244, 410, 490, 657, 265, 575, 78, 556, 534, 95, 667, 101, 925, 640, 968, 121, 304, 429, 682, 243, 709, 371, 488, 423, 605, 249, 427, 377, 39, 344, 894, 797, 767, 197, 240, 194, 882, 791, 150, 755, 941, 645, 385, 0]], [[0, 257, 851, 609, 695, 314, 165, 167, 503, 866, 842, 854, 261, 310, 280, 950, 398, 80, 178, 999, 678, 868, 990, 120, 820, 553, 831, 785, 590, 895, 747, 3, 278, 650, 224, 468, 128, 636, 662, 214, 129, 592, 775, 644, 859, 876, 381, 205, 813, 817, 988, 448, 486, 368, 531, 125, 0]], [[0, 445, 852, 869, 53, 49, 482, 246, 565, 603, 154, 309, 113, 356, 140, 582, 610, 426, 456, 208, 396, 111, 86, 691, 145, 815, 450, 138, 477, 585, 897, 781, 865, 215, 497, 72, 441, 542, 768, 71, 403, 166, 825, 890, 763, 752, 761, 915, 621, 969, 686, 180, 174, 190, 727, 0]], [[0, 625, 604, 595, 544, 331, 361, 847, 976, 912, 112, 328, 779, 979, 495, 717, 770, 61, 827, 853, 270, 505, 402, 212, 493, 723, 795, 380, 217, 840, 30, 824, 16, 42, 704, 34, 880, 79, 661, 858, 373, 754, 460, 515, 649, 272, 552, 607, 189, 0]], [[0, 173, 37, 524, 521, 454, 2, 713, 471, 469, 323, 57, 255, 789, 87, 996, 550, 974, 334, 481, 963, 823, 889, 202, 626, 846, 186, 313, 219, 51, 137, 571, 478, 181, 31, 461, 325, 718, 273, 182, 951, 347, 231, 135, 104, 105, 56, 703, 0]], [[0, 207, 850, 931, 734, 188, 52, 114, 466, 418, 213, 887, 508, 913, 920, 879, 674, 777, 499, 883, 611, 379, 830, 296, 83, 221, 258, 64, 696, 498, 989, 816, 646, 533, 27, 416, 282, 751, 462, 44, 409, 12, 546, 362, 955, 5, 206, 305, 971, 386, 561, 633, 419, 0]], [[0, 952, 964, 69, 185, 832, 407, 24, 835, 973, 933, 848, 317, 85, 153, 712, 555, 420, 152, 511, 54, 250, 169, 136, 909, 358, 637, 196, 348, 284, 408, 394, 551, 144, 807, 372, 947, 705, 228, 685, 13, 287, 245, 917, 799, 463, 834, 578, 200, 728, 321, 336, 391, 365, 839, 0]], [[0, 965, 170, 222, 760, 345, 92, 908, 424, 239, 805, 157, 861, 814, 903, 366, 740, 293, 193, 367, 641, 517, 719, 421, 406, 444, 993, 786, 172, 923, 837, 342, 7, 147, 910, 818, 867, 995, 891, 782, 74, 700, 301, 161, 330, 833, 405, 729, 294, 577, 548, 40, 146, 99, 437, 17, 819, 966, 735, 70, 936, 0]], [[0, 748, 721, 934, 997, 179, 343, 970, 536, 435, 501, 90, 716, 252, 619, 732, 474, 643, 21, 679, 192, 841, 601, 411, 327, 132, 800, 33, 476, 935, 757, 587, 262, 47, 322, 98, 849, 994, 491, 4, 518, 58, 449, 528, 22, 919, 276, 874, 614, 354, 822, 14, 698, 594, 133, 369, 928, 566, 122, 312, 0]]]","[[[0, 558, 0], [0, 76, 23, 248, 428, 475, 0], [0, 981, 84, 504, 414, 617, 0], [0, 707, 774, 0]], [[0, 622, 877, 46, 0], [0, 297, 618, 0], [0, 857, 904, 690, 127, 0], [0, 311, 75, 0], [0, 335, 772, 0]], [[0, 230, 359, 340, 0], [0, 300, 612, 339, 666, 0], [0, 616, 769, 0], [0, 958, 455, 0]], [[0, 927, 431, 277, 232, 0], [0, 26, 0], [0, 892, 512, 513, 957, 675, 0], [0, 447, 773, 288, 749, 0], [0, 653, 0], [0, 289, 0]], [[0, 390, 708, 634, 631, 0], [0, 148, 211, 0], [0, 790, 914, 519, 0], [0, 184, 600, 108, 0], [0, 720, 218, 0]], [[0, 888, 953, 0], [0, 25, 11, 0], [0, 67, 302, 0], [0, 987, 606, 38, 271, 0], [0, 901, 0]], [[0, 256, 860, 541, 624, 158, 0], [0, 417, 233, 560, 922, 676, 0], [0, 929, 223, 731, 439, 0], [0, 225, 0]], [[0, 50, 283, 0], [0, 688, 828, 589, 187, 0], [0, 881, 984, 540, 660, 711, 353, 0], [0, 921, 0], [0, 415, 0]], [[0, 106, 0], [0, 802, 722, 0], [0, 762, 862, 226, 821, 433, 0], [0, 659, 45, 0], [0, 741, 48, 0]], [[0, 97, 689, 706, 0], [0, 43, 0], [0, 15, 28, 602, 241, 527, 151, 0], [0, 623, 18, 0], [0, 253, 992, 599, 0]], [[0, 149, 938, 954, 780, 0], [0, 470, 615, 870, 0], [0, 514, 326, 942, 0], [0, 580, 383, 458, 844, 681, 0]], [[0, 6, 538, 155, 0], [0, 96, 236, 0], [0, 124, 771, 9, 0], [0, 893, 671, 109, 0], [0, 570, 259, 0], [0, 787, 0]], [[0, 569, 319, 758, 906, 0], [0, 838, 961, 0], [0, 998, 744, 972, 465, 0], [0, 798, 642, 0]], [[0, 629, 0], [0, 946, 237, 0], [0, 829, 864, 333, 693, 0], [0, 967, 392, 251, 0], [0, 668, 0], [0, 537, 0]], [[0, 978, 473, 0], [0, 285, 459, 579, 0], [0, 932, 36, 0], [0, 337, 443, 573, 710, 0], [0, 159, 0], [0, 422, 338, 0]]]","[1747.226374457965, 1748.3023637361257, 1746.424271197714, 1748.0027798607541, 1741.3548954444984, 1748.1915069563972, 1727.1480954110502, 1744.7066492896936, 1748.2124425587601, 1746.3297716971713, 1748.0140356010224, 1747.2383708415084, 1746.2035149945827, 1748.1111606225243, 1748.0660180237435]","[1716.973079059826, 1747.060532628359, 1736.632003728686, 1734.5767677111062, 1747.8791492905796, 1733.0803585820813, 1718.382521336826, 1738.1389055334455, 1724.7729273281275, 1746.3775337418901, 1733.208439279933, 1745.7922172190308, 1719.760597194535, 1739.4992244313257, 1725.1333071385889]",1400,2.27
1000.10.4,1000,15,15,endurance,high,high,3600,15.6464,700,31.2928,29.92409074,"[[[0, 276, 799, 372, 637, 227, 386, 641, 909, 976, 230, 264, 955, 678, 44, 596, 804, 941, 358, 43, 869, 451, 41, 246, 377, 97, 449, 489, 84, 907, 62, 187, 692, 698, 969, 648, 416, 556, 426, 595, 957, 402, 76, 238, 721, 163, 474, 644, 0]], [[0, 250, 26, 822, 633, 519, 571, 138, 161, 625, 968, 795, 123, 189, 866, 526, 473, 139, 328, 630, 512, 144, 375, 911, 942, 317, 874, 587, 496, 81, 244, 472, 575, 515, 485, 90, 975, 550, 324, 882, 432, 891, 706, 348, 422, 381, 152, 145, 361, 738, 497, 290, 565, 676, 761, 368, 435, 258, 239, 55, 971, 0]], [[0, 839, 38, 198, 936, 504, 220, 309, 151, 999, 462, 898, 905, 383, 397, 444, 579, 292, 733, 932, 340, 855, 998, 412, 981, 597, 469, 523, 98, 13, 937, 116, 555, 352, 212, 979, 122, 208, 543, 470, 715, 572, 39, 789, 854, 567, 242, 510, 199, 341, 588, 613, 93, 327, 967, 453, 0]], [[0, 156, 912, 820, 737, 647, 7, 184, 56, 650, 440, 636, 205, 857, 781, 126, 862, 366, 618, 878, 847, 417, 600, 929, 357, 803, 951, 540, 299, 603, 643, 610, 831, 524, 638, 455, 302, 624, 47, 879, 261, 549, 763, 568, 617, 63, 834, 584, 142, 883, 5, 85, 830, 741, 740, 333, 0]], [[0, 70, 608, 651, 354, 4, 8, 223, 927, 686, 518, 960, 30, 858, 561, 135, 653, 778, 947, 818, 466, 32, 615, 700, 620, 681, 765, 411, 776, 665, 491, 934, 542, 110, 885, 183, 307, 409, 343, 413, 437, 817, 664, 320, 867, 339, 895, 800, 494, 870, 959, 448, 257, 508, 0]], [[0, 271, 243, 904, 192, 154, 552, 207, 124, 722, 392, 964, 447, 780, 128, 875, 266, 705, 505, 67, 635, 201, 545, 88, 607, 185, 167, 360, 403, 534, 532, 379, 452, 793, 355, 769, 844, 500, 865, 601, 569, 322, 12, 495, 384, 460, 718, 356, 428, 427, 478, 802, 0]], [[0, 1000, 279, 779, 454, 913, 815, 311, 9, 256, 785, 537, 374, 210, 31, 677, 498, 235, 120, 188, 146, 903, 843, 241, 353, 337, 801, 837, 275, 233, 917, 101, 259, 108, 486, 321, 219, 558, 747, 342, 792, 970, 204, 461, 835, 247, 363, 91, 728, 528, 499, 658, 856, 863, 522, 420, 945, 701, 226, 484, 0]], [[0, 77, 73, 758, 20, 68, 170, 203, 172, 398, 424, 783, 864, 195, 767, 619, 162, 165, 562, 541, 27, 263, 709, 770, 525, 196, 732, 683, 514, 29, 699, 423, 679, 121, 94, 391, 894, 935, 129, 685, 916, 430, 896, 530, 984, 450, 973, 671, 846, 168, 798, 477, 296, 191, 222, 480, 492, 37, 65, 910, 0]], [[0, 438, 669, 994, 511, 468, 52, 983, 17, 506, 213, 589, 137, 95, 712, 888, 433, 61, 280, 645, 547, 794, 756, 918, 92, 682, 23, 861, 634, 746, 574, 350, 764, 591, 40, 389, 127, 445, 404, 265, 771, 287, 849, 75, 215, 173, 180, 0]], [[0, 582, 922, 456, 816, 726, 160, 661, 563, 458, 950, 182, 649, 501, 696, 553, 772, 819, 824, 592, 312, 775, 790, 551, 78, 594, 380, 611, 900, 133, 954, 734, 475, 502, 406, 6, 66, 229, 105, 570, 873, 442, 267, 298, 209, 74, 306, 982, 593, 291, 326, 349, 130, 393, 21, 57, 716, 305, 923, 0]], [[0, 149, 319, 623, 289, 988, 99, 260, 940, 11, 713, 621, 829, 513, 546, 926, 503, 304, 395, 832, 42, 788, 554, 249, 656, 560, 323, 977, 675, 134, 33, 586, 702, 527, 539, 283, 155, 200, 364, 748, 810, 286, 902, 119, 987, 626, 107, 112, 463, 585, 0]], [[0, 217, 791, 739, 668, 629, 359, 842, 833, 786, 169, 164, 345, 914, 606, 2, 531, 590, 953, 175, 956, 673, 186, 720, 933, 464, 742, 314, 96, 564, 394, 60, 559, 684, 237, 181, 755, 388, 602, 193, 509, 194, 694, 768, 288, 285, 928, 457, 890, 516, 925, 113, 330, 245, 262, 966, 0]], [[0, 710, 538, 308, 103, 431, 483, 293, 708, 274, 87, 147, 906, 234, 749, 300, 851, 877, 346, 471, 331, 796, 313, 612, 487, 294, 723, 583, 784, 598, 884, 301, 759, 493, 687, 439, 482, 111, 232, 459, 892, 59, 367, 336, 399, 58, 252, 488, 814, 303, 657, 410, 662, 674, 0]], [[0, 744, 136, 667, 805, 666, 719, 688, 36, 535, 581, 996, 707, 872, 991, 868, 965, 318, 743, 405, 153, 992, 362, 429, 752, 415, 19, 401, 724, 825, 281, 646, 102, 961, 652, 827, 273, 118, 253, 809, 642, 659, 548, 400, 990, 762, 930, 132, 703, 811, 507, 425, 332, 140, 80, 231, 216, 0]], [[0, 766, 109, 689, 544, 886, 745, 924, 604, 125, 79, 16, 576, 269, 3, 729, 660, 536, 840, 557, 881, 45, 329, 211, 277, 370, 573, 18, 813, 295, 962, 272, 385, 268, 908, 106, 632, 467, 887, 695, 876, 72, 627, 946, 773, 972, 143, 852, 0]]]","[[[0, 408, 812, 850, 89, 0], [0, 131, 616, 989, 757, 821, 0], [0, 753, 86, 0], [0, 202, 533, 808, 371, 0], [0, 670, 0]], [[0, 434, 948, 166, 421, 83, 0], [0, 655, 315, 0], [0, 727, 351, 0], [0, 396, 14, 0], [0, 672, 334, 0]], [[0, 880, 782, 0], [0, 387, 938, 446, 974, 0], [0, 943, 0], [0, 631, 206, 0], [0, 225, 0], [0, 986, 0], [0, 848, 0]], [[0, 490, 517, 115, 0], [0, 807, 310, 919, 871, 0], [0, 71, 751, 0], [0, 171, 0]], [[0, 481, 148, 0], [0, 117, 889, 255, 0], [0, 382, 978, 51, 0], [0, 711, 419, 577, 347, 365, 0], [0, 609, 221, 0]], [[0, 760, 828, 0], [0, 476, 628, 0], [0, 248, 414, 0], [0, 823, 240, 0], [0, 479, 465, 64, 0], [0, 344, 980, 0]], [[0, 224, 335, 0], [0, 931, 750, 599, 717, 0], [0, 436, 15, 0], [0, 141, 407, 580, 0], [0, 997, 0], [0, 28, 24, 0]], [[0, 114, 0], [0, 190, 622, 82, 378, 958, 0], [0, 520, 521, 0], [0, 730, 150, 0], [0, 373, 46, 0]], [[0, 859, 179, 251, 0], [0, 860, 284, 836, 0], [0, 693, 325, 826, 0], [0, 197, 104, 159, 797, 0]], [[0, 34, 841, 663, 0], [0, 157, 944, 566, 297, 736, 0], [0, 614, 952, 899, 0], [0, 53, 901, 0]], [[0, 993, 0], [0, 774, 158, 316, 178, 714, 0], [0, 338, 578, 1, 0], [0, 725, 777, 893, 735, 0], [0, 270, 0]], [[0, 254, 640, 278, 654, 0], [0, 54, 441, 214, 697, 0], [0, 10, 228, 605, 853, 0]], [[0, 174, 949, 838, 754, 390, 282, 0], [0, 897, 49, 50, 0], [0, 915, 806, 25, 418, 0], [0, 691, 920, 0]], [[0, 35, 963, 176, 0], [0, 69, 690, 236, 376, 0], [0, 48, 369, 939, 0], [0, 995, 22, 0]], [[0, 704, 100, 680, 0], [0, 921, 218, 985, 731, 0], [0, 443, 177, 0], [0, 845, 529, 0], [0, 787, 0], [0, 639, 0]]]","[1795.3758231327618, 1795.4454444223984, 1793.924213955258, 1794.0904461322302, 1794.7594288183973, 1794.62211922556, 1794.4100645462227, 1791.8357022561713, 1794.3957284885107, 1792.322570577064, 1793.5530490912765, 1792.577278896921, 1790.5519813461424, 1794.808861403208, 1794.3454884407877]","[1790.0842544290138, 1762.0172900551172, 1761.79769576688, 1751.6195684328206, 1789.3208450822285, 1792.8043621367237, 1740.4966301632878, 1785.4780387889832, 1789.5622858575525, 1771.3620632608274, 1792.8188524994066, 1775.0490644841166, 1780.1422341794187, 1783.8525972840305, 1769.2217310337455]",1400,2.27
1000.10.4,1000,15,15,endurance,high,high,3600,15.6464,700,31.2928,29.09248001,"[[[0, 46, 148, 651, 393, 349, 593, 982, 74, 209, 776, 665, 491, 411, 765, 681, 620, 466, 614, 858, 30, 960, 22, 686, 518, 223, 771, 255, 853, 135, 653, 778, 315, 764, 71, 751, 40, 127, 389, 836, 648, 416, 445, 404, 556, 426, 595, 957, 402, 76, 169, 786, 833, 842, 629, 215, 739, 24, 1000, 0]], [[0, 670, 852, 971, 55, 80, 140, 425, 521, 443, 100, 530, 896, 436, 430, 916, 273, 827, 652, 961, 310, 253, 809, 642, 659, 400, 990, 762, 930, 15, 171, 369, 882, 550, 975, 396, 14, 485, 575, 515, 90, 324, 706, 348, 422, 690, 891, 432, 939, 132, 703, 811, 507, 697, 435, 368, 258, 239, 993, 0]], [[0, 966, 262, 330, 113, 925, 890, 516, 691, 300, 956, 673, 186, 720, 933, 464, 742, 314, 96, 564, 394, 60, 559, 684, 181, 755, 388, 471, 851, 877, 346, 331, 193, 297, 509, 194, 694, 768, 796, 928, 457, 612, 487, 814, 303, 657, 0]], [[0, 279, 674, 662, 410, 311, 256, 785, 252, 58, 399, 336, 59, 367, 583, 723, 294, 944, 784, 598, 301, 759, 493, 687, 439, 498, 235, 120, 188, 146, 903, 728, 499, 677, 111, 482, 232, 459, 736, 892, 31, 374, 210, 522, 915, 206, 766, 226, 248, 913, 454, 779, 0]], [[0, 910, 136, 667, 816, 726, 563, 458, 719, 688, 36, 535, 581, 423, 121, 679, 996, 699, 29, 514, 707, 872, 991, 868, 965, 318, 743, 405, 153, 992, 362, 429, 752, 415, 19, 401, 724, 919, 825, 871, 281, 646, 94, 391, 894, 935, 450, 973, 671, 846, 168, 798, 477, 296, 663, 666, 805, 963, 222, 480, 492, 37, 65, 0]], [[0, 710, 538, 308, 270, 274, 87, 906, 234, 749, 641, 909, 976, 175, 953, 230, 264, 955, 678, 44, 596, 804, 941, 358, 43, 869, 451, 41, 246, 377, 97, 449, 489, 84, 907, 62, 974, 347, 577, 590, 531, 2, 606, 227, 637, 147, 372, 293, 483, 431, 799, 609, 0]], [[0, 453, 967, 734, 900, 179, 5, 883, 142, 584, 834, 63, 554, 788, 42, 832, 549, 261, 879, 47, 763, 395, 568, 304, 503, 366, 862, 126, 781, 857, 618, 878, 847, 417, 803, 540, 357, 865, 601, 731, 569, 460, 384, 718, 356, 428, 808, 533, 502, 820, 912, 319, 156, 0]], [[0, 508, 305, 727, 716, 57, 66, 570, 959, 870, 494, 664, 320, 183, 307, 23, 838, 682, 92, 918, 756, 794, 547, 645, 280, 61, 413, 343, 409, 437, 433, 545, 201, 635, 67, 124, 722, 392, 964, 207, 712, 888, 552, 95, 137, 589, 104, 213, 154, 192, 904, 243, 448, 257, 406, 271, 70, 0]], [[0, 880, 161, 924, 79, 3, 204, 970, 342, 747, 558, 917, 101, 259, 108, 321, 219, 45, 881, 557, 989, 295, 813, 18, 573, 370, 277, 211, 329, 486, 837, 275, 233, 792, 461, 835, 269, 576, 16, 125, 604, 745, 886, 544, 479, 689, 109, 484, 0]], [[0, 839, 758, 978, 93, 613, 588, 20, 68, 170, 408, 203, 172, 151, 999, 562, 165, 162, 619, 89, 850, 122, 352, 622, 212, 979, 208, 543, 82, 470, 283, 715, 572, 39, 195, 767, 864, 783, 378, 854, 567, 242, 775, 551, 78, 166, 114, 594, 107, 380, 859, 133, 954, 333, 0]], [[0, 373, 608, 21, 351, 442, 895, 867, 339, 934, 542, 885, 110, 861, 634, 746, 615, 32, 818, 947, 605, 574, 350, 578, 591, 338, 889, 952, 692, 187, 698, 969, 278, 654, 920, 240, 914, 345, 860, 164, 238, 721, 845, 75, 163, 474, 644, 217, 0]], [[0, 77, 787, 73, 943, 382, 341, 824, 592, 510, 364, 200, 155, 586, 539, 527, 702, 33, 134, 675, 977, 323, 560, 656, 249, 693, 580, 810, 748, 286, 218, 626, 987, 119, 902, 617, 926, 546, 513, 621, 829, 650, 56, 11, 713, 940, 260, 826, 988, 289, 85, 830, 741, 740, 0]], [[0, 475, 623, 737, 647, 99, 184, 7, 440, 636, 205, 600, 929, 524, 638, 610, 643, 299, 603, 532, 534, 403, 360, 167, 185, 607, 505, 705, 266, 875, 128, 780, 379, 452, 793, 355, 769, 844, 500, 322, 12, 495, 506, 628, 17, 983, 52, 468, 427, 478, 511, 994, 802, 669, 438, 0]], [[0, 848, 582, 922, 456, 160, 661, 950, 182, 649, 501, 696, 553, 772, 525, 196, 683, 732, 462, 898, 905, 397, 444, 579, 855, 998, 412, 981, 597, 13, 937, 116, 555, 523, 98, 469, 340, 932, 733, 292, 190, 383, 541, 27, 263, 709, 424, 398, 819, 309, 220, 936, 198, 0]], [[0, 143, 672, 571, 138, 625, 968, 795, 123, 189, 866, 526, 72, 876, 139, 328, 630, 512, 473, 695, 887, 729, 660, 840, 536, 632, 106, 908, 385, 268, 144, 375, 911, 942, 317, 874, 587, 81, 244, 472, 496, 152, 497, 738, 290, 565, 676, 761, 946, 773, 633, 753, 334, 822, 26, 250, 0]]]","[[[0, 10, 387, 640, 265, 0], [0, 158, 237, 365, 446, 938, 419, 0], [0, 231, 361, 627, 0], [0, 216, 0]], [[0, 537, 658, 0], [0, 418, 465, 64, 0], [0, 197, 624, 951, 831, 455, 302, 0], [0, 335, 376, 0], [0, 639, 0]], [[0, 224, 519, 86, 0], [0, 611, 83, 421, 325, 481, 0], [0, 616, 236, 145, 69, 0], [0, 129, 685, 0], [0, 701, 0]], [[0, 287, 117, 284, 655, 291, 0], [0, 420, 828, 131, 0], [0, 386, 178, 316, 157, 285, 25, 0], [0, 103, 529, 0]], [[0, 463, 51, 504, 176, 0], [0, 241, 801, 337, 0], [0, 272, 962, 467, 0], [0, 815, 0], [0, 744, 0]], [[0, 599, 53, 566, 288, 0], [0, 714, 602, 313, 711, 0], [0, 800, 390, 817, 159, 251, 0], [0, 931, 668, 245, 0]], [[0, 797, 949, 1, 700, 561, 0], [0, 267, 0], [0, 298, 893, 725, 359, 0], [0, 105, 873, 0], [0, 202, 229, 0], [0, 986, 0]], [[0, 750, 221, 0], [0, 995, 899, 254, 823, 0], [0, 130, 735, 0], [0, 856, 528, 884, 0], [0, 180, 0]], [[0, 149, 0], [0, 118, 102, 50, 807, 0], [0, 901, 0], [0, 282, 306, 0], [0, 517, 115, 38, 0], [0, 927, 849, 0]], [[0, 276, 923, 0], [0, 150, 0], [0, 8, 4, 0], [0, 363, 821, 91, 0], [0, 791, 28, 774, 708, 0]], [[0, 48, 214, 548, 730, 0], [0, 488, 9, 0], [0, 174, 228, 326, 0], [0, 199, 312, 789, 770, 441, 841, 0]], [[0, 371, 985, 407, 141, 921, 0], [0, 414, 717, 0], [0, 843, 353, 0], [0, 173, 777, 354, 0], [0, 980, 327, 0]], [[0, 984, 381, 0], [0, 631, 972, 0], [0, 191, 35, 49, 0], [0, 680, 520, 897, 0], [0, 344, 997, 0], [0, 585, 0]], [[0, 948, 112, 434, 0], [0, 447, 88, 754, 0], [0, 490, 6, 476, 0], [0, 34, 958, 812, 790, 54, 0]], [[0, 247, 757, 782, 0], [0, 806, 863, 760, 0], [0, 945, 0], [0, 332, 177, 704, 0], [0, 225, 0]]]","[1743.1396361209725, 1745.5371733525217, 1745.548800328407, 1745.5287541794896, 1740.0020449354759, 1745.4489723926051, 1742.5145934624124, 1737.558574585977, 1745.0863277487879, 1745.111151726167, 1744.6093384120777, 1745.2995731804594, 1744.000603958888, 1738.3978226500017, 1744.9316352455032]","[1739.399650002631, 1735.0724251609627, 1742.0710668820889, 1744.1923926554803, 1729.8544057252188, 1730.8878218595532, 1726.5569708282196, 1709.854744326294, 1734.9309776628868, 1674.805616167093, 1744.8140439036358, 1731.1505592197336, 1725.9772276392985, 1686.3395242301283, 1724.2937713004671]",1400,2.27
1000.10.4,1000,15,15,endurance,high,high,3600,15.6464,700,31.2928,29.96266811,"[[[0, 852, 143, 972, 773, 946, 676, 738, 497, 145, 152, 496, 81, 874, 587, 317, 942, 911, 272, 962, 295, 813, 18, 573, 370, 277, 45, 881, 557, 989, 908, 106, 632, 385, 268, 375, 144, 512, 328, 139, 361, 627, 782, 880, 138, 633, 519, 672, 0]], [[0, 136, 490, 667, 805, 666, 663, 477, 719, 36, 535, 699, 514, 991, 868, 965, 318, 743, 405, 153, 992, 362, 429, 752, 415, 19, 872, 707, 679, 121, 423, 688, 49, 846, 671, 973, 450, 129, 685, 916, 436, 896, 530, 984, 100, 443, 132, 703, 811, 507, 425, 140, 80, 55, 971, 0]], [[0, 848, 582, 922, 456, 816, 726, 661, 182, 649, 501, 772, 151, 999, 541, 562, 165, 162, 619, 383, 733, 190, 292, 932, 340, 469, 523, 98, 937, 13, 597, 981, 412, 998, 855, 579, 444, 397, 905, 898, 462, 732, 683, 553, 696, 950, 563, 458, 492, 37, 65, 910, 0]], [[0, 276, 483, 293, 372, 147, 234, 749, 956, 175, 230, 264, 955, 678, 44, 596, 804, 941, 358, 43, 869, 451, 41, 246, 377, 97, 449, 489, 84, 187, 698, 969, 974, 347, 577, 953, 976, 909, 641, 386, 227, 637, 529, 609, 0]], [[0, 279, 662, 410, 657, 901, 303, 814, 487, 612, 457, 928, 285, 313, 294, 944, 566, 288, 768, 193, 602, 388, 755, 181, 237, 684, 559, 60, 394, 96, 564, 673, 186, 314, 742, 720, 464, 933, 471, 331, 796, 346, 877, 851, 300, 906, 691, 516, 925, 87, 274, 330, 262, 966, 750, 308, 538, 710, 0]], [[0, 77, 344, 943, 613, 588, 341, 20, 54, 824, 592, 510, 242, 567, 854, 200, 364, 155, 586, 702, 527, 539, 283, 470, 979, 212, 622, 116, 555, 352, 122, 208, 850, 89, 715, 572, 39, 195, 767, 864, 783, 27, 263, 709, 424, 398, 819, 309, 220, 936, 198, 38, 787, 839, 0]], [[0, 438, 669, 406, 257, 448, 243, 904, 192, 154, 213, 104, 589, 137, 95, 552, 433, 61, 280, 547, 645, 88, 607, 167, 360, 185, 875, 266, 705, 505, 67, 635, 201, 545, 124, 722, 392, 447, 769, 844, 500, 865, 731, 601, 569, 322, 460, 384, 718, 495, 12, 506, 983, 52, 468, 427, 478, 511, 802, 149, 0]], [[0, 670, 484, 26, 109, 206, 522, 863, 856, 499, 658, 728, 91, 821, 363, 247, 835, 843, 903, 146, 188, 120, 235, 498, 677, 111, 482, 439, 687, 493, 759, 301, 884, 598, 459, 232, 31, 210, 374, 892, 59, 367, 784, 583, 723, 336, 399, 58, 252, 785, 537, 256, 311, 815, 913, 674, 0]], [[0, 373, 651, 393, 349, 593, 982, 74, 209, 776, 665, 491, 411, 765, 681, 620, 32, 614, 858, 561, 818, 947, 778, 315, 764, 71, 591, 578, 350, 574, 746, 634, 861, 934, 542, 110, 885, 23, 682, 92, 918, 307, 183, 320, 494, 870, 959, 105, 66, 57, 716, 727, 305, 508, 0]], [[0, 333, 639, 112, 380, 179, 83, 5, 883, 826, 260, 940, 621, 829, 926, 142, 584, 834, 63, 554, 788, 407, 33, 134, 675, 977, 775, 551, 748, 810, 693, 580, 323, 560, 656, 249, 286, 218, 902, 119, 987, 626, 78, 166, 114, 594, 93, 978, 758, 73, 967, 997, 0]], [[0, 217, 644, 474, 163, 75, 845, 721, 238, 995, 849, 169, 164, 860, 345, 76, 402, 957, 595, 265, 771, 255, 853, 117, 445, 404, 556, 426, 914, 606, 2, 531, 590, 920, 240, 284, 648, 416, 127, 389, 387, 836, 899, 952, 889, 338, 40, 751, 653, 135, 30, 518, 686, 927, 223, 842, 359, 629, 739, 24, 180, 0]], [[0, 993, 239, 435, 368, 761, 565, 290, 891, 422, 348, 706, 324, 515, 575, 244, 472, 485, 90, 975, 550, 882, 432, 930, 15, 990, 400, 548, 659, 642, 809, 253, 118, 273, 827, 652, 310, 961, 825, 919, 724, 401, 871, 281, 646, 94, 391, 894, 935, 798, 168, 296, 191, 222, 480, 744, 0]], [[0, 779, 454, 226, 766, 689, 544, 886, 745, 924, 604, 125, 16, 576, 269, 3, 204, 970, 792, 461, 241, 337, 353, 801, 837, 275, 233, 917, 342, 747, 558, 101, 259, 108, 486, 329, 211, 321, 219, 840, 536, 467, 660, 729, 887, 695, 473, 876, 72, 526, 866, 189, 123, 795, 968, 625, 161, 571, 753, 334, 822, 250, 0]], [[0, 319, 475, 623, 737, 647, 184, 56, 650, 857, 781, 126, 862, 366, 618, 878, 847, 417, 600, 929, 803, 951, 540, 299, 643, 610, 831, 524, 638, 455, 302, 624, 47, 879, 261, 549, 763, 832, 42, 985, 395, 568, 304, 503, 513, 546, 713, 11, 99, 988, 289, 85, 830, 900, 133, 954, 740, 0]], [[0, 202, 156, 912, 820, 502, 7, 440, 636, 205, 357, 603, 532, 534, 403, 128, 780, 379, 355, 793, 452, 964, 207, 712, 888, 437, 413, 794, 756, 343, 409, 817, 664, 800, 867, 339, 895, 282, 442, 267, 351, 21, 608, 148, 46, 70, 0]]]","[[[0, 176, 160, 34, 0], [0, 948, 199, 789, 378, 312, 0], [0, 1000, 774, 708, 0], [0, 757, 630, 690, 0], [0, 271, 463, 0]], [[0, 986, 0], [0, 488, 711, 0], [0, 102, 430, 730, 35, 0], [0, 797, 786, 0], [0, 812, 172, 958, 0], [0, 327, 0]], [[0, 231, 376, 381, 0], [0, 431, 53, 25, 465, 0], [0, 325, 421, 0], [0, 177, 680, 939, 236, 528, 0]], [[0, 158, 157, 694, 806, 0], [0, 225, 0], [0, 9, 414, 0], [0, 131, 616, 79, 760, 0], [0, 701, 0], [0, 245, 599, 717, 0]], [[0, 799, 8, 725, 777, 0], [0, 171, 0], [0, 291, 22, 287, 0], [0, 692, 0]], [[0, 371, 356, 0], [0, 893, 306, 0], [0, 419, 938, 446, 365, 714, 178, 0], [0, 517, 770, 29, 581, 996, 441, 0]], [[0, 923, 229, 0], [0, 655, 654, 640, 62, 0], [0, 921, 141, 617, 0], [0, 17, 0], [0, 64, 945, 0]], [[0, 28, 833, 931, 0], [0, 890, 316, 297, 509, 0], [0, 150, 0], [0, 963, 332, 0], [0, 248, 418, 0]], [[0, 453, 585, 0], [0, 170, 0], [0, 216, 0], [0, 741, 481, 0], [0, 298, 960, 605, 1, 174, 0], [0, 994, 251, 0], [0, 354, 326, 0]], [[0, 103, 215, 0], [0, 335, 697, 0], [0, 823, 278, 907, 254, 0], [0, 533, 159, 838, 754, 390, 0]], [[0, 466, 615, 700, 949, 0], [0, 504, 525, 0], [0, 82, 543, 196, 841, 0], [0, 434, 382, 115, 980, 0]], [[0, 631, 668, 791, 0], [0, 897, 214, 762, 69, 224, 0], [0, 428, 628, 808, 0], [0, 807, 50, 520, 0], [0, 173, 221, 0]], [[0, 270, 0], [0, 258, 828, 0], [0, 396, 14, 0], [0, 51, 203, 408, 0], [0, 476, 130, 735, 0]], [[0, 420, 915, 479, 0], [0, 704, 369, 48, 0], [0, 197, 859, 734, 0], [0, 6, 570, 873, 0], [0, 113, 0]], [[0, 107, 611, 0], [0, 521, 86, 0], [0, 790, 68, 0], [0, 10, 4, 228, 0], [0, 194, 736, 0]]]","[1796.9093104562164, 1796.5065854994782, 1794.6128214739927, 1797.1449802702955, 1797.3457917612905, 1792.5807622928435, 1797.7600865790555, 1794.5274759479996, 1795.2697224188512, 1790.6094073338058, 1797.5615476746452, 1796.3170688150153, 1794.0404752525244, 1797.4623857983015, 1797.481393254682]","[1792.042669972946, 1797.7234676937355, 1767.885808876288, 1796.4947239343526, 1791.1604038799003, 1793.6511895182418, 1786.1380114154354, 1778.5434046980936, 1797.5084928072022, 1795.536257593616, 1789.0668534168565, 1756.9872340459758, 1784.898843815332, 1774.2286891624585, 1793.9639208051237]",1400,2.27
1000.20.1,1000,15,15,endurance,high,high,3600,15.6464,700,31.2928,62.93617228,"[[[0, 393, 892, 78, 477, 713, 432, 286, 863, 148, 878, 66, 624, 127, 172, 88, 877, 670, 706, 315, 108, 785, 623, 910, 278, 140, 561, 370, 145, 692, 160, 898, 813, 567, 642, 173, 40, 396, 82, 763, 617, 530, 786, 914, 705, 559, 266, 72, 356, 672, 25, 887, 79, 519, 231, 388, 905, 0]], [[0, 702, 9, 476, 994, 213, 585, 668, 600, 888, 856, 296, 377, 673, 507, 326, 869, 993, 535, 86, 820, 572, 37, 922, 413, 525, 945, 710, 54, 333, 962, 177, 466, 603, 843, 440, 780, 196, 60, 1000, 661, 691, 946, 355, 186, 415, 87, 811, 504, 527, 264, 884, 384, 180, 930, 0]], [[0, 751, 803, 404, 743, 11, 475, 144, 632, 823, 48, 190, 920, 194, 797, 728, 568, 130, 329, 551, 227, 128, 188, 106, 282, 822, 999, 840, 76, 849, 731, 744, 655, 243, 576, 202, 980, 61, 434, 28, 752, 643, 647, 564, 42, 795, 997, 987, 0]], [[0, 216, 841, 3, 283, 546, 983, 338, 398, 383, 850, 782, 938, 684, 65, 697, 279, 894, 174, 56, 990, 422, 131, 511, 262, 524, 39, 439, 110, 764, 985, 113, 709, 634, 64, 468, 626, 749, 612, 640, 168, 659, 947, 332, 545, 964, 16, 417, 810, 566, 696, 727, 50, 209, 0]], [[0, 272, 159, 449, 517, 89, 794, 882, 717, 379, 542, 968, 298, 838, 775, 816, 420, 815, 599, 208, 149, 314, 880, 827, 19, 345, 99, 996, 117, 458, 257, 416, 467, 540, 453, 534, 143, 57, 931, 230, 450, 252, 464, 830, 193, 554, 860, 541, 874, 965, 269, 678, 658, 998, 371, 695, 828, 502, 992, 532, 0]], [[0, 901, 494, 251, 271, 364, 712, 669, 978, 616, 95, 592, 593, 310, 44, 452, 939, 206, 342, 111, 676, 59, 334, 783, 733, 681, 577, 481, 758, 867, 442, 185, 635, 802, 538, 654, 738, 405, 499, 75, 970, 694, 611, 686, 215, 486, 102, 580, 0]], [[0, 487, 734, 550, 119, 984, 460, 289, 210, 513, 170, 523, 429, 807, 619, 403, 238, 503, 169, 263, 755, 5, 51, 835, 301, 595, 729, 870, 35, 881, 349, 309, 381, 500, 448, 304, 104, 267, 769, 675, 324, 701, 330, 639, 357, 631, 232, 336, 184, 125, 45, 268, 971, 834, 648, 555, 0]], [[0, 680, 565, 98, 918, 952, 239, 864, 721, 739, 995, 443, 614, 392, 6, 589, 960, 966, 613, 13, 895, 793, 955, 222, 549, 221, 732, 516, 306, 103, 179, 363, 879, 759, 498, 300, 604, 933, 49, 203, 493, 461, 223, 135, 774, 123, 427, 53, 671, 508, 294, 151, 937, 723, 703, 683, 401, 0]], [[0, 360, 652, 457, 798, 124, 837, 773, 431, 825, 94, 391, 409, 897, 876, 23, 908, 348, 866, 520, 620, 92, 335, 972, 771, 657, 597, 602, 281, 81, 34, 400, 380, 361, 115, 32, 885, 975, 214, 369, 225, 96, 424, 988, 126, 490, 226, 341, 944, 792, 630, 136, 656, 852, 322, 596, 319, 22, 463, 638, 0]], [[0, 12, 97, 402, 197, 789, 386, 362, 801, 438, 189, 665, 967, 485, 297, 375, 646, 929, 772, 407, 921, 253, 650, 290, 547, 274, 284, 497, 277, 473, 496, 85, 150, 974, 273, 911, 986, 537, 20, 122, 861, 387, 889, 204, 224, 256, 981, 904, 942, 862, 633, 660, 553, 83, 397, 808, 0]], [[0, 893, 854, 441, 340, 255, 796, 33, 259, 651, 606, 941, 474, 195, 178, 234, 183, 132, 93, 699, 205, 378, 583, 428, 47, 459, 805, 591, 171, 62, 848, 175, 198, 346, 433, 399, 374, 18, 146, 71, 495, 557, 704, 958, 875, 229, 979, 754, 137, 0]], [[0, 423, 250, 909, 649, 181, 906, 637, 644, 667, 350, 954, 943, 951, 726, 902, 609, 68, 812, 237, 462, 482, 376, 456, 778, 241, 539, 531, 677, 107, 201, 766, 621, 358, 80, 800, 412, 770, 741, 859, 959, 368, 891, 470, 382, 779, 926, 753, 831, 826, 421, 155, 325, 950, 784, 653, 563, 575, 101, 628, 708, 367, 912, 31, 0]], [[0, 526, 707, 4, 478, 218, 351, 868, 480, 293, 437, 533, 275, 582, 569, 323, 560, 934, 973, 746, 52, 548, 663, 385, 641, 690, 288, 873, 280, 17, 932, 814, 465, 818, 510, 390, 436, 900, 240, 961, 138, 855, 411, 601, 77, 248, 571, 588, 767, 2, 353, 318, 321, 685, 916, 36, 303, 0]], [[0, 73, 116, 372, 285, 483, 313, 622, 907, 366, 953, 515, 587, 27, 700, 689, 536, 858, 419, 200, 211, 586, 982, 610, 70, 836, 233, 883, 605, 469, 957, 158, 501, 258, 829, 512, 627, 839, 857, 121, 787, 925, 43, 220, 674, 819, 853, 41, 199, 528, 187, 69, 760, 191, 343, 845, 156, 0]], [[0, 305, 714, 10, 790, 521, 742, 776, 715, 928, 7, 235, 608, 254, 664, 317, 435, 26, 444, 896, 781, 24, 287, 484, 445, 29, 489, 969, 636, 804, 594, 936, 244, 472, 976, 260, 133, 720, 373, 246, 662, 509, 153, 750, 666, 940, 730, 414, 410, 1, 182, 871, 120, 0]]]","[[[0, 91, 0], [0, 105, 67, 0], [0, 249, 406, 0], [0, 915, 176, 688, 0], [0, 261, 454, 0], [0, 344, 166, 0], [0, 163, 0]], [[0, 890, 0], [0, 833, 788, 0], [0, 447, 809, 0], [0, 762, 359, 0], [0, 923, 0], [0, 543, 265, 615, 0]], [[0, 522, 167, 0], [0, 299, 725, 0], [0, 625, 0], [0, 698, 765, 0], [0, 55, 488, 0], [0, 991, 886, 0], [0, 162, 0], [0, 63, 418, 832, 0], [0, 558, 0]], [[0, 948, 0], [0, 90, 768, 0], [0, 236, 109, 0], [0, 192, 0], [0, 352, 307, 291, 0], [0, 903, 756, 842, 0], [0, 645, 0], [0, 8, 0], [0, 924, 0], [0, 722, 0]], [[0, 14, 0], [0, 320, 479, 147, 0], [0, 740, 311, 0], [0, 157, 84, 0], [0, 139, 354, 0], [0, 506, 0], [0, 799, 0], [0, 748, 0]], [[0, 757, 578, 0], [0, 394, 0], [0, 514, 327, 30, 0], [0, 308, 0], [0, 607, 302, 693, 0], [0, 112, 316, 0], [0, 529, 0], [0, 949, 573, 0]], [[0, 134, 570, 0], [0, 736, 0], [0, 927, 824, 0], [0, 718, 164, 963, 0], [0, 141, 217, 0], [0, 15, 0], [0, 242, 0]], [[0, 899, 919, 0], [0, 584, 977, 0], [0, 228, 276, 0], [0, 430, 451, 0], [0, 389, 118, 0], [0, 328, 0]], [[0, 129, 0], [0, 556, 817, 0], [0, 917, 0], [0, 544, 806, 0], [0, 395, 245, 0], [0, 581, 0], [0, 100, 0]], [[0, 719, 0], [0, 114, 0], [0, 46, 0], [0, 21, 0], [0, 872, 0], [0, 491, 847, 0], [0, 747, 0]], [[0, 598, 0], [0, 956, 0], [0, 682, 58, 446, 0], [0, 365, 74, 679, 0], [0, 312, 0], [0, 687, 562, 0], [0, 552, 0]], [[0, 408, 331, 0], [0, 337, 0], [0, 777, 492, 865, 0], [0, 347, 791, 716, 0], [0, 735, 821, 0], [0, 212, 590, 518, 0]], [[0, 846, 0], [0, 629, 724, 0], [0, 471, 761, 0], [0, 247, 737, 0], [0, 292, 618, 0], [0, 844, 426, 0], [0, 270, 0]], [[0, 574, 711, 0], [0, 152, 0], [0, 161, 0], [0, 207, 219, 425, 0], [0, 154, 0], [0, 745, 0]], [[0, 38, 0], [0, 935, 0], [0, 851, 0], [0, 455, 0], [0, 295, 913, 0], [0, 142, 989, 505, 0], [0, 579, 0], [0, 339, 0], [0, 165, 0]]]","[3772.4022616896923, 3776.0490486070316, 3776.170336538431, 3759.194862029288, 3775.5561149126734, 3775.413554657834, 3775.0649729527568, 3762.9616345343693, 3773.1128101087493, 3775.6937013311694, 3775.931108713978, 3775.921228846762, 3774.861757427032, 3760.230629377712, 3775.8448243669177]","[3729.429261100879, 3720.5537396131567, 3725.7878139593604, 3599.3376067772874, 3759.796226312916, 3708.99188396721, 3743.064068661858, 3724.210147372223, 3760.9220434926324, 3596.324067938958, 3742.2771625792443, 3662.278455524974, 3702.6381943085175, 3665.277754945926, 3689.553622491891]",1400,2.27
1000.20.1,1000,15,15,endurance,high,high,3600,15.6464,700,31.2928,61.80901702,"[[[0, 915, 31, 912, 367, 708, 628, 637, 667, 421, 831, 753, 926, 779, 382, 891, 470, 770, 412, 741, 859, 959, 368, 103, 306, 179, 363, 879, 759, 604, 300, 498, 516, 732, 221, 549, 223, 461, 493, 203, 49, 933, 155, 325, 950, 101, 784, 575, 653, 563, 294, 67, 151, 723, 703, 565, 192, 0]], [[0, 754, 979, 229, 875, 958, 704, 495, 557, 33, 796, 259, 674, 220, 651, 606, 43, 941, 195, 474, 433, 399, 374, 18, 146, 71, 850, 782, 938, 383, 398, 338, 684, 56, 990, 524, 39, 439, 262, 511, 422, 131, 174, 894, 279, 697, 65, 983, 546, 841, 216, 0]], [[0, 893, 854, 441, 760, 69, 187, 528, 340, 41, 199, 255, 853, 819, 839, 925, 178, 346, 198, 175, 848, 62, 171, 591, 805, 459, 47, 428, 378, 373, 205, 699, 93, 132, 183, 234, 509, 662, 153, 750, 787, 121, 857, 666, 940, 730, 627, 414, 512, 410, 191, 343, 845, 719, 0]], [[0, 987, 803, 997, 264, 795, 42, 564, 504, 811, 87, 357, 691, 661, 1000, 60, 673, 769, 267, 104, 304, 448, 500, 381, 309, 881, 35, 870, 729, 595, 301, 835, 51, 403, 238, 5, 503, 169, 755, 263, 675, 324, 377, 701, 639, 330, 232, 631, 747, 125, 184, 45, 268, 0]], [[0, 231, 519, 79, 25, 477, 713, 432, 286, 298, 838, 775, 66, 624, 127, 315, 910, 278, 140, 145, 370, 561, 785, 623, 108, 706, 670, 172, 88, 877, 815, 420, 816, 208, 599, 149, 314, 880, 827, 19, 345, 794, 89, 517, 882, 968, 542, 717, 379, 78, 892, 905, 0]], [[0, 91, 652, 455, 581, 197, 789, 342, 206, 386, 362, 801, 438, 189, 665, 485, 297, 375, 646, 929, 772, 407, 520, 921, 620, 92, 335, 972, 771, 657, 597, 602, 281, 81, 34, 400, 380, 975, 214, 369, 225, 885, 32, 361, 115, 96, 126, 424, 988, 939, 402, 97, 0]], [[0, 846, 799, 73, 305, 714, 116, 544, 98, 790, 521, 742, 776, 715, 7, 235, 608, 587, 27, 536, 700, 689, 444, 26, 435, 317, 664, 254, 392, 6, 589, 960, 614, 443, 995, 966, 739, 613, 13, 895, 793, 955, 222, 135, 774, 123, 721, 864, 928, 239, 427, 952, 53, 508, 671, 918, 426, 806, 937, 491, 683, 320, 401, 0]], [[0, 727, 949, 696, 566, 119, 417, 16, 964, 545, 332, 947, 659, 168, 640, 985, 110, 764, 113, 612, 709, 634, 64, 468, 619, 807, 429, 523, 170, 513, 626, 749, 210, 289, 460, 600, 296, 856, 888, 336, 21, 668, 585, 213, 994, 476, 15, 9, 702, 50, 0]], [[0, 423, 909, 154, 644, 350, 954, 943, 951, 726, 902, 609, 763, 82, 40, 396, 68, 826, 812, 237, 462, 482, 376, 456, 778, 241, 539, 531, 800, 80, 358, 621, 766, 201, 107, 160, 692, 898, 567, 813, 677, 642, 173, 148, 878, 863, 530, 617, 786, 914, 705, 559, 266, 72, 356, 672, 242, 847, 388, 167, 0]], [[0, 102, 486, 36, 916, 686, 611, 405, 738, 499, 75, 694, 970, 767, 588, 571, 654, 601, 77, 248, 931, 57, 230, 2, 464, 353, 554, 193, 830, 252, 450, 534, 143, 453, 540, 467, 416, 541, 860, 874, 965, 117, 458, 257, 99, 996, 269, 678, 658, 998, 449, 159, 371, 695, 318, 321, 685, 629, 828, 502, 992, 851, 0]], [[0, 463, 22, 319, 596, 923, 322, 852, 656, 136, 616, 593, 630, 792, 310, 452, 44, 944, 341, 490, 226, 592, 95, 920, 194, 797, 728, 568, 130, 329, 551, 227, 128, 188, 106, 282, 822, 999, 840, 76, 849, 731, 744, 190, 48, 823, 632, 669, 978, 271, 251, 494, 901, 8, 0]], [[0, 112, 526, 552, 707, 4, 478, 351, 152, 157, 480, 867, 437, 533, 442, 185, 275, 582, 569, 323, 560, 934, 873, 932, 17, 280, 465, 814, 889, 387, 20, 986, 537, 122, 861, 204, 818, 224, 510, 390, 436, 900, 240, 855, 411, 138, 961, 256, 981, 904, 942, 862, 633, 538, 802, 635, 660, 553, 134, 83, 397, 580, 808, 0]], [[0, 218, 293, 758, 481, 681, 577, 973, 746, 52, 288, 690, 641, 911, 273, 974, 150, 85, 496, 473, 277, 497, 284, 274, 547, 290, 650, 253, 385, 663, 548, 908, 348, 866, 23, 876, 897, 967, 391, 409, 94, 111, 825, 676, 59, 334, 733, 783, 899, 798, 360, 0]], [[0, 751, 989, 977, 743, 11, 144, 475, 655, 243, 576, 202, 434, 28, 61, 980, 843, 603, 466, 177, 962, 333, 54, 710, 945, 525, 413, 922, 37, 572, 820, 86, 535, 993, 349, 869, 326, 507, 196, 780, 440, 946, 355, 186, 415, 647, 643, 752, 584, 129, 884, 384, 180, 971, 930, 648, 209, 0]], [[0, 471, 308, 817, 483, 515, 953, 366, 858, 419, 896, 781, 24, 287, 484, 445, 29, 489, 969, 636, 804, 594, 936, 244, 472, 976, 583, 260, 720, 246, 133, 70, 610, 836, 233, 883, 982, 586, 605, 211, 200, 469, 957, 258, 829, 501, 158, 907, 313, 622, 120, 0]]]","[[[0, 506, 0], [0, 347, 890, 0], [0, 344, 693, 0], [0, 821, 991, 0], [0, 832, 265, 0], [0, 724, 176, 307, 0], [0, 736, 0], [0, 924, 0]], [[0, 573, 418, 748, 0], [0, 219, 147, 556, 365, 479, 0], [0, 886, 58, 518, 0], [0, 906, 0], [0, 680, 105, 0], [0, 74, 492, 777, 0]], [[0, 514, 0], [0, 607, 574, 0], [0, 842, 285, 0], [0, 590, 181, 311, 0], [0, 824, 927, 0], [0, 791, 734, 0]], [[0, 457, 716, 0], [0, 570, 765, 0], [0, 757, 527, 0], [0, 687, 562, 0], [0, 124, 302, 0], [0, 165, 0], [0, 137, 261, 0]], [[0, 156, 913, 0], [0, 737, 352, 291, 0], [0, 529, 247, 0], [0, 773, 0], [0, 395, 454, 0], [0, 141, 30, 0], [0, 272, 0]], [[0, 956, 0], [0, 844, 735, 0], [0, 725, 550, 0], [0, 114, 0], [0, 63, 337, 0], [0, 935, 0], [0, 555, 0], [0, 161, 0]], [[0, 558, 522, 0], [0, 215, 0], [0, 292, 84, 868, 0], [0, 359, 217, 0], [0, 139, 712, 364, 0], [0, 762, 887, 0]], [[0, 354, 228, 0], [0, 698, 688, 0], [0, 328, 0], [0, 162, 406, 578, 0], [0, 245, 761, 0], [0, 532, 0], [0, 142, 0], [0, 948, 0]], [[0, 339, 0], [0, 270, 0], [0, 447, 919, 0], [0, 598, 0], [0, 768, 90, 0], [0, 38, 837, 0], [0, 740, 0], [0, 451, 0]], [[0, 543, 299, 0], [0, 12, 0], [0, 182, 0], [0, 312, 0], [0, 903, 372, 865, 0], [0, 431, 0], [0, 756, 163, 0], [0, 679, 638, 0]], [[0, 212, 446, 0], [0, 46, 0], [0, 579, 0], [0, 393, 0], [0, 871, 164, 0], [0, 810, 984, 0], [0, 250, 0]], [[0, 917, 14, 0], [0, 718, 100, 0], [0, 249, 833, 0], [0, 55, 615, 0], [0, 394, 0], [0, 430, 722, 0], [0, 711, 809, 0]], [[0, 3, 0], [0, 389, 118, 0], [0, 166, 618, 0], [0, 10, 0], [0, 649, 682, 0], [0, 276, 788, 0], [0, 316, 0]], [[0, 505, 0], [0, 295, 645, 0], [0, 404, 0], [0, 834, 408, 0], [0, 488, 0], [0, 327, 625, 0], [0, 109, 236, 0]], [[0, 303, 0], [0, 487, 0], [0, 872, 0], [0, 331, 745, 0], [0, 425, 207, 963, 0], [0, 283, 0], [0, 1, 0]]]","[3704.9415271296944, 3700.5477417061284, 3708.541021396037, 3697.864823832246, 3702.363260319246, 3708.131477263549, 3707.7482756520326, 3705.62783934392, 3706.6881643916663, 3708.386110600496, 3703.582368522418, 3676.1694877909454, 3707.414172374969, 3684.5544109992666, 3707.705453890762]","[3703.3001782296806, 3653.904479820458, 3672.8797393075133, 3665.227734953296, 3616.9382614805954, 3565.8940106039363, 3691.573578198594, 3635.0411123485933, 3641.223510241686, 3674.212114721332, 3682.5945362584994, 3702.3692602468873, 3628.80181601654, 3622.766914078688, 3684.2258678311146]",1400,2.27
1000.20.1,1000,15,15,endurance,high,high,3600,15.6464,700,31.2928,62.19743047,"[[[0, 129, 643, 752, 28, 434, 849, 76, 840, 999, 822, 551, 227, 128, 188, 106, 282, 603, 843, 466, 177, 962, 333, 54, 710, 945, 525, 413, 922, 37, 572, 820, 86, 535, 993, 349, 869, 326, 507, 60, 1000, 946, 355, 186, 415, 504, 884, 384, 971, 394, 209, 0]], [[0, 31, 912, 367, 708, 628, 667, 421, 831, 753, 826, 812, 237, 926, 779, 382, 470, 891, 368, 959, 859, 741, 770, 412, 800, 80, 358, 621, 766, 201, 107, 160, 692, 898, 145, 370, 561, 315, 127, 624, 66, 878, 148, 863, 286, 530, 617, 786, 914, 705, 559, 266, 72, 356, 672, 247, 446, 423, 0]], [[0, 141, 250, 909, 181, 637, 644, 350, 954, 943, 951, 726, 902, 609, 763, 82, 68, 396, 40, 173, 642, 482, 376, 456, 462, 778, 241, 539, 531, 677, 813, 567, 278, 140, 910, 623, 108, 785, 706, 670, 172, 88, 877, 815, 599, 208, 420, 816, 775, 838, 298, 432, 713, 477, 79, 242, 167, 905, 0]], [[0, 305, 714, 10, 991, 544, 821, 742, 776, 715, 928, 239, 427, 864, 721, 123, 955, 793, 222, 774, 135, 549, 221, 732, 516, 306, 103, 179, 363, 879, 759, 604, 498, 300, 223, 461, 493, 203, 49, 933, 155, 325, 950, 101, 784, 575, 653, 563, 294, 508, 671, 53, 952, 918, 426, 151, 937, 723, 703, 339, 529, 0]], [[0, 756, 120, 622, 501, 258, 829, 605, 586, 982, 883, 233, 836, 70, 610, 594, 636, 804, 936, 244, 472, 976, 428, 47, 459, 805, 591, 171, 62, 175, 848, 132, 93, 699, 205, 378, 373, 246, 750, 666, 940, 730, 627, 414, 512, 410, 1, 871, 0]], [[0, 388, 847, 231, 519, 25, 78, 892, 291, 159, 449, 517, 379, 717, 542, 968, 882, 794, 89, 345, 19, 827, 880, 149, 314, 99, 996, 117, 458, 257, 416, 467, 540, 453, 143, 534, 450, 252, 464, 2, 830, 193, 554, 353, 860, 541, 874, 965, 269, 678, 658, 998, 371, 695, 318, 321, 828, 502, 272, 851, 532, 0]], [[0, 652, 457, 798, 455, 581, 197, 342, 431, 676, 447, 59, 334, 825, 111, 94, 409, 391, 967, 485, 297, 375, 646, 929, 772, 407, 663, 385, 641, 911, 273, 974, 537, 986, 20, 122, 861, 204, 387, 889, 690, 288, 52, 746, 973, 934, 560, 323, 481, 758, 533, 437, 867, 293, 480, 157, 152, 218, 478, 4, 707, 526, 0]], [[0, 463, 22, 319, 596, 923, 322, 852, 656, 136, 452, 630, 616, 593, 792, 310, 44, 944, 341, 226, 490, 126, 988, 424, 96, 225, 369, 975, 380, 885, 32, 361, 115, 592, 95, 194, 920, 797, 728, 329, 130, 568, 731, 744, 190, 48, 823, 978, 669, 712, 271, 251, 494, 901, 8, 638, 0]], [[0, 261, 137, 754, 229, 875, 958, 71, 146, 941, 18, 56, 990, 374, 399, 474, 195, 178, 433, 198, 346, 183, 234, 509, 662, 720, 583, 260, 133, 153, 121, 857, 787, 925, 43, 606, 651, 220, 674, 259, 255, 340, 441, 956, 854, 506, 719, 0]], [[0, 73, 116, 372, 483, 313, 907, 158, 957, 469, 200, 211, 969, 489, 29, 445, 484, 287, 24, 781, 896, 419, 858, 366, 953, 515, 587, 27, 536, 700, 689, 444, 26, 435, 317, 664, 254, 392, 6, 589, 960, 966, 613, 13, 895, 739, 995, 443, 614, 7, 235, 608, 790, 521, 98, 565, 401, 192, 0]], [[0, 834, 930, 987, 768, 803, 997, 264, 795, 564, 647, 811, 87, 631, 232, 336, 21, 888, 856, 296, 513, 170, 503, 169, 263, 755, 5, 51, 403, 238, 619, 807, 429, 523, 468, 64, 634, 709, 612, 749, 626, 210, 289, 460, 600, 668, 585, 213, 994, 476, 9, 696, 487, 50, 0]], [[0, 12, 97, 402, 939, 206, 386, 362, 801, 438, 189, 665, 214, 400, 34, 81, 281, 602, 597, 657, 771, 972, 335, 92, 620, 547, 290, 274, 284, 497, 277, 473, 496, 85, 150, 650, 253, 921, 520, 866, 348, 548, 908, 23, 876, 897, 577, 681, 733, 783, 809, 360, 808, 0]], [[0, 216, 841, 417, 16, 964, 545, 332, 947, 659, 168, 640, 113, 985, 764, 110, 439, 39, 524, 262, 511, 422, 131, 174, 894, 279, 697, 65, 983, 562, 383, 398, 338, 684, 938, 782, 850, 495, 557, 704, 33, 796, 853, 819, 839, 199, 41, 528, 187, 69, 760, 191, 343, 845, 893, 0]], [[0, 580, 102, 486, 215, 686, 611, 405, 738, 499, 75, 694, 970, 767, 588, 571, 230, 57, 931, 248, 654, 77, 601, 411, 855, 240, 900, 961, 138, 538, 802, 635, 633, 862, 942, 904, 981, 256, 436, 390, 510, 224, 818, 465, 814, 17, 932, 873, 280, 569, 582, 275, 185, 442, 660, 553, 134, 83, 397, 0]], [[0, 505, 751, 743, 11, 475, 144, 632, 655, 243, 576, 202, 61, 980, 440, 780, 196, 381, 309, 881, 35, 870, 729, 500, 595, 301, 835, 104, 304, 448, 267, 769, 673, 675, 324, 377, 701, 330, 639, 661, 691, 357, 747, 125, 757, 268, 90, 648, 0]]]","[[[0, 154, 824, 0], [0, 773, 0], [0, 365, 865, 777, 492, 0], [0, 698, 574, 292, 0], [0, 725, 556, 74, 0], [0, 598, 0]], [[0, 680, 558, 0], [0, 176, 359, 217, 0], [0, 404, 0], [0, 550, 984, 249, 63, 0], [0, 573, 418, 527, 228, 0], [0, 38, 352, 30, 0]], [[0, 320, 212, 0], [0, 702, 276, 0], [0, 837, 919, 0], [0, 566, 0], [0, 389, 344, 716, 0], [0, 331, 354, 0], [0, 393, 0]], [[0, 479, 105, 522, 0], [0, 872, 0], [0, 118, 166, 0], [0, 347, 977, 618, 0], [0, 283, 0], [0, 748, 0], [0, 270, 0], [0, 736, 0]], [[0, 949, 162, 0], [0, 91, 0], [0, 55, 679, 0], [0, 948, 724, 0], [0, 109, 789, 0], [0, 711, 868, 84, 0], [0, 817, 219, 207, 0], [0, 799, 0]], [[0, 312, 0], [0, 688, 307, 737, 0], [0, 180, 584, 745, 0], [0, 927, 0], [0, 302, 693, 236, 0], [0, 590, 308, 0], [0, 555, 0]], [[0, 430, 351, 0], [0, 15, 0], [0, 890, 0], [0, 615, 546, 0], [0, 184, 0], [0, 165, 0], [0, 886, 842, 0]], [[0, 625, 0], [0, 303, 112, 0], [0, 58, 740, 0], [0, 916, 0], [0, 761, 718, 0], [0, 722, 682, 0], [0, 917, 0], [0, 992, 0]], [[0, 408, 607, 0], [0, 364, 139, 142, 0], [0, 337, 543, 0], [0, 765, 0], [0, 124, 0], [0, 734, 0], [0, 491, 0]], [[0, 3, 0], [0, 299, 245, 0], [0, 42, 0], [0, 979, 454, 0], [0, 406, 578, 0], [0, 903, 285, 471, 0]], [[0, 163, 832, 0], [0, 182, 0], [0, 46, 0], [0, 328, 0], [0, 844, 806, 0], [0, 395, 265, 0], [0, 906, 0]], [[0, 311, 649, 0], [0, 899, 0], [0, 316, 0], [0, 727, 0], [0, 810, 0], [0, 100, 295, 0], [0, 935, 0], [0, 451, 0]], [[0, 915, 683, 0], [0, 14, 156, 0], [0, 327, 36, 570, 0], [0, 687, 119, 0], [0, 518, 735, 0], [0, 579, 0], [0, 114, 0], [0, 846, 0]], [[0, 161, 0], [0, 629, 514, 0], [0, 685, 0], [0, 791, 989, 0], [0, 45, 0], [0, 887, 762, 0], [0, 924, 0]], [[0, 488, 645, 0], [0, 552, 0], [0, 147, 913, 0], [0, 67, 0], [0, 963, 164, 425, 0], [0, 788, 833, 0]]]","[3728.9799631956507, 3731.105616028516, 3730.423676591449, 3721.959537710984, 3731.4937125619335, 3731.369479234752, 3730.112193364489, 3728.2461005411074, 3731.237944479701, 3729.9907462179035, 3728.364925673773, 3726.97452131974, 3712.7307312643807, 3731.845828406543, 3713.2895259648017]","[3654.8892837927615, 3721.8972169901963, 3709.6810516774513, 3659.6025292416243, 3682.0378978394547, 3686.214053004415, 3705.688311182253, 3624.5851743598346, 3679.096917437616, 3701.6156640187965, 3706.5525197160414, 3709.3885182875592, 3666.726441939078, 3694.563563243269, 3564.2953003260254]",1400,2.27
1000.20.2,1000,15,15,endurance,high,high,3600,15.6464,700,31.2928,63.66210317,"[[[0, 336, 283, 851, 919, 558, 87, 395, 48, 517, 922, 715, 743, 864, 964, 129, 733, 876, 140, 881, 403, 355, 298, 2, 489, 311, 25, 338, 684, 67, 494, 496, 473, 602, 193, 431, 435, 983, 236, 859, 551, 706, 398, 493, 371, 574, 360, 300, 54, 111, 39, 792, 0]], [[0, 95, 507, 974, 588, 662, 908, 256, 350, 687, 992, 119, 321, 329, 826, 394, 504, 312, 167, 172, 196, 719, 243, 364, 405, 831, 220, 194, 541, 169, 975, 965, 609, 195, 250, 438, 88, 547, 768, 791, 948, 442, 246, 823, 10, 5, 578, 506, 991, 976, 774, 276, 178, 658, 694, 766, 512, 121, 0]], [[0, 319, 240, 874, 475, 575, 381, 134, 216, 61, 284, 432, 735, 76, 467, 598, 230, 274, 698, 47, 103, 260, 722, 605, 304, 809, 451, 640, 648, 28, 109, 860, 757, 259, 982, 621, 924, 862, 890, 910, 536, 789, 713, 212, 219, 933, 631, 1000, 42, 488, 231, 335, 287, 925, 617, 0]], [[0, 835, 264, 763, 688, 534, 587, 130, 626, 110, 265, 683, 160, 385, 4, 772, 811, 505, 38, 215, 290, 661, 206, 795, 819, 812, 748, 981, 736, 44, 717, 36, 652, 472, 613, 191, 425, 77, 26, 263, 516, 814, 132, 619, 269, 844, 296, 309, 942, 7, 566, 41, 0]], [[0, 282, 253, 749, 186, 911, 81, 458, 85, 361, 113, 665, 436, 314, 740, 636, 228, 179, 669, 896, 570, 380, 941, 672, 529, 999, 247, 533, 197, 34, 331, 357, 936, 894, 909, 115, 875, 565, 952, 978, 764, 499, 288, 474, 885, 889, 387, 221, 396, 929, 448, 564, 998, 270, 161, 560, 553, 410, 56, 912, 60, 0]], [[0, 646, 784, 519, 928, 778, 125, 996, 750, 970, 8, 901, 741, 135, 569, 412, 677, 632, 415, 503, 514, 126, 682, 353, 583, 127, 159, 761, 275, 91, 108, 141, 888, 833, 1, 528, 783, 322, 731, 235, 369, 156, 842, 349, 841, 325, 185, 277, 0]], [[0, 469, 356, 920, 200, 158, 426, 184, 987, 35, 57, 245, 610, 689, 201, 871, 116, 19, 526, 806, 157, 807, 943, 50, 727, 271, 105, 775, 926, 593, 508, 55, 83, 599, 601, 769, 183, 367, 572, 306, 938, 712, 708, 69, 668, 576, 759, 152, 242, 75, 324, 830, 0]], [[0, 117, 650, 579, 972, 900, 379, 794, 327, 685, 337, 967, 608, 703, 762, 107, 198, 949, 491, 318, 573, 295, 317, 696, 501, 266, 899, 793, 118, 737, 561, 162, 870, 17, 97, 892, 545, 629, 347, 100, 375, 880, 454, 680, 151, 24, 457, 31, 420, 43, 872, 74, 0]], [[0, 620, 655, 581, 320, 164, 476, 114, 675, 902, 279, 32, 532, 852, 376, 174, 149, 699, 78, 464, 411, 139, 407, 755, 780, 120, 585, 767, 639, 730, 625, 810, 690, 840, 170, 465, 906, 744, 847, 539, 84, 591, 711, 251, 916, 188, 98, 239, 255, 0]], [[0, 867, 716, 89, 227, 723, 71, 657, 995, 843, 297, 153, 886, 40, 382, 351, 289, 918, 207, 977, 68, 15, 804, 487, 372, 907, 577, 137, 747, 913, 597, 884, 400, 641, 323, 813, 299, 332, 805, 273, 567, 898, 460, 695, 292, 70, 734, 822, 802, 788, 642, 214, 0]], [[0, 509, 366, 51, 638, 352, 233, 930, 596, 471, 739, 946, 869, 584, 208, 365, 866, 714, 102, 80, 272, 368, 112, 124, 258, 979, 402, 600, 818, 384, 612, 187, 865, 606, 857, 397, 653, 704, 175, 447, 580, 173, 628, 305, 225, 359, 497, 693, 543, 480, 724, 985, 966, 832, 732, 143, 0]], [[0, 307, 49, 738, 821, 947, 390, 218, 634, 199, 165, 291, 423, 404, 294, 136, 177, 93, 463, 378, 401, 66, 984, 482, 679, 345, 459, 58, 849, 846, 701, 963, 99, 781, 786, 154, 531, 635, 213, 555, 155, 656, 647, 969, 11, 339, 544, 18, 96, 527, 644, 934, 399, 478, 241, 897, 893, 0]], [[0, 30, 674, 450, 232, 348, 535, 836, 932, 962, 133, 147, 623, 414, 903, 439, 374, 166, 409, 511, 520, 848, 456, 82, 330, 430, 192, 441, 427, 64, 281, 616, 278, 968, 452, 937, 484, 571, 697, 720, 752, 340, 686, 562, 582, 333, 23, 945, 16, 492, 315, 523, 455, 104, 209, 293, 131, 770, 316, 552, 0]], [[0, 408, 254, 550, 530, 614, 421, 556, 663, 422, 756, 586, 389, 796, 86, 495, 590, 554, 445, 498, 202, 525, 604, 955, 728, 671, 709, 971, 954, 861, 801, 3, 742, 524, 180, 645, 624, 94, 691, 106, 931, 342, 559, 122, 301, 62, 268, 363, 148, 462, 745, 707, 829, 615, 710, 433, 989, 986, 203, 824, 782, 595, 65, 406, 73, 854, 280, 754, 328, 0]], [[0, 37, 518, 92, 252, 437, 341, 234, 666, 486, 500, 142, 957, 856, 773, 855, 313, 549, 603, 729, 726, 817, 563, 798, 248, 20, 257, 244, 45, 383, 144, 607, 790, 649, 878, 760, 771, 883, 59, 956, 777, 79, 751, 988, 622, 204, 249, 705, 12, 521, 868, 700, 416, 205, 670, 182, 891, 654, 0]]]","[[[0, 29, 0], [0, 692, 146, 961, 0], [0, 973, 627, 0], [0, 444, 664, 0], [0, 123, 538, 0], [0, 479, 953, 468, 0]], [[0, 803, 787, 0], [0, 466, 522, 0], [0, 393, 799, 0], [0, 594, 923, 0], [0, 483, 377, 0], [0, 63, 673, 0]], [[0, 904, 721, 0], [0, 481, 392, 0], [0, 428, 877, 681, 0], [0, 326, 0], [0, 746, 261, 0], [0, 22, 163, 0], [0, 895, 0]], [[0, 477, 53, 0], [0, 424, 21, 0], [0, 980, 418, 0], [0, 611, 546, 0], [0, 224, 237, 958, 914, 0], [0, 839, 0], [0, 449, 659, 0], [0, 990, 0]], [[0, 176, 138, 27, 0], [0, 927, 0], [0, 14, 302, 0], [0, 343, 820, 0], [0, 510, 537, 0], [0, 592, 211, 0]], [[0, 815, 850, 0], [0, 950, 0], [0, 660, 0], [0, 905, 785, 453, 0], [0, 434, 0], [0, 915, 997, 0], [0, 618, 0], [0, 837, 0]], [[0, 548, 0], [0, 502, 779, 0], [0, 391, 386, 0], [0, 229, 0], [0, 939, 303, 0], [0, 879, 816, 0], [0, 413, 0]], [[0, 828, 0], [0, 101, 651, 128, 0], [0, 9, 993, 0], [0, 344, 210, 0], [0, 334, 362, 0], [0, 589, 540, 0], [0, 776, 0]], [[0, 223, 542, 0], [0, 808, 758, 0], [0, 354, 346, 0], [0, 419, 887, 959, 0], [0, 443, 873, 0], [0, 702, 834, 0]], [[0, 765, 0], [0, 150, 373, 0], [0, 944, 90, 0], [0, 145, 0], [0, 72, 0], [0, 515, 0], [0, 470, 0]], [[0, 994, 168, 0], [0, 417, 0], [0, 461, 0], [0, 633, 960, 800, 0], [0, 262, 0], [0, 446, 0], [0, 882, 951, 189, 0], [0, 630, 226, 0]], [[0, 676, 6, 0], [0, 667, 0], [0, 678, 217, 0], [0, 46, 0], [0, 845, 725, 557, 0], [0, 568, 429, 0], [0, 921, 637, 0], [0, 440, 0], [0, 917, 0]], [[0, 222, 827, 0], [0, 485, 0], [0, 825, 0], [0, 858, 0], [0, 370, 0], [0, 286, 0], [0, 190, 0], [0, 718, 0], [0, 838, 238, 0]], [[0, 863, 0], [0, 643, 358, 0], [0, 171, 940, 0], [0, 490, 0], [0, 181, 267, 0], [0, 513, 33, 0], [0, 52, 0]], [[0, 308, 13, 0], [0, 753, 0], [0, 797, 0], [0, 935, 310, 0], [0, 388, 0], [0, 853, 0], [0, 285, 0]]]","[3814.8302588336396, 3808.085399488594, 3819.2148936974563, 3819.660058169945, 3818.001306149902, 3819.4430964070893, 3816.987016526903, 3815.9850294860425, 3807.605079353684, 3816.7860029688864, 3806.226905589004, 3819.726190019925, 3809.7066299529183, 3819.4012975812193, 3810.123334587024]","[3777.4927834667187, 3756.10666387272, 3816.2935864523156, 3815.6538085326847, 3741.8418273294405, 3767.2811538917376, 3803.1025835587384, 3776.2129157488703, 3819.285728474371, 3700.0889154970328, 3805.538535590219, 3802.858008093421, 3743.359392648578, 3636.7925317126983, 3731.444017886507]",1400,2.27
1000.20.2,1000,15,15,endurance,high,high,3600,15.6464,700,31.2928,62.80172529,"[[[0, 867, 716, 227, 983, 723, 71, 602, 473, 496, 494, 67, 684, 338, 657, 25, 311, 489, 2, 995, 843, 297, 153, 886, 403, 881, 355, 298, 68, 15, 487, 577, 137, 747, 913, 597, 215, 290, 38, 884, 400, 641, 323, 813, 299, 811, 772, 493, 371, 688, 763, 111, 264, 39, 41, 466, 792, 214, 0]], [[0, 449, 920, 200, 446, 426, 184, 987, 35, 57, 245, 610, 689, 327, 685, 337, 967, 501, 696, 949, 491, 317, 295, 573, 931, 342, 318, 62, 301, 122, 559, 106, 691, 94, 624, 645, 180, 524, 742, 3, 801, 861, 971, 709, 954, 266, 793, 899, 629, 347, 100, 375, 794, 454, 680, 379, 900, 972, 579, 650, 117, 537, 356, 469, 46, 0]], [[0, 450, 232, 660, 962, 414, 623, 133, 147, 814, 132, 981, 748, 819, 812, 44, 717, 736, 36, 652, 472, 613, 191, 425, 516, 263, 77, 26, 82, 456, 330, 848, 409, 520, 511, 278, 616, 192, 430, 427, 441, 64, 281, 968, 452, 937, 484, 16, 166, 374, 439, 903, 932, 836, 348, 515, 993, 674, 168, 0]], [[0, 754, 854, 73, 158, 203, 986, 201, 703, 762, 608, 198, 107, 615, 710, 433, 740, 636, 228, 745, 707, 829, 268, 363, 462, 148, 896, 669, 380, 941, 672, 570, 179, 529, 999, 247, 436, 665, 85, 458, 361, 113, 314, 871, 989, 116, 19, 526, 806, 157, 824, 782, 595, 65, 406, 973, 282, 143, 0]], [[0, 891, 182, 13, 670, 205, 416, 521, 760, 878, 790, 607, 144, 45, 383, 79, 751, 988, 622, 142, 957, 856, 773, 855, 313, 549, 603, 729, 726, 817, 563, 798, 248, 20, 257, 244, 170, 840, 690, 810, 625, 730, 585, 767, 639, 84, 539, 591, 251, 916, 711, 637, 581, 128, 850, 470, 0]], [[0, 121, 512, 694, 658, 178, 276, 774, 976, 991, 506, 578, 5, 10, 823, 965, 609, 975, 169, 541, 194, 220, 196, 172, 719, 243, 364, 405, 831, 195, 250, 438, 88, 442, 246, 948, 791, 547, 768, 155, 555, 213, 154, 531, 635, 786, 781, 656, 647, 969, 11, 96, 527, 644, 934, 399, 950, 944, 241, 893, 6, 0]], [[0, 336, 283, 851, 476, 164, 902, 279, 32, 532, 376, 852, 120, 780, 755, 407, 139, 411, 743, 864, 964, 129, 733, 876, 140, 40, 382, 351, 289, 918, 207, 977, 804, 372, 907, 332, 805, 273, 567, 898, 460, 695, 70, 734, 236, 822, 859, 398, 706, 238, 0]], [[0, 765, 254, 550, 171, 614, 421, 507, 974, 588, 662, 908, 256, 389, 796, 350, 687, 992, 504, 312, 167, 394, 826, 329, 321, 119, 86, 498, 202, 525, 604, 955, 561, 728, 671, 118, 737, 545, 892, 97, 870, 162, 17, 590, 554, 445, 495, 880, 756, 422, 586, 663, 151, 24, 31, 420, 190, 123, 0]], [[0, 335, 262, 29, 895, 488, 947, 821, 49, 478, 897, 510, 917, 280, 832, 966, 985, 480, 958, 271, 628, 474, 288, 499, 764, 173, 580, 447, 387, 221, 396, 946, 929, 448, 885, 889, 564, 270, 998, 305, 225, 497, 543, 366, 509, 557, 0]], [[0, 732, 828, 253, 326, 807, 943, 186, 81, 911, 978, 952, 936, 357, 331, 34, 197, 533, 894, 909, 115, 875, 565, 704, 653, 175, 397, 857, 606, 865, 187, 612, 402, 600, 818, 384, 714, 866, 365, 775, 926, 208, 584, 869, 739, 105, 471, 930, 233, 56, 51, 163, 60, 0]], [[0, 830, 37, 185, 242, 152, 759, 92, 252, 576, 668, 69, 83, 599, 601, 769, 970, 8, 272, 901, 503, 415, 632, 677, 412, 135, 741, 569, 367, 183, 572, 306, 938, 712, 708, 341, 437, 204, 12, 249, 705, 956, 777, 59, 771, 883, 649, 906, 465, 744, 847, 868, 700, 98, 239, 0]], [[0, 308, 277, 324, 286, 75, 718, 453, 443, 229, 325, 841, 349, 842, 234, 666, 486, 500, 156, 369, 235, 731, 322, 783, 528, 1, 833, 888, 141, 108, 91, 275, 761, 159, 514, 126, 682, 127, 583, 353, 368, 112, 124, 979, 258, 80, 102, 750, 996, 55, 508, 125, 593, 778, 928, 519, 784, 646, 912, 904, 0]], [[0, 620, 655, 428, 919, 558, 114, 675, 174, 149, 464, 78, 715, 922, 517, 699, 48, 395, 87, 193, 431, 435, 292, 4, 505, 385, 160, 130, 587, 534, 574, 626, 110, 265, 683, 661, 206, 795, 619, 269, 844, 296, 309, 942, 360, 300, 7, 223, 413, 0]], [[0, 307, 738, 18, 544, 339, 963, 701, 99, 846, 849, 58, 459, 345, 679, 482, 984, 621, 924, 982, 259, 757, 860, 109, 28, 648, 640, 451, 605, 809, 304, 697, 571, 582, 333, 23, 945, 492, 315, 523, 455, 104, 535, 131, 316, 837, 0]], [[0, 676, 287, 575, 381, 134, 216, 631, 1000, 42, 390, 218, 634, 199, 165, 291, 423, 404, 294, 136, 177, 93, 463, 401, 66, 378, 862, 890, 910, 536, 789, 713, 212, 219, 933, 467, 598, 230, 103, 260, 722, 47, 698, 274, 720, 752, 340, 562, 686, 76, 735, 432, 72, 753, 475, 874, 319, 925, 617, 0]]]","[[[0, 461, 0], [0, 513, 490, 0], [0, 951, 596, 224, 0], [0, 630, 0], [0, 858, 9, 799, 0], [0, 284, 0], [0, 320, 921, 0]], [[0, 552, 0], [0, 664, 444, 0], [0, 939, 303, 540, 0], [0, 21, 825, 0], [0, 839, 0], [0, 393, 994, 0], [0, 770, 548, 0]], [[0, 209, 673, 0], [0, 90, 310, 0], [0, 678, 927, 0], [0, 785, 725, 560, 914, 0], [0, 176, 217, 0], [0, 879, 835, 997, 0]], [[0, 766, 594, 0], [0, 990, 0], [0, 479, 0], [0, 386, 391, 0], [0, 727, 0], [0, 633, 838, 54, 0], [0, 940, 354, 0], [0, 502, 0]], [[0, 101, 0], [0, 285, 0], [0, 935, 53, 0], [0, 181, 0], [0, 803, 328, 0], [0, 231, 0], [0, 553, 0], [0, 611, 0]], [[0, 343, 0], [0, 905, 758, 882, 0], [0, 592, 211, 0], [0, 800, 779, 834, 0], [0, 693, 237, 724, 0], [0, 344, 556, 0]], [[0, 853, 74, 0], [0, 293, 0], [0, 776, 0], [0, 261, 0], [0, 429, 483, 377, 0], [0, 749, 820, 0], [0, 702, 0]], [[0, 797, 0], [0, 362, 61, 0], [0, 681, 546, 0], [0, 226, 522, 0], [0, 802, 0], [0, 457, 0]], [[0, 189, 808, 0], [0, 589, 0], [0, 392, 481, 0], [0, 370, 0], [0, 915, 222, 410, 0], [0, 568, 0], [0, 485, 0], [0, 43, 0]], [[0, 827, 418, 0], [0, 667, 0], [0, 923, 0], [0, 980, 643, 0], [0, 359, 161, 0], [0, 566, 0], [0, 530, 0], [0, 873, 150, 0]], [[0, 477, 0], [0, 863, 0], [0, 50, 0], [0, 346, 95, 0], [0, 659, 352, 468, 0], [0, 52, 0], [0, 63, 0]], [[0, 440, 0], [0, 872, 721, 0], [0, 787, 538, 419, 0], [0, 627, 388, 0], [0, 358, 0], [0, 961, 0], [0, 424, 0]], [[0, 618, 746, 0], [0, 138, 334, 542, 0], [0, 145, 267, 0], [0, 302, 14, 0], [0, 845, 638, 0], [0, 89, 0], [0, 408, 0]], [[0, 887, 959, 0], [0, 551, 0], [0, 692, 953, 373, 22, 0], [0, 240, 0], [0, 27, 0], [0, 255, 0], [0, 434, 0], [0, 30, 0]], [[0, 960, 788, 0], [0, 188, 651, 0], [0, 146, 816, 0], [0, 518, 815, 0], [0, 642, 877, 33, 0], [0, 210, 0], [0, 417, 0], [0, 654, 0]]]","[3757.4315061116386, 3767.810274861579, 3765.206003682801, 3765.4364636618793, 3766.53830417237, 3764.430941301653, 3766.1390176443133, 3758.9568234559806, 3768.1035174298454, 3760.989811291045, 3763.380127084649, 3766.3143497869346, 3765.015744042131, 3762.3645452549504, 3758.3029422427476]","[3727.3540835158306, 3724.0768977347234, 3758.1453544120222, 3735.5438589131345, 3764.9539689205994, 3707.1591941818733, 3758.8134769147237, 3682.405625277563, 3616.049451544652, 3735.0695475012367, 3645.749399524752, 3653.0441707243394, 3762.4815336925158, 3665.9995498469043, 3745.887767318095]",1400,2.27
1000.20.2,1000,15,15,endurance,high,high,3600,15.6464,700,31.2928,63.32655936,"[[[0, 41, 39, 264, 763, 688, 371, 493, 772, 4, 505, 811, 299, 813, 323, 641, 400, 884, 38, 290, 215, 597, 913, 747, 137, 577, 487, 804, 372, 907, 332, 805, 273, 460, 567, 898, 695, 25, 311, 489, 2, 995, 496, 473, 602, 193, 431, 983, 227, 89, 716, 867, 336, 630, 0]], [[0, 98, 700, 916, 251, 711, 591, 279, 902, 114, 476, 558, 87, 395, 48, 699, 494, 67, 684, 338, 657, 71, 723, 435, 70, 292, 734, 236, 822, 859, 398, 534, 587, 574, 130, 626, 110, 265, 683, 160, 385, 661, 206, 795, 619, 269, 844, 296, 309, 942, 360, 300, 7, 838, 111, 792, 0]], [[0, 308, 830, 277, 324, 52, 75, 718, 150, 670, 205, 204, 12, 249, 705, 956, 988, 622, 751, 79, 777, 59, 883, 771, 878, 760, 649, 790, 607, 144, 383, 45, 248, 20, 257, 244, 170, 840, 690, 810, 625, 730, 767, 585, 120, 852, 532, 32, 639, 84, 539, 465, 906, 744, 847, 868, 521, 416, 182, 891, 239, 0]], [[0, 285, 759, 92, 252, 576, 437, 341, 668, 69, 708, 712, 938, 306, 572, 183, 367, 369, 313, 855, 773, 142, 957, 856, 798, 563, 817, 726, 729, 549, 603, 528, 783, 1, 888, 141, 677, 412, 569, 135, 741, 901, 8, 970, 769, 601, 599, 83, 55, 508, 996, 125, 778, 928, 519, 0]], [[0, 30, 674, 316, 993, 515, 232, 145, 660, 962, 932, 903, 439, 374, 166, 511, 278, 616, 281, 64, 441, 427, 430, 192, 330, 848, 520, 409, 414, 623, 516, 652, 472, 613, 191, 425, 263, 456, 82, 26, 77, 36, 736, 717, 44, 812, 819, 748, 981, 132, 814, 147, 133, 799, 863, 450, 566, 552, 0]], [[0, 37, 185, 242, 229, 325, 841, 349, 842, 234, 666, 486, 500, 156, 235, 731, 322, 833, 108, 91, 275, 761, 159, 514, 415, 632, 503, 126, 682, 127, 583, 353, 368, 272, 112, 124, 979, 258, 80, 750, 102, 714, 866, 365, 584, 208, 775, 926, 593, 882, 784, 951, 222, 0]], [[0, 43, 457, 24, 151, 422, 586, 756, 880, 454, 680, 794, 375, 100, 629, 347, 337, 967, 501, 266, 899, 793, 118, 671, 728, 561, 737, 545, 892, 97, 17, 870, 162, 955, 604, 525, 202, 498, 445, 554, 590, 495, 86, 796, 350, 389, 256, 908, 663, 556, 421, 614, 171, 550, 254, 74, 0]], [[0, 893, 618, 335, 262, 29, 211, 1000, 631, 933, 219, 212, 713, 789, 536, 910, 890, 378, 862, 924, 621, 982, 259, 757, 860, 109, 28, 648, 640, 451, 809, 304, 605, 722, 260, 103, 47, 698, 274, 230, 598, 467, 76, 735, 216, 134, 381, 575, 540, 287, 0]], [[0, 766, 694, 658, 178, 923, 991, 506, 976, 578, 5, 10, 823, 246, 442, 948, 969, 647, 656, 155, 768, 547, 791, 88, 438, 250, 195, 609, 965, 975, 169, 541, 194, 220, 831, 405, 364, 243, 719, 196, 172, 167, 312, 504, 394, 826, 329, 321, 119, 992, 687, 662, 588, 974, 507, 95, 408, 765, 990, 0]], [[0, 620, 283, 851, 919, 149, 464, 78, 715, 517, 922, 843, 297, 153, 886, 403, 881, 355, 298, 15, 68, 977, 207, 918, 289, 351, 382, 40, 140, 876, 733, 129, 964, 864, 743, 411, 139, 407, 755, 780, 376, 174, 675, 164, 581, 702, 655, 0]], [[0, 485, 307, 895, 231, 488, 390, 42, 218, 634, 199, 165, 404, 423, 294, 136, 177, 463, 93, 846, 849, 58, 459, 401, 66, 984, 482, 679, 345, 154, 555, 213, 635, 531, 786, 781, 99, 701, 963, 339, 291, 947, 821, 738, 544, 18, 96, 11, 527, 644, 774, 434, 399, 478, 241, 897, 512, 121, 0]], [[0, 214, 255, 60, 163, 509, 832, 966, 828, 282, 328, 0], [0, 617, 676, 858, 240, 994, 348, 535, 293, 209, 104, 455, 16, 484, 937, 452, 968, 571, 697, 720, 752, 340, 686, 562, 582, 333, 23, 945, 492, 315, 523, 432, 72, 753, 475, 874, 63, 925, 0]], [[0, 469, 190, 356, 920, 200, 117, 650, 579, 972, 900, 379, 327, 685, 608, 689, 703, 762, 107, 198, 696, 949, 491, 317, 295, 573, 691, 94, 624, 645, 954, 709, 971, 861, 801, 3, 180, 742, 524, 106, 931, 342, 318, 559, 122, 301, 62, 268, 363, 148, 462, 745, 707, 829, 710, 615, 871, 989, 986, 203, 824, 782, 65, 406, 449, 803, 46, 0]], [[0, 732, 253, 749, 186, 81, 911, 458, 85, 34, 197, 331, 357, 936, 115, 909, 894, 533, 672, 941, 380, 896, 669, 570, 179, 529, 999, 247, 436, 665, 113, 361, 943, 807, 157, 806, 526, 19, 116, 314, 740, 636, 228, 433, 201, 610, 245, 57, 35, 987, 184, 426, 158, 595, 538, 73, 854, 280, 754, 0]], [[0, 904, 912, 51, 56, 233, 930, 596, 471, 105, 739, 869, 384, 818, 600, 402, 612, 187, 865, 606, 857, 397, 175, 704, 653, 565, 875, 952, 978, 764, 499, 288, 474, 173, 580, 447, 387, 221, 396, 946, 929, 448, 270, 998, 564, 885, 889, 628, 305, 225, 497, 543, 480, 985, 143, 0]]]","[[[0, 815, 6, 0], [0, 850, 637, 0], [0, 392, 490, 0], [0, 537, 302, 0], [0, 444, 837, 0], [0, 914, 727, 0]], [[0, 594, 980, 0], [0, 724, 659, 0], [0, 267, 664, 0], [0, 785, 693, 359, 0], [0, 343, 905, 0], [0, 13, 373, 873, 0], [0, 548, 0]], [[0, 667, 879, 0], [0, 797, 0], [0, 787, 820, 627, 0], [0, 692, 808, 953, 0], [0, 189, 758, 410, 560, 0], [0, 237, 958, 0]], [[0, 643, 0], [0, 746, 388, 0], [0, 542, 673, 939, 0], [0, 176, 362, 131, 0], [0, 440, 0], [0, 386, 481, 0], [0, 470, 0], [0, 466, 502, 0]], [[0, 510, 887, 0], [0, 592, 61, 0], [0, 21, 960, 788, 0], [0, 443, 0], [0, 973, 959, 419, 0], [0, 27, 0], [0, 417, 0]], [[0, 168, 0], [0, 802, 0], [0, 429, 944, 0], [0, 839, 0], [0, 22, 646, 0], [0, 706, 0], [0, 453, 479, 0]], [[0, 651, 188, 0], [0, 678, 90, 0], [0, 921, 320, 0], [0, 152, 0], [0, 800, 654, 0], [0, 633, 238, 54, 0], [0, 123, 721, 0]], [[0, 326, 0], [0, 638, 845, 0], [0, 284, 303, 0], [0, 770, 223, 0], [0, 226, 522, 0], [0, 530, 0]], [[0, 393, 568, 0], [0, 428, 101, 0], [0, 835, 551, 0], [0, 950, 0], [0, 224, 725, 161, 0], [0, 271, 0]], [[0, 420, 0], [0, 483, 49, 0], [0, 853, 0], [0, 358, 0], [0, 446, 0], [0, 681, 513, 834, 0], [0, 418, 0], [0, 413, 0]], [[0, 611, 0], [0, 477, 53, 0], [0, 138, 181, 0], [0, 776, 0], [0, 9, 836, 0], [0, 352, 468, 0], [0, 276, 0]], [[0, 210, 0], [0, 146, 366, 0], [0, 50, 0], [0, 915, 961, 0], [0, 816, 391, 0], [0, 518, 0], [0, 370, 0]], [[0, 217, 310, 0], [0, 344, 354, 346, 0], [0, 877, 546, 0], [0, 934, 0], [0, 642, 424, 0], [0, 286, 827, 0], [0, 557, 0]], [[0, 589, 0], [0, 825, 0], [0, 128, 779, 33, 0], [0, 319, 0], [0, 334, 377, 0], [0, 940, 14, 0], [0, 917, 0]], [[0, 872, 997, 0], [0, 935, 0], [0, 31, 0], [0, 927, 0], [0, 553, 0], [0, 261, 0], [0, 461, 0]]]","[3796.1760475171727, 3799.1366931489442, 3799.364828131382, 3797.215052104763, 3773.7179936417047, 3799.3033606609442, 3792.989937208982, 3796.5832983436867, 3794.711374661346, 3799.5935614620334, 3793.547282677834, 3743.7281336493006, 3798.295157825842, 3795.817540660063, 3765.250291629346]","[3694.8670467786596, 3689.562400672994, 3739.517909754363, 3798.2137052655003, 3767.644583355426, 3683.7519719215907, 3792.2788444299376, 3776.360868695777, 3768.569229508181, 3768.595453709689, 3768.39194293781, 3654.196110987461, 3671.429668300489, 3799.0083698307135, 3708.4908417457955]",1400,2.27
1000.20.3,1000,15,15,endurance,high,high,3600,15.6464,700,31.2928,63.74485252,"[[[0, 104, 407, 660, 538, 503, 715, 170, 469, 233, 329, 851, 207, 68, 456, 708, 671, 519, 106, 872, 400, 955, 858, 395, 18, 820, 220, 783, 269, 667, 314, 387, 874, 136, 21, 380, 230, 412, 294, 949, 362, 908, 834, 270, 152, 547, 450, 408, 567, 209, 585, 429, 379, 863, 534, 483, 980, 0]], [[0, 886, 791, 485, 349, 71, 759, 941, 504, 391, 189, 416, 952, 505, 506, 390, 755, 520, 802, 707, 818, 960, 616, 895, 343, 840, 156, 554, 481, 285, 868, 113, 508, 476, 181, 432, 486, 730, 771, 833, 923, 463, 98, 652, 0]], [[0, 841, 288, 126, 457, 359, 985, 797, 433, 498, 3, 461, 284, 340, 204, 903, 171, 55, 43, 266, 936, 88, 549, 576, 480, 132, 805, 94, 898, 423, 287, 633, 636, 382, 996, 905, 773, 815, 968, 867, 240, 289, 12, 621, 227, 794, 264, 634, 913, 744, 451, 694, 646, 889, 334, 884, 614, 894, 403, 943, 0]], [[0, 693, 371, 1, 678, 168, 83, 292, 344, 218, 138, 135, 466, 823, 589, 363, 257, 853, 369, 375, 720, 536, 253, 11, 26, 535, 883, 51, 935, 701, 976, 318, 62, 655, 320, 140, 692, 29, 249, 673, 242, 64, 499, 276, 425, 649, 421, 530, 855, 100, 226, 465, 573, 640, 529, 501, 560, 0]], [[0, 91, 592, 644, 358, 677, 458, 33, 704, 631, 115, 541, 635, 645, 515, 268, 724, 550, 866, 739, 513, 472, 778, 40, 619, 373, 789, 116, 473, 155, 44, 355, 166, 332, 786, 484, 224, 950, 629, 849, 663, 267, 507, 206, 748, 347, 627, 187, 878, 479, 559, 565, 20, 78, 197, 857, 290, 792, 0]], [[0, 418, 364, 291, 28, 331, 742, 601, 816, 546, 63, 120, 208, 124, 488, 384, 58, 727, 228, 611, 167, 514, 575, 578, 446, 970, 626, 845, 661, 804, 304, 223, 722, 848, 406, 676, 73, 687, 745, 525, 296, 69, 53, 612, 39, 273, 6, 164, 0]], [[0, 809, 143, 900, 150, 439, 409, 85, 978, 706, 944, 482, 953, 598, 278, 919, 958, 368, 637, 801, 737, 110, 8, 175, 163, 825, 679, 781, 117, 838, 674, 345, 435, 987, 753, 557, 710, 142, 146, 856, 41, 577, 683, 888, 877, 793, 887, 726, 638, 876, 235, 404, 609, 925, 842, 832, 354, 0]], [[0, 399, 962, 988, 87, 605, 606, 254, 608, 993, 736, 870, 360, 937, 803, 964, 719, 711, 192, 662, 865, 489, 176, 169, 35, 544, 389, 303, 370, 299, 72, 438, 740, 990, 193, 77, 471, 305, 70, 75, 628, 812, 957, 826, 494, 861, 899, 723, 9, 311, 959, 491, 141, 808, 977, 896, 951, 376, 401, 251, 0]], [[0, 50, 216, 419, 470, 336, 327, 699, 211, 129, 522, 597, 926, 904, 712, 939, 172, 236, 205, 986, 487, 195, 24, 564, 799, 653, 1000, 862, 333, 569, 728, 56, 828, 764, 79, 183, 108, 885, 361, 383, 859, 16, 971, 452, 974, 542, 921, 283, 173, 317, 902, 891, 214, 342, 819, 875, 459, 675, 0]], [[0, 477, 225, 835, 271, 49, 811, 709, 531, 125, 829, 37, 956, 46, 758, 61, 664, 882, 25, 222, 350, 2, 800, 666, 846, 31, 984, 67, 301, 511, 219, 188, 690, 386, 148, 591, 814, 731, 151, 202, 594, 447, 417, 22, 139, 775, 831, 765, 584, 651, 96, 553, 81, 315, 42, 0]], [[0, 733, 617, 159, 798, 688, 490, 769, 837, 339, 796, 551, 607, 17, 659, 574, 827, 231, 381, 293, 80, 702, 572, 402, 198, 82, 768, 997, 52, 190, 4, 963, 523, 871, 121, 45, 600, 946, 319, 424, 521, 149, 497, 639, 36, 836, 102, 682, 901, 686, 932, 346, 524, 672, 528, 732, 738, 780, 161, 0]], [[0, 929, 462, 201, 123, 761, 394, 86, 493, 324, 989, 378, 348, 668, 670, 179, 510, 388, 111, 174, 502, 981, 365, 258, 119, 97, 938, 599, 194, 397, 65, 760, 922, 790, 241, 641, 588, 57, 948, 426, 879, 272, 928, 757, 777, 610, 275, 15, 229, 95, 830, 915, 0]], [[0, 103, 157, 911, 32, 431, 261, 735, 385, 622, 337, 436, 440, 648, 474, 279, 101, 217, 328, 178, 184, 604, 762, 239, 248, 563, 442, 322, 558, 581, 788, 556, 657, 48, 714, 806, 539, 852, 212, 697, 415, 144, 302, 746, 881, 177, 930, 705, 695, 374, 716, 615, 130, 787, 437, 325, 0]], [[0, 532, 516, 496, 312, 665, 27, 583, 586, 869, 372, 580, 517, 246, 669, 353, 909, 537, 940, 718, 729, 295, 443, 260, 689, 543, 933, 570, 492, 995, 47, 918, 74, 741, 906, 475, 244, 112, 191, 509, 998, 892, 256, 725, 7, 613, 972, 620, 398, 632, 185, 927, 367, 323, 966, 434, 84, 763, 770, 743, 562, 0]], [[0, 756, 983, 122, 750, 860, 13, 587, 821, 34, 579, 23, 454, 422, 782, 180, 839, 893, 259, 280, 824, 540, 749, 245, 467, 880, 907, 991, 618, 430, 965, 352, 478, 330, 552, 795, 967, 54, 321, 917, 196, 582, 548, 243, 356, 326, 994, 934, 495, 238, 0]]]","[[[0, 413, 596, 0], [0, 199, 772, 308, 0], [0, 118, 396, 0], [0, 630, 947, 0], [0, 785, 460, 30, 128, 0], [0, 680, 0]], [[0, 931, 210, 854, 0], [0, 255, 654, 313, 752, 0], [0, 300, 566, 297, 0], [0, 89, 59, 0], [0, 109, 0], [0, 5, 784, 0]], [[0, 684, 0], [0, 307, 0], [0, 186, 10, 357, 0], [0, 920, 847, 0], [0, 200, 420, 0], [0, 945, 0]], [[0, 590, 0], [0, 165, 864, 850, 0], [0, 131, 0], [0, 427, 0], [0, 468, 992, 658, 0], [0, 338, 281, 182, 0], [0, 215, 310, 0], [0, 602, 897, 0]], [[0, 392, 0], [0, 910, 0], [0, 154, 0], [0, 90, 0], [0, 449, 810, 0], [0, 776, 813, 0], [0, 703, 0], [0, 237, 555, 0]], [[0, 685, 751, 527, 0], [0, 221, 411, 134, 0], [0, 696, 767, 93, 0], [0, 571, 99, 0], [0, 999, 779, 0], [0, 656, 0]], [[0, 351, 533, 0], [0, 160, 0], [0, 754, 66, 0], [0, 982, 595, 0], [0, 912, 512, 0], [0, 107, 0]], [[0, 265, 0], [0, 405, 105, 0], [0, 393, 0], [0, 428, 518, 0], [0, 625, 145, 133, 0], [0, 647, 114, 0], [0, 713, 0], [0, 203, 0], [0, 807, 0]], [[0, 747, 0], [0, 158, 681, 0], [0, 969, 0], [0, 975, 274, 0], [0, 153, 282, 0], [0, 942, 0], [0, 306, 0], [0, 162, 0]], [[0, 924, 92, 0], [0, 38, 0], [0, 455, 0], [0, 890, 500, 0], [0, 76, 766, 0], [0, 277, 309, 914, 0], [0, 526, 19, 0]], [[0, 213, 0], [0, 445, 0], [0, 545, 734, 0], [0, 561, 252, 263, 0], [0, 817, 0], [0, 262, 691, 0], [0, 448, 0], [0, 650, 0]], [[0, 377, 0], [0, 698, 0], [0, 624, 410, 0], [0, 979, 0], [0, 717, 0], [0, 298, 0], [0, 147, 0], [0, 137, 0]], [[0, 232, 0], [0, 286, 0], [0, 973, 0], [0, 414, 250, 0], [0, 247, 954, 0], [0, 234, 0], [0, 366, 0], [0, 603, 0], [0, 700, 341, 0]], [[0, 774, 843, 0], [0, 464, 453, 0], [0, 642, 0], [0, 916, 444, 0], [0, 822, 0], [0, 127, 0], [0, 568, 721, 0], [0, 643, 0]], [[0, 316, 961, 0], [0, 623, 0], [0, 873, 0], [0, 335, 0], [0, 14, 0], [0, 593, 441, 0], [0, 60, 844, 0]]]","[3824.537379321187, 3824.128189642929, 3824.626590182043, 3824.691151115561, 3821.1014753032423, 3794.7253902452962, 3814.1454337679975, 3805.700694654585, 3815.489469932067, 3824.4186437014696, 3820.8111440664547, 3808.4187726991954, 3813.026418566853, 3816.892424402274, 3815.470426649648]","[3693.8772699436063, 3812.9678246903272, 3787.234753412313, 3745.0394351210293, 3742.7226761140423, 3797.103381249137, 3544.922306066652, 3669.3194872651234, 3631.225602271651, 3762.615992315298, 3823.5647297767423, 3687.2767193570407, 3790.255194308718, 3710.7463804339404, 3787.0242331627082]",1400,2.27
1000.20.3,1000,15,15,endurance,high,high,3600,15.6464,700,31.2928,63.37099717,"[[[0, 590, 104, 407, 660, 698, 392, 538, 264, 634, 794, 227, 621, 12, 289, 329, 503, 715, 170, 469, 233, 68, 207, 851, 240, 867, 968, 815, 773, 905, 996, 382, 636, 633, 898, 423, 287, 55, 43, 171, 903, 461, 284, 340, 204, 266, 936, 94, 96, 553, 651, 81, 847, 315, 0]], [[0, 308, 532, 888, 583, 586, 869, 372, 580, 517, 537, 909, 940, 724, 268, 515, 645, 513, 739, 866, 550, 718, 295, 729, 260, 443, 689, 543, 933, 570, 492, 995, 112, 244, 191, 509, 998, 892, 256, 725, 613, 972, 398, 620, 7, 927, 367, 323, 966, 147, 842, 0]], [[0, 560, 501, 529, 640, 573, 465, 226, 166, 355, 44, 155, 473, 116, 789, 242, 64, 499, 276, 425, 855, 530, 421, 62, 318, 976, 701, 935, 883, 253, 11, 535, 26, 692, 140, 320, 655, 649, 29, 249, 673, 40, 778, 472, 619, 373, 635, 541, 115, 669, 353, 246, 631, 704, 33, 726, 876, 404, 0]], [[0, 95, 462, 201, 123, 761, 493, 185, 632, 906, 475, 741, 74, 918, 47, 588, 57, 241, 641, 65, 760, 194, 397, 97, 119, 258, 365, 981, 502, 174, 938, 599, 922, 790, 948, 179, 388, 111, 510, 670, 668, 348, 378, 989, 324, 86, 394, 777, 610, 275, 15, 142, 146, 255, 675, 0]], [[0, 680, 50, 916, 753, 987, 435, 345, 674, 838, 470, 336, 327, 699, 211, 129, 522, 597, 926, 757, 904, 928, 272, 879, 426, 236, 172, 205, 986, 939, 712, 487, 195, 24, 564, 799, 653, 1000, 862, 333, 569, 728, 117, 781, 679, 825, 173, 317, 891, 214, 342, 650, 915, 0]], [[0, 6, 808, 141, 339, 837, 769, 796, 959, 491, 311, 9, 659, 574, 406, 124, 488, 384, 58, 848, 223, 304, 167, 514, 804, 661, 845, 575, 578, 446, 970, 626, 198, 82, 768, 963, 523, 871, 45, 600, 946, 319, 424, 521, 381, 231, 723, 899, 861, 494, 826, 957, 812, 977, 896, 951, 401, 251, 0]], [[0, 732, 596, 969, 528, 672, 524, 776, 305, 92, 77, 471, 70, 75, 628, 836, 827, 80, 293, 149, 497, 639, 36, 102, 682, 901, 686, 346, 932, 176, 489, 169, 35, 544, 389, 303, 370, 964, 803, 937, 360, 299, 72, 438, 740, 990, 193, 993, 736, 870, 34, 942, 608, 606, 605, 87, 988, 962, 399, 161, 0]], [[0, 756, 122, 750, 127, 779, 548, 454, 422, 782, 749, 245, 467, 880, 907, 965, 430, 991, 618, 563, 442, 248, 239, 762, 604, 352, 478, 217, 101, 322, 558, 581, 788, 556, 279, 328, 178, 184, 330, 552, 337, 795, 967, 54, 321, 917, 196, 582, 356, 243, 326, 994, 911, 685, 306, 0]], [[0, 925, 609, 562, 770, 763, 516, 496, 312, 683, 665, 27, 877, 793, 109, 458, 644, 592, 91, 137, 979, 947, 961, 717, 168, 292, 759, 71, 432, 486, 362, 908, 834, 547, 152, 450, 730, 771, 833, 585, 923, 349, 485, 791, 463, 863, 534, 483, 0]], [[0, 857, 197, 78, 484, 224, 950, 479, 559, 878, 849, 629, 663, 332, 267, 507, 206, 748, 187, 347, 627, 51, 536, 720, 375, 369, 952, 505, 506, 390, 755, 520, 802, 707, 818, 960, 616, 840, 156, 554, 481, 285, 868, 113, 508, 189, 416, 853, 257, 363, 589, 823, 565, 20, 396, 427, 290, 0]], [[0, 864, 860, 13, 587, 784, 579, 23, 180, 839, 893, 540, 259, 280, 824, 719, 711, 192, 662, 865, 997, 52, 190, 4, 121, 402, 572, 702, 722, 727, 228, 611, 208, 120, 63, 546, 816, 601, 742, 331, 291, 978, 706, 364, 439, 143, 809, 459, 0]], [[0, 237, 652, 656, 98, 209, 567, 408, 708, 456, 671, 519, 106, 872, 955, 858, 400, 270, 412, 949, 294, 380, 230, 395, 18, 820, 667, 269, 220, 783, 895, 343, 387, 874, 314, 21, 136, 181, 476, 941, 504, 391, 135, 466, 138, 218, 344, 307, 623, 83, 678, 1, 886, 60, 693, 0]], [[0, 437, 841, 787, 130, 615, 271, 49, 811, 985, 797, 775, 433, 3, 498, 447, 594, 202, 151, 731, 814, 591, 148, 386, 690, 219, 188, 882, 25, 222, 350, 67, 511, 301, 984, 31, 846, 666, 2, 800, 539, 806, 714, 48, 657, 474, 648, 440, 436, 622, 385, 735, 261, 431, 934, 495, 238, 0]], [[0, 273, 150, 409, 85, 921, 283, 542, 974, 452, 944, 971, 953, 859, 16, 8, 175, 163, 56, 828, 764, 79, 108, 183, 885, 361, 110, 383, 737, 801, 637, 368, 958, 919, 278, 598, 482, 28, 296, 525, 745, 687, 73, 676, 17, 607, 551, 53, 69, 612, 490, 688, 798, 159, 617, 733, 39, 164, 0]], [[0, 477, 288, 225, 457, 835, 468, 716, 374, 945, 695, 709, 531, 930, 705, 177, 881, 746, 697, 852, 212, 415, 144, 302, 758, 46, 61, 664, 956, 37, 829, 125, 417, 22, 139, 831, 765, 584, 88, 549, 576, 480, 132, 805, 913, 744, 451, 694, 646, 889, 334, 884, 614, 403, 325, 0], [0, 265, 0]]]","[[[0, 103, 642, 0], [0, 419, 0], [0, 912, 566, 0], [0, 351, 0], [0, 786, 0], [0, 221, 954, 792, 0], [0, 277, 992, 0]], [[0, 213, 14, 0], [0, 703, 0], [0, 821, 0], [0, 500, 752, 41, 856, 0], [0, 235, 677, 0], [0, 131, 89, 0], [0, 30, 84, 428, 0]], [[0, 983, 0], [0, 118, 691, 0], [0, 526, 654, 313, 229, 0], [0, 444, 310, 0], [0, 822, 873, 0], [0, 780, 300, 512, 527, 999, 0]], [[0, 747, 0], [0, 445, 0], [0, 418, 357, 819, 0], [0, 914, 99, 0], [0, 684, 5, 0], [0, 751, 66, 0], [0, 710, 0]], [[0, 455, 0], [0, 274, 545, 813, 0], [0, 738, 0], [0, 429, 210, 0], [0, 734, 0], [0, 910, 0], [0, 448, 0], [0, 354, 0]], [[0, 943, 0], [0, 897, 338, 0], [0, 568, 721, 0], [0, 875, 0], [0, 696, 0], [0, 624, 924, 133, 0], [0, 316, 247, 0], [0, 379, 281, 0], [0, 377, 0], [0, 371, 0]], [[0, 900, 199, 0], [0, 561, 262, 766, 0], [0, 533, 114, 0], [0, 182, 309, 126, 0], [0, 902, 453, 0], [0, 90, 434, 0]], [[0, 413, 772, 0], [0, 700, 571, 920, 0], [0, 252, 76, 854, 0], [0, 160, 0], [0, 754, 982, 0], [0, 298, 0], [0, 929, 0]], [[0, 216, 0], [0, 154, 0], [0, 931, 980, 0], [0, 832, 19, 0], [0, 518, 341, 0], [0, 263, 0], [0, 817, 0], [0, 234, 0], [0, 890, 0]], [[0, 162, 0], [0, 405, 254, 625, 0], [0, 203, 0], [0, 10, 186, 215, 0], [0, 603, 0], [0, 42, 0], [0, 593, 441, 0], [0, 681, 93, 464, 0]], [[0, 557, 0], [0, 165, 975, 0], [0, 555, 0], [0, 810, 145, 0], [0, 157, 0], [0, 973, 0], [0, 602, 807, 0], [0, 743, 460, 0]], [[0, 643, 0], [0, 595, 153, 0], [0, 134, 844, 0], [0, 105, 774, 843, 0], [0, 376, 0], [0, 32, 850, 0], [0, 638, 0]], [[0, 286, 0], [0, 158, 647, 0], [0, 767, 38, 0], [0, 393, 0], [0, 297, 414, 282, 0], [0, 335, 0], [0, 107, 0], [0, 830, 0]], [[0, 232, 0], [0, 411, 630, 0], [0, 358, 0], [0, 449, 0], [0, 100, 366, 0], [0, 713, 894, 0], [0, 250, 0]], [[0, 200, 420, 0], [0, 410, 0], [0, 785, 59, 0], [0, 658, 359, 0], [0, 887, 128, 0], [0, 577, 0]]]","[3798.8513802099915, 3802.2598300427644, 3798.493602151733, 3801.7338583536557, 3790.4347061962685, 3801.8698427356953, 3788.9534243271833, 3794.423933685981, 3801.7598839533557, 3801.6280807236744, 3800.596829151276, 3794.5404543537643, 3770.6154327923678, 3801.7513889692023, 3794.3824773100364]","[3778.014790442752, 3801.2278475318526, 3775.8386877043004, 3763.0207822132625, 3665.3998736952717, 3775.54202945368, 3792.2765138067703, 3777.372616838823, 3618.986851856081, 3770.996579424418, 3777.1837656900707, 3755.043997637175, 3757.047771502396, 3543.4661298055585, 3387.6348134241007]",1400,2.27
1000.20.3,1000,15,15,endurance,high,high,3600,15.6464,700,31.2928,62.24540352,"[[[0, 143, 150, 439, 364, 706, 978, 944, 953, 598, 919, 278, 801, 637, 368, 958, 742, 601, 816, 546, 63, 120, 611, 228, 727, 58, 384, 488, 124, 208, 73, 676, 406, 574, 659, 17, 607, 687, 745, 525, 296, 331, 28, 482, 291, 69, 53, 551, 490, 612, 798, 159, 617, 733, 273, 6, 0]], [[0, 306, 477, 130, 716, 374, 705, 930, 177, 881, 746, 415, 144, 302, 61, 664, 882, 25, 222, 350, 2, 800, 666, 846, 31, 984, 67, 301, 511, 188, 219, 690, 386, 148, 591, 814, 731, 151, 37, 956, 46, 758, 829, 125, 531, 709, 49, 271, 615, 787, 0]], [[0, 376, 808, 141, 837, 769, 796, 339, 959, 491, 311, 9, 723, 231, 381, 293, 80, 521, 149, 497, 639, 102, 682, 901, 686, 471, 77, 346, 932, 193, 990, 870, 360, 937, 540, 839, 180, 749, 782, 422, 548, 454, 23, 579, 587, 405, 13, 750, 122, 983, 756, 0]], [[0, 643, 483, 534, 863, 379, 656, 98, 429, 463, 923, 585, 833, 771, 730, 547, 152, 450, 408, 567, 209, 392, 538, 503, 715, 170, 469, 233, 708, 456, 68, 207, 329, 851, 240, 867, 815, 773, 968, 289, 12, 621, 227, 794, 264, 634, 913, 744, 451, 694, 646, 889, 595, 99, 884, 614, 403, 943, 325, 0]], [[0, 341, 886, 371, 168, 411, 791, 485, 349, 71, 908, 834, 270, 400, 519, 671, 106, 872, 955, 858, 395, 18, 820, 220, 783, 269, 667, 230, 380, 21, 136, 181, 476, 941, 504, 391, 257, 363, 589, 823, 565, 20, 559, 479, 878, 629, 663, 206, 507, 267, 332, 786, 252, 366, 973, 857, 290, 232, 0]], [[0, 738, 732, 528, 672, 524, 924, 305, 70, 75, 836, 36, 424, 319, 946, 600, 45, 572, 402, 523, 871, 121, 4, 190, 963, 768, 82, 198, 626, 970, 446, 578, 575, 845, 661, 804, 514, 167, 304, 223, 722, 702, 848, 827, 899, 861, 826, 494, 957, 628, 812, 977, 896, 951, 401, 681, 0]], [[0, 693, 247, 961, 717, 623, 307, 218, 138, 466, 135, 853, 416, 189, 508, 113, 481, 554, 285, 868, 952, 505, 506, 390, 755, 520, 802, 707, 818, 960, 616, 156, 840, 895, 343, 874, 387, 314, 294, 412, 949, 362, 486, 432, 759, 292, 344, 83, 678, 1, 0]], [[0, 154, 234, 19, 91, 592, 644, 358, 677, 458, 115, 541, 635, 645, 515, 513, 739, 866, 550, 724, 268, 669, 353, 909, 537, 940, 729, 295, 718, 933, 570, 995, 492, 543, 260, 443, 689, 509, 998, 892, 256, 372, 580, 517, 246, 631, 704, 33, 726, 876, 404, 128, 925, 308, 377, 0]], [[0, 841, 835, 359, 811, 985, 797, 139, 22, 417, 447, 594, 202, 903, 204, 936, 266, 43, 171, 55, 287, 423, 898, 633, 636, 382, 996, 905, 805, 132, 480, 94, 576, 549, 88, 340, 284, 461, 3, 498, 433, 775, 831, 765, 584, 651, 96, 553, 81, 982, 315, 282, 42, 0]], [[0, 197, 979, 78, 484, 224, 950, 849, 748, 187, 347, 627, 935, 701, 976, 62, 318, 883, 51, 536, 720, 375, 369, 253, 11, 535, 26, 692, 140, 320, 655, 421, 530, 855, 64, 499, 276, 425, 649, 29, 249, 673, 40, 778, 472, 619, 373, 242, 789, 116, 473, 155, 44, 355, 166, 226, 465, 573, 640, 529, 137, 501, 560, 0]], [[0, 562, 743, 770, 763, 516, 496, 312, 683, 27, 583, 761, 123, 201, 275, 15, 610, 777, 394, 86, 493, 324, 989, 879, 272, 426, 378, 348, 668, 236, 172, 205, 986, 712, 939, 928, 904, 757, 926, 597, 522, 129, 211, 699, 327, 336, 470, 710, 146, 856, 462, 95, 830, 393, 915, 675, 0]], [[0, 164, 39, 215, 409, 85, 921, 283, 542, 974, 452, 971, 16, 859, 383, 737, 110, 361, 885, 108, 183, 8, 173, 317, 679, 825, 175, 163, 79, 764, 828, 56, 728, 569, 333, 862, 1000, 195, 24, 487, 564, 799, 653, 117, 781, 838, 674, 345, 435, 987, 753, 419, 50, 342, 459, 0]], [[0, 238, 850, 751, 911, 32, 326, 243, 356, 582, 196, 965, 430, 618, 991, 907, 880, 467, 245, 893, 259, 280, 824, 719, 711, 803, 964, 192, 662, 865, 997, 52, 489, 176, 169, 35, 544, 389, 303, 370, 299, 72, 438, 740, 993, 736, 34, 821, 608, 767, 606, 605, 87, 684, 988, 962, 399, 161, 0]], [[0, 609, 817, 877, 586, 869, 7, 725, 613, 972, 620, 398, 191, 112, 918, 47, 588, 641, 241, 57, 790, 922, 760, 65, 397, 194, 599, 938, 97, 119, 258, 365, 981, 502, 174, 111, 388, 510, 670, 179, 948, 74, 741, 244, 475, 906, 632, 185, 927, 367, 323, 966, 147, 107, 929, 354, 0]], [[0, 437, 288, 992, 457, 468, 945, 695, 385, 735, 337, 622, 436, 440, 648, 474, 279, 657, 697, 212, 852, 539, 806, 714, 48, 556, 788, 581, 558, 322, 442, 563, 248, 101, 217, 478, 762, 239, 352, 917, 604, 184, 328, 178, 330, 552, 795, 967, 54, 321, 261, 431, 934, 495, 0]]]","[[[0, 891, 0], [0, 912, 512, 0], [0, 819, 721, 186, 0], [0, 118, 691, 0], [0, 916, 902, 310, 0], [0, 213, 453, 0]], [[0, 254, 145, 0], [0, 557, 313, 0], [0, 766, 100, 89, 0], [0, 555, 396, 0], [0, 561, 954, 947, 0], [0, 162, 0]], [[0, 890, 0], [0, 822, 277, 0], [0, 654, 665, 0], [0, 810, 776, 0], [0, 577, 41, 0], [0, 420, 200, 0]], [[0, 779, 593, 0], [0, 897, 864, 0], [0, 784, 105, 0], [0, 60, 630, 134, 0], [0, 780, 625, 942, 0], [0, 931, 844, 0]], [[0, 809, 0], [0, 251, 418, 0], [0, 518, 785, 887, 0], [0, 114, 647, 0], [0, 165, 92, 0], [0, 652, 0], [0, 875, 0], [0, 642, 696, 0]], [[0, 286, 0], [0, 603, 0], [0, 900, 0], [0, 847, 297, 0], [0, 214, 0], [0, 216, 0], [0, 533, 752, 444, 0]], [[0, 842, 0], [0, 38, 545, 133, 0], [0, 568, 500, 14, 0], [0, 526, 449, 0], [0, 235, 90, 0], [0, 860, 843, 0], [0, 427, 0]], [[0, 434, 30, 255, 0], [0, 109, 0], [0, 920, 873, 210, 281, 0], [0, 59, 0], [0, 660, 0], [0, 126, 5, 0]], [[0, 772, 410, 0], [0, 127, 0], [0, 262, 76, 700, 602, 0], [0, 182, 309, 914, 0], [0, 566, 658, 0], [0, 590, 0], [0, 685, 265, 0]], [[0, 638, 0], [0, 357, 10, 0], [0, 103, 66, 0], [0, 338, 832, 0], [0, 999, 441, 0], [0, 455, 0], [0, 157, 980, 0], [0, 792, 0], [0, 131, 0]], [[0, 460, 888, 84, 0], [0, 910, 0], [0, 300, 713, 93, 0], [0, 428, 0], [0, 298, 0], [0, 414, 104, 0], [0, 747, 0]], [[0, 225, 774, 0], [0, 532, 0], [0, 199, 158, 0], [0, 335, 813, 0], [0, 274, 413, 0], [0, 153, 698, 0], [0, 854, 0]], [[0, 807, 0], [0, 445, 0], [0, 221, 263, 0], [0, 754, 0], [0, 448, 316, 0], [0, 624, 596, 0], [0, 464, 0], [0, 237, 894, 0]], [[0, 650, 0], [0, 229, 142, 0], [0, 793, 0], [0, 351, 0], [0, 527, 994, 0], [0, 680, 0], [0, 250, 0], [0, 334, 0]], [[0, 703, 0], [0, 203, 0], [0, 688, 0], [0, 160, 0], [0, 969, 975, 0], [0, 571, 407, 0], [0, 734, 0]]]","[3733.353831766505, 3729.93352112804, 3732.5663966947996, 3726.502987237238, 3724.2796967480444, 3734.1489678004577, 3731.768095242019, 3732.073767194889, 3734.7122941261846, 3734.7242114925625, 3734.118722833431, 3725.8669696599186, 3731.7847983159845, 3732.3174759408485, 3720.8151741544475]","[3703.759780295016, 3727.328102541842, 3732.315605186532, 3654.7868203465464, 3708.196807424148, 3721.807978345295, 3661.362570400396, 3710.126872437601, 3564.137366298415, 3692.3110663275456, 3710.255768601486, 3718.5299412541613, 3687.4379775254683, 3730.8733810331, 3639.1550591232826]",1400,2.27
1000.20.4,1000,15,15,endurance,high,high,3600,15.6464,700,31.2928,62.50483103,"[[[0, 548, 407, 544, 95, 509, 306, 790, 703, 720, 563, 901, 113, 425, 195, 800, 55, 942, 442, 689, 57, 207, 368, 338, 693, 124, 196, 286, 102, 269, 411, 110, 357, 111, 73, 248, 302, 153, 832, 156, 283, 51, 981, 668, 505, 501, 463, 726, 882, 54, 883, 759, 25, 42, 0]], [[0, 389, 243, 200, 575, 936, 270, 377, 164, 229, 708, 458, 125, 665, 569, 93, 695, 733, 307, 262, 919, 653, 675, 272, 745, 865, 987, 145, 353, 636, 140, 242, 915, 324, 320, 787, 581, 203, 546, 236, 3, 786, 713, 532, 993, 426, 685, 123, 618, 642, 375, 363, 0]], [[0, 500, 56, 858, 238, 549, 519, 382, 921, 795, 329, 692, 737, 358, 964, 421, 705, 849, 99, 59, 806, 381, 959, 947, 199, 535, 233, 727, 159, 715, 962, 828, 94, 945, 604, 971, 671, 192, 874, 794, 38, 19, 146, 600, 0]], [[0, 864, 10, 331, 24, 280, 762, 460, 750, 264, 240, 456, 179, 969, 632, 462, 912, 467, 485, 640, 978, 861, 371, 186, 608, 220, 298, 250, 765, 514, 406, 683, 119, 852, 976, 596, 923, 756, 597, 310, 598, 658, 67, 637, 326, 944, 352, 5, 209, 427, 885, 136, 0]], [[0, 132, 449, 174, 91, 590, 721, 323, 630, 816, 797, 517, 383, 466, 631, 996, 224, 43, 607, 751, 378, 435, 775, 697, 311, 351, 143, 204, 212, 623, 999, 968, 798, 860, 768, 811, 966, 672, 680, 825, 662, 481, 365, 308, 926, 606, 782, 325, 137, 249, 616, 476, 997, 138, 979, 419, 254, 904, 0]], [[0, 252, 52, 314, 589, 271, 761, 698, 659, 722, 559, 7, 278, 773, 8, 925, 908, 700, 171, 279, 459, 50, 165, 373, 452, 540, 507, 641, 258, 398, 299, 992, 793, 85, 114, 579, 330, 266, 202, 859, 332, 527, 965, 755, 415, 827, 844, 564, 201, 821, 0]], [[0, 714, 109, 488, 622, 390, 276, 148, 166, 289, 822, 620, 682, 221, 678, 198, 933, 470, 868, 571, 18, 490, 717, 625, 881, 785, 654, 917, 763, 244, 856, 591, 46, 850, 903, 634, 287, 106, 643, 772, 687, 16, 817, 719, 783, 910, 230, 738, 980, 126, 988, 277, 957, 294, 28, 334, 2, 484, 48, 560, 296, 424, 931, 321, 0]], [[0, 122, 771, 553, 847, 339, 497, 369, 869, 690, 842, 63, 533, 613, 663, 570, 79, 638, 282, 322, 615, 588, 619, 44, 151, 473, 650, 268, 813, 75, 605, 259, 92, 232, 646, 580, 487, 568, 482, 778, 902, 538, 149, 938, 293, 188, 391, 592, 117, 866, 854, 241, 660, 336, 494, 673, 735, 0]], [[0, 747, 443, 530, 744, 83, 444, 70, 871, 967, 388, 587, 60, 752, 173, 873, 465, 513, 379, 749, 805, 304, 667, 218, 211, 973, 711, 565, 76, 935, 802, 940, 656, 61, 438, 317, 566, 58, 29, 506, 707, 432, 611, 857, 175, 385, 895, 694, 920, 74, 578, 810, 493, 30, 0]], [[0, 364, 878, 807, 657, 1000, 472, 929, 295, 835, 627, 217, 457, 345, 226, 422, 429, 972, 461, 340, 887, 583, 826, 178, 629, 626, 890, 946, 121, 445, 479, 139, 396, 292, 39, 770, 20, 313, 478, 922, 441, 977, 803, 725, 34, 953, 515, 187, 555, 732, 937, 573, 191, 603, 133, 943, 214, 829, 840, 0]], [[0, 374, 344, 303, 524, 545, 848, 376, 372, 918, 639, 836, 64, 77, 846, 891, 12, 181, 520, 924, 655, 899, 941, 23, 223, 205, 397, 347, 686, 380, 403, 62, 819, 679, 699, 216, 905, 525, 872, 291, 260, 346, 98, 709, 265, 453, 648, 172, 222, 974, 602, 522, 436, 691, 593, 69, 65, 47, 0]], [[0, 536, 914, 107, 894, 155, 512, 464, 529, 208, 160, 706, 176, 78, 142, 275, 239, 350, 746, 128, 400, 558, 116, 267, 31, 362, 892, 35, 791, 743, 960, 911, 184, 360, 862, 135, 247, 169, 998, 45, 879, 502, 907, 234, 496, 355, 394, 757, 688, 251, 129, 990, 27, 906, 168, 0]], [[0, 469, 824, 152, 370, 767, 408, 950, 167, 87, 584, 348, 90, 550, 676, 534, 431, 255, 84, 101, 888, 6, 491, 130, 163, 736, 392, 342, 33, 710, 14, 495, 595, 189, 955, 788, 11, 41, 612, 162, 420, 909, 36, 916, 712, 789, 405, 312, 245, 718, 401, 898, 0]], [[0, 147, 309, 9, 474, 556, 300, 170, 601, 754, 724, 932, 261, 766, 393, 645, 486, 742, 949, 961, 557, 4, 838, 253, 900, 681, 120, 219, 318, 315, 833, 777, 651, 820, 893, 541, 316, 704, 112, 669, 609, 37, 877, 808, 586, 359, 677, 399, 0]], [[0, 776, 343, 614, 32, 131, 319, 830, 455, 963, 72, 989, 610, 839, 503, 753, 983, 104, 510, 652, 53, 928, 86, 366, 134, 812, 451, 804, 551, 511, 480, 439, 22, 664, 649, 841, 430, 190, 82, 213, 834, 815, 17, 450, 823, 956, 423, 428, 985, 851, 927, 684, 554, 225, 617, 562, 796, 701, 141, 799, 0]]]","[[[0, 409, 661, 161, 0], [0, 274, 728, 0], [0, 410, 0], [0, 489, 256, 26, 0], [0, 404, 624, 0], [0, 880, 716, 621, 177, 0]], [[0, 327, 853, 0], [0, 413, 0], [0, 760, 574, 809, 0], [0, 384, 387, 0], [0, 948, 814, 0], [0, 734, 748, 0], [0, 337, 0]], [[0, 144, 843, 0], [0, 531, 0], [0, 127, 433, 0], [0, 870, 235, 982, 21, 0], [0, 994, 523, 696, 0], [0, 335, 0], [0, 15, 0], [0, 115, 0]], [[0, 576, 769, 0], [0, 81, 0], [0, 13, 599, 0], [0, 884, 412, 0], [0, 951, 731, 290, 0], [0, 975, 341, 118, 0]], [[0, 257, 301, 0], [0, 644, 0], [0, 100, 206, 0], [0, 628, 356, 730, 0], [0, 781, 0], [0, 227, 528, 0], [0, 855, 585, 991, 0]], [[0, 418, 0], [0, 780, 0], [0, 97, 434, 0], [0, 837, 215, 0], [0, 521, 0], [0, 577, 0], [0, 197, 0], [0, 402, 0], [0, 537, 0], [0, 49, 0]], [[0, 518, 0], [0, 288, 0], [0, 150, 0], [0, 670, 0], [0, 40, 1, 0], [0, 702, 863, 105, 0], [0, 477, 0], [0, 349, 547, 0]], [[0, 328, 0], [0, 448, 157, 0], [0, 954, 0], [0, 66, 958, 0], [0, 930, 0], [0, 414, 572, 0], [0, 913, 0], [0, 158, 0], [0, 729, 0], [0, 784, 0]], [[0, 508, 0], [0, 416, 845, 0], [0, 867, 0], [0, 492, 952, 0], [0, 635, 498, 0], [0, 831, 185, 0], [0, 333, 0], [0, 897, 0]], [[0, 633, 440, 96, 0], [0, 666, 88, 0], [0, 180, 516, 0], [0, 539, 0], [0, 875, 647, 0], [0, 297, 231, 0], [0, 475, 0]], [[0, 437, 71, 0], [0, 723, 281, 0], [0, 934, 182, 986, 0], [0, 263, 367, 0], [0, 417, 183, 774, 0], [0, 561, 0]], [[0, 939, 886, 0], [0, 68, 483, 504, 0], [0, 567, 468, 454, 0], [0, 273, 970, 0], [0, 471, 305, 0], [0, 792, 0], [0, 108, 0]], [[0, 526, 0], [0, 984, 0], [0, 354, 0], [0, 739, 446, 237, 674, 0], [0, 779, 0], [0, 80, 284, 0], [0, 193, 0], [0, 876, 0], [0, 740, 0]], [[0, 889, 0], [0, 764, 103, 0], [0, 386, 0], [0, 246, 154, 285, 0], [0, 741, 0], [0, 758, 542, 0], [0, 499, 552, 0]], [[0, 995, 0], [0, 896, 801, 361, 0], [0, 447, 594, 0], [0, 210, 582, 0], [0, 395, 0], [0, 228, 0], [0, 194, 543, 0], [0, 89, 0], [0, 818, 0]]]","[3747.6108663143978, 3750.255325602915, 3750.289861862383, 3749.9885598925557, 3746.633704669611, 3746.2517759786733, 3749.0316453595733, 3727.3770520853723, 3743.1043252432864, 3737.937939680398, 3745.1959482475704, 3747.21175574838, 3745.6830903993186, 3744.1761577975494, 3746.5315024647525]","[3709.0673424869756, 3735.9738687089593, 3709.686899161134, 3715.5741178739354, 3720.8668724360805, 3718.716900927355, 3748.867741742026, 3681.0825254922356, 3725.6559452514857, 3732.199241309017, 3732.847633527896, 3724.8827627811615, 3687.287618172826, 3748.2664842321005, 3741.898678293869]",1400,2.27
1000.20.4,1000,15,15,endurance,high,high,3600,15.6464,700,31.2928,63.00781688,"[[[0, 894, 561, 575, 936, 400, 558, 116, 267, 242, 140, 636, 353, 145, 987, 745, 865, 272, 675, 653, 919, 262, 307, 733, 695, 223, 23, 205, 397, 347, 686, 941, 899, 380, 403, 819, 679, 699, 216, 905, 525, 872, 291, 260, 709, 265, 453, 648, 502, 602, 0]], [[0, 309, 474, 153, 556, 300, 750, 264, 240, 428, 456, 179, 823, 956, 423, 985, 927, 460, 762, 414, 107, 389, 593, 990, 129, 251, 816, 797, 517, 630, 249, 616, 476, 91, 997, 138, 419, 254, 898, 0]], [[0, 80, 402, 19, 718, 185, 38, 245, 312, 405, 789, 712, 916, 36, 909, 420, 162, 612, 41, 11, 955, 189, 595, 495, 14, 710, 33, 392, 736, 163, 874, 192, 694, 920, 348, 90, 87, 167, 408, 950, 858, 388, 60, 587, 967, 871, 327, 494, 939, 454, 0]], [[0, 696, 601, 170, 754, 724, 932, 579, 114, 969, 632, 450, 462, 912, 299, 258, 398, 992, 793, 85, 330, 266, 202, 766, 261, 859, 332, 527, 755, 965, 393, 645, 486, 949, 742, 425, 195, 800, 207, 124, 196, 110, 356, 870, 158, 399, 0]], [[0, 914, 127, 375, 818, 155, 512, 642, 333, 433, 618, 208, 176, 706, 160, 746, 128, 915, 324, 320, 787, 581, 203, 546, 350, 142, 78, 275, 426, 685, 123, 532, 993, 3, 239, 236, 923, 756, 597, 976, 596, 852, 310, 786, 713, 658, 67, 637, 326, 882, 944, 883, 5, 427, 504, 885, 954, 42, 0]], [[0, 449, 174, 335, 590, 323, 757, 394, 383, 466, 355, 234, 907, 496, 172, 974, 222, 918, 639, 836, 164, 229, 708, 77, 846, 891, 12, 62, 181, 520, 924, 655, 93, 569, 458, 125, 665, 911, 960, 743, 791, 35, 892, 362, 31, 377, 270, 862, 135, 247, 169, 998, 545, 524, 781, 344, 374, 69, 100, 889, 65, 769, 47, 0]], [[0, 15, 156, 562, 274, 186, 698, 722, 659, 7, 559, 104, 983, 753, 503, 839, 761, 271, 589, 608, 610, 989, 505, 501, 463, 598, 514, 765, 510, 652, 53, 22, 664, 649, 841, 430, 190, 773, 82, 278, 213, 834, 978, 861, 371, 554, 225, 417, 617, 832, 796, 701, 864, 799, 328, 0]], [[0, 979, 108, 401, 325, 137, 782, 606, 926, 308, 365, 481, 662, 825, 680, 672, 966, 811, 768, 860, 798, 631, 996, 224, 968, 43, 607, 212, 623, 999, 204, 143, 351, 311, 697, 751, 775, 435, 378, 98, 346, 64, 184, 360, 372, 376, 45, 879, 539, 896, 522, 436, 27, 906, 670, 168, 577, 337, 0]], [[0, 10, 331, 24, 280, 684, 851, 640, 485, 17, 815, 467, 8, 641, 507, 540, 925, 908, 452, 373, 165, 50, 459, 700, 171, 279, 551, 511, 804, 451, 480, 439, 366, 134, 812, 86, 928, 683, 119, 406, 250, 298, 220, 72, 981, 51, 830, 319, 257, 131, 32, 0]], [[0, 878, 367, 197, 714, 622, 390, 276, 148, 166, 289, 40, 418, 678, 221, 198, 933, 868, 571, 922, 441, 977, 725, 34, 953, 588, 619, 44, 151, 473, 650, 268, 813, 75, 605, 259, 92, 232, 646, 580, 482, 778, 902, 568, 487, 538, 149, 938, 293, 188, 391, 866, 187, 515, 555, 732, 256, 573, 741, 214, 647, 984, 840, 0]], [[0, 443, 530, 83, 444, 70, 56, 238, 549, 519, 58, 566, 317, 921, 438, 61, 795, 565, 329, 692, 358, 964, 421, 705, 849, 99, 59, 959, 947, 199, 935, 535, 233, 727, 159, 715, 962, 828, 945, 94, 342, 788, 130, 794, 491, 6, 888, 101, 84, 354, 578, 810, 30, 0]], [[0, 657, 472, 929, 822, 620, 682, 470, 345, 18, 490, 717, 946, 625, 881, 763, 903, 850, 46, 591, 856, 244, 917, 654, 785, 121, 445, 479, 139, 396, 292, 39, 770, 20, 478, 313, 533, 613, 663, 570, 79, 638, 282, 322, 63, 842, 615, 803, 690, 869, 369, 497, 847, 875, 771, 594, 122, 0]], [[0, 809, 521, 475, 9, 248, 952, 413, 412, 415, 827, 57, 689, 442, 942, 55, 368, 338, 693, 790, 703, 720, 563, 609, 901, 113, 961, 557, 4, 838, 120, 253, 900, 681, 704, 277, 957, 112, 669, 37, 877, 808, 731, 410, 306, 509, 95, 411, 269, 102, 286, 357, 111, 73, 844, 543, 66, 564, 384, 395, 201, 144, 821, 0]], [[0, 673, 824, 152, 500, 913, 767, 676, 550, 584, 432, 707, 29, 506, 611, 857, 175, 385, 895, 671, 604, 971, 656, 940, 802, 76, 381, 806, 737, 973, 711, 211, 218, 667, 304, 805, 465, 873, 513, 749, 379, 382, 173, 752, 117, 592, 854, 241, 336, 829, 0]], [[0, 807, 1000, 585, 295, 835, 627, 217, 457, 226, 422, 429, 972, 461, 890, 626, 826, 178, 629, 634, 287, 106, 643, 772, 687, 16, 817, 719, 583, 340, 887, 910, 783, 820, 893, 651, 777, 833, 315, 318, 219, 541, 316, 230, 738, 980, 126, 988, 28, 294, 334, 2, 484, 48, 560, 296, 424, 931, 321, 364, 0]]]","[[[0, 759, 13, 0], [0, 136, 0], [0, 231, 52, 0], [0, 837, 716, 0], [0, 884, 183, 283, 934, 0], [0, 215, 688, 801, 0], [0, 776, 206, 0]], [[0, 21, 628, 982, 0], [0, 963, 0], [0, 867, 739, 0], [0, 74, 0], [0, 54, 483, 0], [0, 147, 103, 290, 0]], [[0, 228, 96, 0], [0, 951, 150, 235, 0], [0, 288, 0], [0, 243, 0], [0, 760, 492, 0], [0, 200, 880, 0], [0, 886, 284, 0], [0, 416, 0]], [[0, 115, 0], [0, 702, 407, 0], [0, 621, 582, 0], [0, 948, 814, 0], [0, 845, 297, 97, 182, 0], [0, 161, 970, 848, 0], [0, 904, 132, 0], [0, 89, 0]], [[0, 49, 0], [0, 531, 0], [0, 853, 937, 237, 0], [0, 146, 831, 0], [0, 157, 118, 409, 0], [0, 109, 553, 227, 0], [0, 744, 498, 0]], [[0, 740, 0], [0, 784, 0], [0, 448, 471, 0], [0, 488, 603, 0], [0, 552, 499, 0], [0, 489, 748, 0], [0, 516, 0], [0, 644, 0], [0, 876, 0]], [[0, 635, 764, 0], [0, 958, 281, 0], [0, 386, 523, 0], [0, 341, 975, 0], [0, 25, 0], [0, 468, 534, 0], [0, 735, 0], [0, 447, 747, 0]], [[0, 567, 576, 0], [0, 677, 0], [0, 668, 0], [0, 542, 758, 0], [0, 574, 0], [0, 68, 726, 986, 0], [0, 508, 0]], [[0, 81, 0], [0, 303, 0], [0, 455, 434, 0], [0, 370, 0], [0, 666, 88, 0], [0, 897, 0], [0, 536, 349, 0]], [[0, 734, 792, 0], [0, 193, 0], [0, 991, 855, 1, 0], [0, 177, 464, 0], [0, 26, 446, 191, 0], [0, 361, 518, 0], [0, 302, 0]], [[0, 661, 0], [0, 343, 0], [0, 674, 133, 0], [0, 780, 0], [0, 721, 305, 437, 0], [0, 624, 404, 0], [0, 728, 314, 0], [0, 930, 210, 0], [0, 995, 0]], [[0, 387, 599, 0], [0, 863, 633, 0], [0, 729, 0], [0, 572, 252, 0], [0, 723, 547, 0], [0, 529, 0], [0, 843, 0], [0, 180, 493, 0], [0, 526, 0], [0, 614, 0]], [[0, 141, 0], [0, 209, 0], [0, 537, 0], [0, 943, 263, 339, 0], [0, 273, 0], [0, 586, 528, 0], [0, 779, 0], [0, 352, 0]], [[0, 363, 548, 0], [0, 469, 0], [0, 301, 774, 0], [0, 246, 154, 285, 0], [0, 660, 0], [0, 730, 544, 0], [0, 440, 194, 994, 0]], [[0, 105, 359, 0], [0, 255, 0], [0, 600, 0], [0, 691, 0], [0, 71, 0], [0, 477, 0], [0, 431, 0]]]","[3780.469012742995, 3777.98044667281, 3779.4262815249213, 3778.8609257900403, 3778.5127054654126, 3779.324302526799, 3777.2189899771915, 3774.340105295428, 3779.5841250378494, 3769.547617322364, 3774.8824680664197, 3780.3596910722704, 3769.220203542429, 3779.7178943438053, 3779.1207578462645]","[3726.0303203741187, 3758.690261791469, 3778.4048268912725, 3749.199022188617, 3756.751504597283, 3722.7257698054304, 3778.6412655570607, 3673.5452753705945, 3729.3354164622588, 3660.594025596375, 3751.4303451691067, 3761.892997414899, 3760.279631027342, 3731.550963032488, 3703.6386444197797]",1400,2.27
1000.20.4,1000,15,15,endurance,high,high,3600,15.6464,700,31.2928,62.88019562,"[[[0, 521, 309, 475, 9, 248, 386, 413, 412, 415, 755, 965, 527, 332, 859, 766, 393, 645, 486, 949, 742, 195, 425, 961, 557, 4, 838, 318, 315, 833, 777, 651, 219, 120, 681, 900, 253, 113, 901, 338, 368, 693, 102, 269, 411, 110, 357, 111, 73, 844, 543, 66, 564, 201, 228, 764, 144, 0]], [[0, 141, 832, 156, 562, 617, 225, 554, 186, 371, 861, 978, 834, 213, 278, 82, 773, 190, 430, 480, 841, 649, 7, 559, 722, 659, 698, 761, 608, 505, 501, 463, 598, 786, 532, 993, 426, 685, 123, 176, 706, 160, 208, 618, 433, 333, 642, 512, 155, 894, 107, 914, 0]], [[0, 389, 880, 344, 303, 545, 848, 998, 169, 247, 135, 862, 270, 377, 31, 362, 892, 35, 791, 743, 960, 911, 665, 125, 458, 569, 93, 695, 733, 307, 262, 919, 653, 675, 272, 865, 745, 987, 145, 353, 636, 140, 915, 324, 320, 787, 581, 203, 546, 236, 3, 713, 658, 67, 637, 726, 882, 944, 883, 5, 427, 885, 954, 42, 0]], [[0, 744, 83, 500, 767, 56, 408, 950, 167, 87, 584, 432, 611, 707, 506, 29, 566, 382, 379, 749, 513, 873, 465, 805, 304, 667, 218, 211, 973, 711, 921, 61, 802, 940, 656, 857, 175, 385, 895, 694, 920, 348, 90, 550, 676, 534, 74, 431, 81, 370, 152, 824, 469, 0]], [[0, 878, 807, 472, 295, 835, 627, 457, 226, 422, 429, 972, 461, 946, 717, 625, 881, 785, 917, 654, 121, 490, 18, 571, 292, 396, 445, 479, 139, 39, 770, 20, 478, 313, 533, 613, 663, 570, 79, 638, 282, 322, 63, 842, 615, 588, 619, 515, 732, 937, 573, 191, 133, 943, 214, 829, 840, 0]], [[0, 594, 771, 847, 497, 369, 869, 690, 441, 922, 977, 725, 803, 34, 953, 44, 151, 473, 187, 650, 268, 813, 75, 605, 259, 92, 232, 646, 580, 538, 487, 568, 482, 902, 778, 173, 60, 587, 752, 117, 592, 149, 938, 293, 188, 391, 866, 854, 241, 336, 867, 288, 0]], [[0, 328, 799, 364, 633, 677, 359, 21, 931, 424, 296, 560, 48, 217, 345, 470, 868, 933, 198, 678, 221, 682, 620, 289, 166, 148, 276, 622, 714, 197, 734, 0], [0, 47, 337, 577, 416, 138, 997, 401, 471, 88, 718, 185, 146, 600, 89, 979, 886, 419, 409, 132, 0]], [[0, 644, 590, 630, 797, 517, 680, 672, 966, 811, 768, 860, 798, 968, 999, 623, 212, 204, 143, 351, 311, 697, 525, 872, 291, 699, 905, 216, 819, 679, 62, 260, 346, 98, 378, 435, 775, 751, 607, 43, 224, 996, 631, 466, 383, 394, 757, 816, 323, 740, 670, 661, 889, 65, 0]], [[0, 290, 306, 790, 703, 720, 563, 609, 669, 112, 704, 316, 541, 893, 820, 783, 910, 719, 817, 16, 687, 772, 643, 106, 287, 634, 903, 850, 46, 591, 856, 244, 763, 629, 178, 826, 626, 890, 583, 340, 887, 738, 230, 980, 126, 988, 277, 957, 294, 28, 484, 2, 334, 37, 877, 808, 702, 0]], [[0, 32, 131, 319, 963, 668, 981, 989, 220, 298, 250, 765, 510, 652, 53, 928, 683, 119, 406, 514, 310, 852, 976, 596, 597, 756, 923, 239, 350, 275, 78, 142, 746, 128, 242, 267, 116, 558, 400, 936, 575, 561, 524, 477, 374, 69, 0]], [[0, 809, 147, 474, 153, 948, 556, 300, 750, 460, 264, 240, 428, 456, 179, 823, 956, 423, 450, 969, 632, 462, 912, 299, 258, 398, 992, 793, 85, 114, 579, 330, 266, 202, 261, 932, 724, 754, 170, 601, 827, 57, 689, 442, 942, 55, 800, 207, 124, 196, 286, 95, 544, 235, 407, 548, 821, 399, 0]], [[0, 449, 174, 91, 476, 616, 249, 137, 325, 245, 312, 405, 789, 782, 606, 926, 825, 662, 481, 365, 308, 712, 916, 36, 909, 420, 162, 612, 41, 11, 788, 955, 189, 595, 495, 14, 710, 33, 342, 392, 736, 163, 130, 491, 888, 6, 38, 831, 19, 157, 402, 80, 0]], [[0, 168, 906, 27, 990, 602, 502, 907, 234, 496, 355, 709, 265, 453, 648, 172, 974, 222, 918, 639, 836, 164, 229, 64, 77, 846, 891, 12, 181, 520, 403, 380, 686, 347, 397, 205, 223, 23, 941, 899, 655, 924, 708, 184, 360, 372, 376, 45, 879, 539, 837, 691, 593, 876, 0]], [[0, 864, 701, 301, 331, 24, 280, 762, 684, 927, 985, 851, 640, 485, 17, 815, 467, 8, 641, 507, 540, 452, 908, 925, 700, 171, 279, 459, 373, 165, 50, 551, 511, 804, 451, 812, 134, 86, 366, 439, 22, 664, 753, 983, 104, 503, 839, 271, 589, 610, 51, 830, 52, 252, 0]], [[0, 443, 530, 673, 444, 871, 967, 388, 858, 238, 549, 519, 58, 317, 438, 795, 565, 329, 692, 737, 358, 964, 421, 705, 849, 99, 59, 806, 381, 76, 935, 535, 233, 199, 947, 959, 727, 159, 715, 962, 828, 94, 945, 604, 971, 671, 192, 874, 794, 101, 255, 354, 578, 810, 493, 30, 784, 537, 904, 0]]]","[[[0, 367, 747, 0], [0, 970, 436, 448, 0], [0, 118, 576, 975, 0], [0, 335, 688, 0], [0, 509, 194, 0], [0, 696, 523, 0]], [[0, 621, 582, 0], [0, 410, 0], [0, 182, 986, 728, 0], [0, 54, 483, 0], [0, 759, 624, 0], [0, 177, 818, 0]], [[0, 780, 0], [0, 586, 635, 0], [0, 454, 0], [0, 542, 599, 0], [0, 356, 628, 994, 0], [0, 274, 0], [0, 531, 0], [0, 536, 776, 0]], [[0, 246, 666, 0], [0, 939, 489, 446, 0], [0, 215, 273, 0], [0, 555, 256, 674, 0], [0, 567, 108, 361, 0], [0, 898, 853, 0]], [[0, 321, 843, 0], [0, 183, 417, 0], [0, 349, 25, 0], [0, 40, 585, 0], [0, 748, 26, 237, 0], [0, 504, 68, 231, 97, 0], [0, 10, 0]], [[0, 984, 0], [0, 193, 0], [0, 210, 352, 0], [0, 822, 1000, 0], [0, 72, 434, 0], [0, 716, 243, 0], [0, 518, 0]], [[0, 302, 0], [0, 297, 257, 0], [0, 414, 492, 0], [0, 952, 958, 0], [0, 206, 200, 0], [0, 522, 0]], [[0, 508, 0], [0, 180, 327, 0], [0, 528, 227, 0], [0, 796, 0], [0, 779, 0], [0, 105, 0], [0, 897, 0], [0, 729, 0], [0, 158, 0]], [[0, 516, 0], [0, 468, 913, 0], [0, 995, 0], [0, 774, 552, 0], [0, 721, 305, 437, 0], [0, 488, 929, 855, 0], [0, 930, 0], [0, 896, 0]], [[0, 526, 0], [0, 781, 0], [0, 326, 0], [0, 339, 418, 0], [0, 71, 154, 0], [0, 284, 285, 0], [0, 792, 96, 0]], [[0, 934, 404, 0], [0, 109, 263, 0], [0, 863, 657, 991, 0], [0, 739, 741, 0], [0, 498, 494, 0], [0, 1, 553, 0], [0, 161, 209, 0]], [[0, 136, 0], [0, 251, 0], [0, 283, 572, 0], [0, 647, 70, 0], [0, 529, 0], [0, 115, 447, 0], [0, 951, 150, 731, 0]], [[0, 49, 0], [0, 760, 574, 0], [0, 129, 0], [0, 614, 0], [0, 660, 0], [0, 547, 0], [0, 127, 375, 0], [0, 735, 0], [0, 100, 769, 0], [0, 254, 0]], [[0, 723, 440, 884, 387, 0], [0, 13, 758, 0], [0, 15, 0], [0, 343, 0], [0, 84, 341, 0], [0, 730, 103, 0], [0, 982, 281, 870, 0], [0, 384, 0], [0, 395, 0]], [[0, 464, 0], [0, 875, 390, 0], [0, 603, 0], [0, 845, 455, 314, 0], [0, 499, 814, 0], [0, 363, 801, 0], [0, 122, 0]]]","[3751.8132463787556, 3765.204371343727, 3768.8480363503177, 3764.41137030013, 3771.299132166129, 3772.4684850772715, 3770.466174408495, 3768.8131832614795, 3772.6681832608942, 3772.4497954049457, 3766.277555418081, 3767.775867915925, 3771.9755190686815, 3772.8117373024015, 3771.7224612544965]","[3713.0200377137207, 3743.1562690423602, 3753.4888704894497, 3742.820616215385, 3758.2507614387036, 3769.453061921058, 3724.620731964925, 3730.5597251310883, 3732.973944589864, 3692.6809297823334, 3767.3799848409253, 3660.7416232481132, 3733.663103634547, 3610.7460191069913, 3717.5261176594204]",1400,2.27
1000.30.1,1000,15,15,endurance,high,high,3600,15.6464,700,31.2928,134.0048887,"[[[0, 650, 32, 132, 150, 276, 81, 263, 615, 488, 790, 661, 609, 997, 433, 807, 994, 174, 738, 625, 805, 584, 217, 115, 515, 298, 62, 851, 129, 480, 750, 36, 211, 158, 699, 0], [0, 401, 30, 444, 671, 891, 729, 767, 979, 620, 723, 702, 154, 828, 47, 732, 664, 240, 84, 816, 972, 209, 855, 406, 578, 109, 550, 566, 524, 0]], [[0, 370, 591, 924, 352, 644, 523, 389, 792, 963, 9, 582, 344, 275, 237, 379, 438, 489, 728, 73, 271, 660, 254, 520, 342, 48, 592, 639, 864, 754, 120, 782, 100, 546, 700, 64, 0], [0, 985, 57, 694, 759, 166, 806, 641, 176, 733, 505, 186, 627, 175, 450, 916, 405, 593, 124, 822, 532, 881, 710, 457, 148, 788, 722, 980, 243, 29, 286, 402, 297, 0]], [[0, 832, 458, 527, 338, 947, 922, 49, 456, 988, 937, 418, 731, 565, 927, 679, 63, 74, 136, 665, 848, 451, 496, 447, 448, 196, 374, 534, 727, 28, 116, 70, 68, 445, 594, 553, 860, 0], [0, 763, 215, 140, 809, 349, 350, 13, 579, 755, 803, 272, 908, 516, 598, 984, 619, 382, 964, 777, 863, 143, 0]], [[0, 651, 835, 697, 1000, 905, 137, 293, 463, 325, 310, 901, 575, 37, 992, 786, 930, 499, 1, 601, 395, 421, 951, 98, 331, 0], [0, 522, 455, 322, 756, 285, 223, 709, 493, 2, 956, 616, 35, 725, 33, 478, 503, 581, 596, 60, 540, 182, 487, 977, 414, 909, 911, 436, 443, 778, 294, 413, 280, 54, 712, 561, 558, 434, 184, 210, 162, 740, 0]], [[0, 785, 121, 348, 912, 623, 239, 868, 973, 67, 117, 791, 123, 825, 153, 613, 497, 999, 392, 469, 640, 572, 745, 589, 676, 967, 856, 213, 468, 442, 386, 0], [0, 629, 938, 826, 560, 494, 797, 144, 917, 507, 61, 42, 230, 0]], [[0, 303, 429, 226, 311, 969, 556, 926, 542, 250, 704, 915, 131, 642, 814, 852, 800, 484, 838, 183, 105, 875, 40, 637, 647, 618, 94, 113, 432, 304, 203, 576, 69, 747, 885, 569, 253, 0], [0, 155, 762, 366, 430, 890, 954, 364, 112, 672, 683, 312, 95, 27, 8, 82, 686, 760, 551, 995, 193, 526, 815, 4, 259, 910, 847, 99, 713, 628, 925, 531, 12, 635, 267, 0]], [[0, 388, 966, 17, 171, 955, 104, 482, 336, 720, 810, 718, 554, 378, 880, 87, 574, 950, 289, 599, 982, 269, 981, 899, 742, 844, 701, 753, 0], [0, 43, 549, 371, 264, 474, 228, 567, 878, 262, 399, 476, 943, 611, 802, 942, 71, 509, 585, 360, 307, 296, 106, 58, 989, 179, 564, 347, 479, 798, 600, 654, 76, 126, 383, 678, 161, 537, 867, 971, 707, 464, 192, 0]], [[0, 472, 485, 605, 928, 337, 861, 227, 238, 821, 626, 313, 261, 836, 361, 142, 159, 454, 914, 538, 334, 80, 194, 894, 768, 25, 688, 373, 3, 256, 0], [0, 659, 801, 277, 201, 152, 315, 195, 396, 306, 724, 766, 110, 734, 222, 157, 133, 204, 452, 787, 952, 0]], [[0, 424, 404, 570, 188, 595, 518, 833, 268, 329, 343, 508, 473, 273, 502, 185, 327, 206, 580, 652, 631, 160, 149, 346, 774, 284, 279, 270, 614, 521, 260, 0], [0, 14, 407, 390, 817, 425, 780, 208, 5, 78, 305, 719, 495, 965, 7, 101, 811, 590, 316, 441, 978, 645, 146, 869, 923, 519, 0]], [[0, 749, 813, 46, 375, 634, 291, 898, 423, 191, 643, 89, 466, 783, 716, 86, 449, 681, 632, 266, 411, 236, 255, 103, 936, 638, 439, 92, 387, 976, 831, 961, 741, 365, 993, 372, 0], [0, 326, 38, 417, 529, 991, 935, 876, 491, 295, 481, 895, 543, 879, 859, 135, 677, 490, 548, 287, 180, 107, 827, 234, 299, 577, 376, 0]], [[0, 657, 50, 187, 757, 850, 744, 229, 207, 340, 765, 332, 514, 381, 23, 695, 544, 685, 726, 79, 181, 840, 119, 536, 934, 341, 617, 0], [0, 139, 510, 944, 946, 501, 958, 178, 22, 288, 212, 221, 339, 735, 545, 167, 426, 249, 459, 134, 380, 377, 356, 764, 737, 44, 824, 776, 998, 0]], [[0, 498, 330, 252, 819, 369, 96, 975, 607, 834, 367, 858, 547, 666, 290, 440, 830, 752, 918, 0], [0, 231, 706, 65, 673, 460, 398, 633, 621, 462, 10, 902, 362, 108, 11, 83, 363, 929, 983, 769, 680, 216, 233, 608, 317, 324, 72, 622, 818, 0]], [[0, 19, 649, 31, 583, 849, 461, 897, 189, 56, 884, 258, 820, 224, 200, 559, 874, 351, 302, 689, 251, 843, 220, 602, 45, 232, 987, 674, 292, 837, 368, 122, 711, 88, 0], [0, 127, 866, 416, 246, 932, 663, 557, 130, 141, 896, 333, 75, 873, 198, 278, 931, 486, 903, 492, 705, 384, 748, 147, 85, 877, 170, 541, 962, 690, 795, 604, 670, 796, 0]], [[0, 990, 437, 789, 913, 274, 308, 165, 539, 190, 886, 500, 513, 172, 245, 968, 427, 904, 883, 887, 892, 219, 682, 772, 888, 921, 857, 420, 799, 225, 353, 715, 431, 941, 465, 435, 882, 0], [0, 128, 471, 235, 854, 667, 739, 970, 412, 359, 410, 51, 102, 467, 90, 385, 687, 328, 612, 428, 829, 111, 15, 693, 771, 6, 24, 0]], [[0, 587, 397, 730, 960, 692, 939, 354, 415, 97, 610, 125, 823, 708, 504, 265, 517, 870, 655, 169, 717, 77, 41, 403, 408, 53, 552, 91, 145, 871, 758, 919, 889, 528, 0], [0, 93, 530, 506, 862, 283, 301, 986, 319, 808, 18, 784, 597, 636, 751, 483, 52, 358, 300, 422, 588, 282, 573, 257, 770, 281, 242, 630, 562, 345, 214, 323, 746, 391, 646, 0]]]","[[[0, 703, 920, 0], [0, 684, 953, 156, 0], [0, 355, 656, 0], [0, 164, 138, 0], [0, 118, 0], [0, 653, 512, 205, 0], [0, 841, 0], [0, 197, 0], [0, 244, 804, 0], [0, 974, 218, 0], [0, 845, 0], [0, 949, 0], [0, 779, 357, 0], [0, 533, 0]], [[0, 606, 173, 0], [0, 761, 839, 0], [0, 773, 940, 0], [0, 66, 698, 0], [0, 996, 568, 0], [0, 475, 477, 957, 0], [0, 842, 691, 0], [0, 586, 907, 0], [0, 696, 846, 0], [0, 59, 0], [0, 668, 0], [0, 872, 0], [0, 675, 0], [0, 400, 0]], [[0, 658, 900, 0], [0, 511, 906, 0], [0, 624, 0], [0, 419, 177, 0], [0, 781, 865, 0], [0, 775, 933, 0], [0, 535, 853, 0], [0, 555, 0], [0, 525, 0], [0, 20, 563, 0], [0, 721, 0], [0, 669, 0], [0, 662, 0], [0, 394, 0]], [[0, 571, 0], [0, 309, 114, 0], [0, 241, 0], [0, 151, 0], [0, 320, 945, 0], [0, 163, 248, 0], [0, 199, 648, 0], [0, 959, 0], [0, 26, 314, 335, 0], [0, 446, 0], [0, 393, 0], [0, 247, 0], [0, 893, 0]], [[0, 714, 470, 0], [0, 168, 16, 0], [0, 743, 0], [0, 794, 0], [0, 34, 0], [0, 39, 0], [0, 318, 0], [0, 55, 409, 0], [0, 812, 603, 0], [0, 793, 0]], [], [], [], [], [], [[0, 202, 0], [0, 948, 453, 0]], [], [[0, 736, 21, 0]], [[0, 321, 0]], []]","[8034.382984625607, 8033.2695021525, 8040.293320671958, 8040.029599952968, 8040.27984621963, 8040.171374286096, 8039.039352317867, 8035.177195515247, 8038.323643871253, 8039.582428300468, 8038.3896257947035, 8037.6904829032455, 8016.1659332204235, 8038.81666352016, 8037.4814423675425]","[7953.814137024548, 7313.8145418861495, 8001.134760511188, 7482.18918384905, 5603.6861373902175, -0.0, -0.0, -0.0, -0.0, -0.0, 1359.0071680083945, -0.0, 602.0081179298841, 559.0925883268122, -0.0]",1400,2.27
1000.30.1,1000,15,15,endurance,high,high,3600,15.6464,700,31.2928,132.9923841,"[[[0, 690, 523, 9, 582, 344, 275, 237, 379, 478, 503, 581, 596, 33, 725, 35, 493, 709, 223, 285, 160, 631, 149, 346, 774, 756, 322, 455, 522, 438, 644, 352, 924, 670, 796, 370, 173, 0], [0, 357, 267, 12, 531, 925, 628, 713, 99, 317, 608, 233, 216, 680, 769, 995, 193, 526, 815, 4, 259, 910, 847, 666, 290, 440, 830, 752, 230, 0]], [[0, 372, 59, 869, 146, 741, 6, 771, 693, 936, 638, 103, 255, 449, 681, 266, 411, 632, 236, 612, 428, 829, 111, 15, 854, 24, 842, 0], [0, 964, 382, 619, 579, 190, 886, 513, 172, 245, 968, 427, 883, 904, 928, 887, 892, 219, 682, 772, 888, 921, 597, 857, 420, 799, 319, 986, 301, 283, 862, 506, 323, 0]], [[0, 464, 971, 867, 537, 161, 989, 58, 106, 296, 71, 509, 585, 307, 360, 361, 836, 159, 142, 798, 479, 347, 179, 564, 678, 383, 76, 126, 768, 25, 688, 373, 707, 3, 256, 0], [0, 658, 355, 835, 697, 1000, 137, 293, 463, 951, 325, 421, 1, 395, 601, 109, 578, 406, 855, 979, 733, 965, 495, 719, 243, 29, 286, 535, 297, 0]], [[0, 253, 393, 920, 16, 711, 122, 19, 536, 119, 50, 187, 757, 744, 850, 41, 53, 871, 758, 919, 657, 528, 388, 0], [0, 840, 181, 79, 726, 685, 544, 695, 23, 820, 224, 200, 874, 559, 362, 902, 10, 462, 351, 302, 689, 251, 843, 220, 602, 45, 232, 987, 674, 837, 368, 818, 0]], [[0, 139, 510, 944, 946, 501, 178, 22, 922, 249, 426, 735, 545, 167, 988, 456, 49, 380, 377, 737, 764, 356, 570, 404, 424, 342, 48, 754, 120, 860, 0], [0, 477, 214, 345, 562, 770, 257, 573, 282, 588, 422, 300, 358, 52, 483, 751, 636, 784, 18, 808, 353, 431, 715, 941, 0]], [[0, 166, 641, 176, 442, 468, 213, 856, 967, 186, 627, 175, 676, 589, 745, 572, 640, 469, 392, 999, 497, 593, 405, 450, 916, 148, 788, 722, 980, 386, 759, 694, 57, 0], [0, 247, 701, 844, 889, 145, 91, 552, 408, 403, 77, 717, 169, 655, 870, 517, 265, 504, 708, 610, 97, 554, 718, 720, 810, 482, 336, 730, 955, 397, 17, 0]], [[0, 553, 594, 639, 864, 592, 68, 70, 116, 28, 727, 534, 136, 74, 595, 518, 679, 927, 63, 188, 731, 565, 418, 937, 134, 459, 947, 44, 338, 527, 824, 776, 782, 998, 64, 0], [0, 519, 993, 365, 645, 961, 831, 976, 387, 92, 439, 898, 423, 191, 643, 716, 86, 783, 466, 89, 291, 634, 375, 46, 590, 813, 316, 441, 978, 749, 39, 218, 0]], [[0, 127, 162, 557, 663, 210, 541, 170, 877, 85, 280, 413, 748, 492, 705, 903, 931, 548, 490, 677, 287, 278, 873, 75, 333, 896, 959, 0], [0, 390, 305, 78, 101, 7, 457, 710, 881, 532, 822, 124, 825, 123, 153, 613, 791, 117, 67, 973, 868, 239, 623, 912, 348, 121, 785, 811, 5, 208, 780, 425, 817, 407, 14, 0]], [[0, 524, 566, 158, 211, 36, 550, 480, 129, 209, 972, 816, 84, 240, 664, 732, 47, 828, 154, 702, 505, 723, 620, 729, 767, 891, 671, 806, 444, 30, 401, 839, 0], [0, 128, 471, 235, 667, 739, 970, 412, 359, 328, 687, 385, 90, 467, 410, 102, 51, 339, 221, 212, 288, 958, 458, 832, 100, 248, 0]], [[0, 629, 819, 834, 367, 938, 547, 858, 560, 82, 8, 27, 95, 312, 683, 672, 112, 607, 364, 954, 890, 430, 252, 366, 762, 330, 155, 0], [0, 246, 932, 604, 795, 962, 389, 792, 963, 147, 384, 436, 911, 909, 60, 616, 2, 956, 540, 182, 487, 977, 414, 443, 778, 486, 294, 198, 712, 54, 561, 558, 434, 184, 130, 141, 740, 0]], [[0, 453, 151, 171, 630, 242, 281, 960, 692, 939, 354, 415, 378, 125, 823, 880, 87, 289, 599, 269, 982, 104, 587, 0], [0, 520, 254, 660, 271, 728, 73, 374, 447, 496, 451, 848, 665, 833, 268, 273, 502, 652, 580, 206, 327, 185, 473, 508, 329, 343, 448, 196, 284, 489, 279, 270, 614, 445, 521, 591, 260, 841, 794, 0]], [[0, 646, 215, 882, 140, 990, 789, 913, 274, 308, 165, 539, 13, 350, 349, 225, 809, 437, 465, 435, 93, 530, 746, 391, 0], [0, 516, 908, 43, 549, 371, 474, 228, 399, 476, 943, 611, 802, 942, 261, 313, 626, 821, 238, 227, 861, 337, 567, 878, 262, 264, 605, 500, 485, 472, 272, 803, 755, 598, 984, 777, 863, 192, 309, 0]], [[0, 622, 72, 324, 292, 231, 706, 65, 673, 460, 398, 983, 929, 83, 11, 633, 621, 108, 363, 760, 686, 551, 494, 826, 797, 144, 917, 507, 61, 918, 773, 42, 0], [0, 326, 38, 417, 529, 991, 369, 96, 975, 481, 295, 895, 543, 879, 859, 135, 491, 876, 935, 180, 107, 827, 234, 299, 577, 376, 0]], [[0, 659, 277, 201, 69, 576, 203, 304, 432, 306, 724, 766, 133, 204, 40, 484, 838, 183, 105, 875, 157, 110, 222, 734, 790, 488, 992, 195, 396, 315, 152, 615, 276, 32, 0], [0, 303, 429, 226, 311, 969, 556, 926, 542, 250, 704, 131, 915, 894, 654, 600, 454, 914, 80, 194, 642, 334, 538, 800, 852, 814, 637, 647, 618, 94, 113, 452, 787, 952, 747, 569, 0]], [[0, 617, 341, 934, 649, 31, 583, 849, 461, 897, 189, 56, 884, 258, 514, 381, 332, 765, 229, 340, 207, 574, 950, 981, 899, 742, 0], [0, 801, 150, 81, 263, 575, 37, 901, 310, 786, 930, 499, 609, 997, 661, 433, 807, 994, 174, 738, 625, 805, 584, 217, 115, 515, 298, 62, 851, 750, 699, 98, 331, 0]]]","[[[0, 948, 696, 0], [0, 763, 0], [0, 321, 933, 0], [0, 945, 320, 0], [0, 953, 0], [0, 568, 0], [0, 781, 26, 0], [0, 865, 651, 0], [0, 525, 0], [0, 55, 20, 0], [0, 845, 21, 0], [0, 156, 940, 0], [0, 546, 684, 0], [0, 394, 0], [0, 804, 743, 0]], [[0, 571, 0], [0, 498, 0], [0, 244, 132, 957, 0], [0, 853, 698, 118, 0], [0, 775, 66, 0], [0, 419, 164, 0], [0, 675, 0], [0, 402, 0], [0, 138, 0], [0, 668, 0], [0, 197, 512, 0], [0, 866, 0], [0, 691, 0], [0, 416, 0]], [[0, 314, 177, 0], [0, 653, 0], [0, 400, 0], [0, 974, 163, 0], [0, 949, 0], [0, 985, 761, 0], [0, 650, 586, 0], [0, 202, 0], [0, 885, 0], [0, 669, 0], [0, 114, 0], [0, 846, 0], [0, 966, 0], [0, 736, 0], [0, 563, 900, 0]], [[0, 606, 168, 511, 0], [0, 199, 648, 0], [0, 624, 0], [0, 893, 703, 0], [0, 907, 656, 0], [0, 446, 0], [0, 721, 0], [0, 872, 0], [0, 34, 335, 0], [0, 475, 88, 700, 0], [0, 409, 812, 0], [0, 923, 0]], [[0, 603, 0], [0, 635, 0], [0, 905, 0], [0, 555, 533, 0], [0, 753, 779, 0], [0, 662, 0], [0, 793, 0], [0, 318, 0]], [], [], [[0, 143, 0]], [], [], [], [[0, 714, 470, 0]], [[0, 241, 0], [0, 906, 0]], [[0, 996, 205, 0]], []]","[7974.335825019807, 7975.824128466224, 7978.513561181908, 7967.461334850408, 7979.028725975819, 7979.543044930953, 7976.893090987327, 7965.015656933092, 7977.039324476776, 7964.614061466393, 7965.399355219045, 7975.302753524587, 7977.886794078329, 7979.2974424325475, 7971.426299049572]","[7880.709138400213, 7782.661662655895, 7935.435046878254, 7192.220193652077, 5210.693302103962, -0.0, -0.0, 177.2782180710592, -0.0, -0.0, -0.0, 674.4481937637162, 975.1560318287601, 470.0732096201051, -0.0]",1400,2.27
1000.30.1,1000,15,15,endurance,high,high,3600,15.6464,700,31.2928,133.2354851,"[[[0, 849, 461, 897, 987, 884, 258, 200, 874, 559, 362, 902, 10, 462, 351, 302, 689, 251, 843, 220, 602, 65, 45, 232, 706, 231, 674, 292, 837, 72, 622, 818, 267, 475, 0], [0, 401, 30, 566, 158, 211, 550, 109, 578, 406, 855, 620, 979, 733, 767, 729, 891, 806, 166, 759, 694, 57, 0]], [[0, 139, 510, 944, 946, 501, 958, 288, 212, 221, 339, 735, 545, 51, 102, 410, 467, 90, 385, 687, 328, 359, 412, 970, 739, 667, 235, 471, 128, 0], [0, 256, 3, 707, 373, 688, 25, 768, 126, 76, 654, 600, 454, 914, 538, 334, 80, 194, 642, 894, 915, 131, 704, 250, 542, 926, 311, 429, 303, 885, 569, 659, 0]], [[0, 624, 416, 740, 162, 557, 663, 210, 541, 170, 877, 85, 280, 413, 748, 492, 903, 705, 384, 147, 963, 962, 795, 604, 932, 736, 370, 0], [0, 513, 904, 928, 337, 861, 227, 567, 878, 262, 476, 943, 611, 802, 238, 821, 626, 313, 261, 836, 361, 360, 585, 296, 106, 58, 989, 908, 516, 598, 984, 777, 863, 192, 409, 309, 143, 0]], [[0, 1000, 905, 137, 463, 951, 421, 1, 609, 997, 661, 433, 807, 994, 174, 738, 625, 805, 584, 217, 115, 515, 298, 62, 851, 601, 395, 697, 835, 0], [0, 711, 19, 122, 368, 649, 31, 583, 726, 189, 685, 56, 695, 544, 23, 820, 224, 514, 381, 332, 744, 850, 757, 79, 181, 840, 50, 119, 536, 934, 341, 617, 920, 0]], [[0, 658, 293, 325, 575, 37, 901, 310, 499, 930, 786, 992, 488, 790, 734, 222, 110, 157, 766, 724, 306, 432, 304, 203, 576, 69, 201, 277, 801, 355, 0], [0, 101, 7, 348, 912, 623, 239, 868, 973, 67, 117, 153, 613, 497, 999, 392, 469, 640, 572, 745, 589, 676, 593, 405, 450, 916, 148, 788, 722, 980, 243, 386, 29, 0]], [[0, 464, 971, 867, 537, 161, 383, 678, 564, 179, 347, 479, 798, 159, 142, 307, 509, 71, 942, 399, 228, 474, 371, 485, 472, 619, 382, 964, 990, 215, 646, 0], [0, 171, 955, 730, 960, 692, 257, 422, 300, 358, 52, 483, 751, 636, 784, 18, 808, 282, 588, 573, 770, 281, 242, 630, 214, 323, 0]], [[0, 752, 830, 440, 290, 666, 847, 910, 259, 4, 815, 526, 193, 995, 769, 983, 929, 363, 83, 11, 108, 621, 633, 673, 460, 398, 680, 216, 233, 608, 317, 99, 324, 713, 628, 925, 531, 12, 635, 0], [0, 127, 246, 796, 690, 792, 389, 523, 9, 582, 344, 275, 478, 33, 725, 35, 493, 455, 522, 379, 237, 644, 352, 924, 670, 0]], [[0, 372, 59, 869, 146, 6, 771, 693, 638, 936, 103, 255, 449, 681, 266, 411, 632, 236, 612, 428, 829, 111, 15, 854, 24, 0], [0, 699, 36, 750, 480, 129, 209, 972, 816, 84, 240, 664, 732, 47, 828, 154, 702, 723, 505, 186, 627, 175, 967, 856, 213, 468, 442, 176, 641, 671, 444, 524, 98, 331, 0]], [[0, 882, 140, 789, 913, 274, 308, 165, 539, 579, 755, 803, 272, 43, 549, 264, 605, 500, 886, 190, 350, 349, 225, 353, 431, 715, 941, 93, 0], [0, 993, 365, 645, 741, 961, 976, 387, 92, 439, 423, 191, 643, 86, 716, 89, 466, 783, 791, 123, 825, 124, 822, 532, 881, 710, 457, 965, 495, 719, 305, 390, 286, 297, 0]], [[0, 435, 465, 437, 809, 13, 172, 245, 968, 427, 883, 887, 892, 219, 682, 772, 888, 921, 597, 857, 420, 799, 319, 986, 301, 862, 283, 562, 345, 506, 530, 746, 391, 0], [0, 17, 587, 397, 104, 336, 482, 982, 269, 289, 599, 810, 720, 939, 354, 415, 718, 554, 378, 97, 610, 504, 708, 125, 823, 880, 87, 574, 950, 981, 899, 742, 701, 528, 753, 0]], [[0, 498, 155, 330, 762, 366, 252, 430, 890, 954, 369, 96, 364, 607, 975, 683, 312, 895, 543, 879, 859, 135, 295, 481, 491, 876, 935, 991, 529, 417, 326, 0], [0, 100, 832, 458, 178, 22, 922, 249, 426, 167, 988, 456, 49, 937, 418, 731, 565, 927, 679, 63, 188, 570, 404, 764, 356, 377, 737, 44, 338, 527, 824, 776, 782, 998, 64, 0]], [[0, 519, 749, 978, 441, 813, 316, 590, 831, 46, 375, 634, 898, 291, 121, 785, 811, 78, 5, 208, 780, 425, 817, 407, 14, 0], [0, 947, 459, 134, 380, 136, 74, 595, 518, 833, 268, 273, 473, 502, 185, 652, 580, 206, 327, 508, 343, 329, 451, 848, 665, 496, 447, 534, 28, 727, 424, 342, 48, 594, 553, 260, 0]], [[0, 244, 32, 150, 276, 81, 263, 615, 152, 315, 195, 396, 113, 133, 204, 875, 105, 183, 838, 484, 800, 852, 814, 637, 40, 647, 94, 618, 556, 969, 452, 787, 226, 952, 747, 525, 0], [0, 591, 521, 445, 614, 270, 279, 438, 503, 581, 596, 616, 2, 956, 60, 540, 182, 487, 977, 414, 909, 911, 436, 443, 778, 486, 294, 712, 54, 561, 558, 434, 184, 130, 141, 0]], [[0, 639, 520, 254, 660, 271, 728, 489, 284, 774, 756, 322, 709, 223, 285, 160, 631, 149, 346, 448, 196, 374, 73, 116, 70, 68, 592, 864, 754, 120, 860, 0], [0, 400, 577, 38, 299, 234, 827, 107, 180, 278, 287, 677, 490, 548, 931, 198, 873, 75, 333, 896, 0]], [[0, 657, 919, 758, 871, 187, 53, 41, 229, 765, 340, 207, 655, 169, 265, 517, 870, 717, 77, 403, 408, 552, 91, 145, 889, 844, 0], [0, 629, 819, 367, 834, 112, 672, 95, 27, 8, 560, 82, 686, 760, 551, 494, 826, 858, 547, 938, 797, 144, 917, 507, 61, 918, 42, 0]]]","[[[0, 177, 865, 0], [0, 20, 164, 839, 0], [0, 314, 335, 0], [0, 900, 376, 853, 0], [0, 453, 606, 0], [0, 512, 197, 0], [0, 66, 698, 0], [0, 202, 0], [0, 675, 691, 0], [0, 945, 173, 0], [0, 648, 0], [0, 743, 0], [0, 794, 0], [0, 974, 923, 0]], [[0, 535, 0], [0, 603, 0], [0, 320, 0], [0, 393, 0], [0, 812, 477, 696, 0], [0, 470, 199, 0], [0, 230, 0], [0, 39, 0], [0, 893, 0], [0, 866, 0], [0, 906, 0], [0, 394, 0], [0, 318, 0], [0, 653, 0]], [[0, 357, 555, 16, 0], [0, 703, 533, 0], [0, 247, 0], [0, 721, 0], [0, 446, 0], [0, 662, 953, 0], [0, 933, 118, 700, 0], [0, 996, 0], [0, 845, 957, 0], [0, 804, 132, 651, 0], [0, 168, 0], [0, 151, 0], [0, 872, 0]], [[0, 781, 26, 0], [0, 114, 0], [0, 568, 684, 0], [0, 773, 0], [0, 163, 402, 0], [0, 205, 775, 0], [0, 511, 966, 0], [0, 546, 248, 0], [0, 907, 0], [0, 321, 940, 0], [0, 846, 0], [0, 388, 0], [0, 668, 0], [0, 650, 586, 0]], [[0, 793, 0], [0, 985, 0], [0, 156, 21, 842, 0], [0, 763, 0], [0, 959, 0], [0, 669, 0], [0, 779, 0], [0, 949, 0], [0, 419, 0], [0, 88, 253, 0], [0, 571, 0]], [[0, 714, 0], [0, 841, 0], [0, 948, 0]], [[0, 241, 0], [0, 138, 0]], [], [], [], [], [], [[0, 55, 656, 563, 0], [0, 34, 761, 0]], [], [[0, 218, 0]]]","[7977.975774411248, 7957.268247697105, 7993.079069162784, 7977.106386187061, 7989.414166211298, 7981.4160472148305, 7976.6038711626015, 7993.529619990013, 7976.539207339914, 7992.962874629336, 7984.089540438778, 7981.157547461147, 7990.832037937796, 7974.254779967115, 7994.129104640294]","[7785.563342078312, 7536.206288756879, 7676.300904809003, 7779.68505554777, 6049.895791898391, 1792.256828981523, 1207.0132557681065, -0.0, -0.0, -0.0, -0.0, -0.0, 1158.707123155421, -0.0, 521.9790963452039]",1400,2.27
1000.30.2,1000,15,15,endurance,high,high,3600,15.6464,700,31.2928,133.701187,"[[[0, 796, 680, 748, 828, 537, 571, 819, 375, 711, 950, 20, 614, 609, 331, 898, 742, 356, 409, 278, 73, 894, 267, 100, 784, 640, 27, 821, 852, 888, 486, 0], [0, 4, 217, 30, 437, 152, 435, 111, 282, 406, 72, 292, 281, 245, 695, 210, 577, 377, 101, 939, 9, 616, 556, 414, 188, 657, 192, 58, 225, 562, 731, 494, 116, 504, 699, 0]], [[0, 848, 970, 514, 786, 382, 364, 417, 938, 378, 767, 733, 252, 715, 52, 967, 67, 349, 554, 50, 78, 431, 803, 935, 247, 812, 966, 745, 541, 345, 0], [0, 89, 65, 816, 162, 109, 344, 912, 846, 805, 856, 187, 818, 343, 815, 144, 928, 499, 662, 761, 493, 337, 467, 75, 817, 316, 433, 241, 280, 624, 150, 0]], [[0, 125, 897, 787, 481, 43, 777, 858, 367, 924, 743, 114, 782, 920, 772, 38, 797, 645, 56, 823, 886, 783, 763, 338, 483, 112, 638, 740, 849, 615, 219, 0], [0, 266, 883, 843, 143, 978, 605, 563, 675, 168, 403, 646, 359, 444, 524, 999, 57, 738, 36, 879, 236, 136, 352, 650, 829, 198, 183, 503, 158, 213, 0]], [[0, 753, 238, 875, 275, 301, 314, 910, 46, 340, 189, 488, 88, 6, 790, 395, 985, 129, 872, 588, 575, 771, 141, 440, 755, 94, 131, 8, 334, 0], [0, 800, 135, 16, 215, 49, 895, 113, 750, 165, 161, 412, 209, 653, 84, 354, 521, 256, 552, 428, 809, 289, 461, 472, 489, 0]], [[0, 313, 760, 426, 261, 663, 134, 515, 708, 658, 538, 661, 310, 15, 311, 464, 336, 184, 730, 411, 988, 548, 173, 746, 721, 925, 201, 534, 607, 318, 0], [0, 593, 684, 555, 573, 197, 368, 568, 570, 932, 567, 258, 802, 801, 698, 195, 176, 847, 991, 788, 874, 940, 919, 807, 429, 452, 59, 765, 613, 445, 86, 47, 532, 0]], [[0, 622, 505, 685, 664, 914, 137, 284, 157, 128, 587, 893, 590, 34, 402, 64, 193, 979, 942, 877, 899, 951, 242, 921, 330, 80, 902, 421, 923, 654, 0], [0, 833, 666, 265, 560, 127, 224, 423, 804, 126, 223, 442, 120, 717, 850, 764, 811, 884, 226, 205, 33, 155, 747, 977, 947, 430, 350, 825, 178, 756, 118, 911, 404, 351, 308, 0]], [[0, 582, 724, 915, 759, 98, 557, 544, 159, 255, 434, 631, 272, 598, 955, 303, 390, 754, 490, 706, 283, 930, 475, 107, 572, 623, 321, 138, 121, 305, 826, 853, 108, 92, 471, 735, 0], [0, 824, 45, 634, 700, 156, 401, 997, 485, 180, 1000, 181, 474, 110, 287, 506, 769, 117, 513, 820, 270, 147, 21, 694, 922, 186, 333, 309, 339, 517, 0]], [[0, 277, 139, 509, 660, 934, 458, 456, 550, 659, 124, 669, 93, 583, 799, 211, 296, 768, 941, 348, 628, 535, 175, 0], [0, 854, 855, 559, 317, 393, 391, 770, 405, 463, 55, 229, 77, 896, 632, 880, 182, 968, 516, 496, 688, 692, 95, 106, 971, 54, 362, 958, 81, 744, 619, 69, 420, 372, 726, 749, 363, 32, 601, 394, 325, 0]], [[0, 636, 169, 335, 460, 203, 470, 728, 948, 984, 200, 696, 320, 132, 918, 989, 24, 17, 808, 798, 965, 945, 355, 727, 904, 142, 199, 908, 860, 780, 957, 208, 381, 835, 0], [0, 130, 580, 415, 389, 122, 448, 204, 358, 230, 672, 306, 531, 565, 963, 326, 863, 76, 844, 480, 35, 621, 221, 453, 274, 227, 102, 479, 286, 766, 716, 993, 0]], [[0, 865, 254, 687, 2, 232, 677, 384, 174, 71, 194, 228, 379, 549, 603, 151, 83, 380, 91, 905, 620, 785, 953, 462, 82, 690, 418, 399, 0], [0, 773, 861, 19, 870, 357, 906, 998, 179, 618, 546, 857, 392, 781, 707, 439, 271, 866, 487, 148, 681, 522, 597, 962, 903, 643, 276, 569, 723, 87, 304, 231, 741, 0]], [[0, 566, 916, 736, 497, 926, 407, 376, 594, 585, 592, 322, 794, 327, 346, 617, 525, 719, 332, 455, 342, 876, 891, 510, 502, 422, 170, 589, 869, 507, 673, 714, 651, 468, 913, 0], [0, 235, 881, 145, 443, 871, 612, 574, 166, 163, 693, 477, 347, 702, 528, 328, 387, 890, 982, 451, 917, 160, 599, 154, 729, 398, 986, 279, 929, 0]], [[0, 290, 671, 586, 104, 885, 96, 234, 868, 604, 626, 536, 370, 842, 810, 18, 712, 13, 196, 996, 167, 779, 705, 649, 627, 216, 776, 862, 981, 383, 0], [0, 299, 608, 508, 79, 994, 553, 682, 419, 591, 476, 547, 410, 943, 63, 778, 793, 413, 495, 576, 22, 85, 523, 115, 725, 438, 1, 639, 374, 511, 845, 0]], [[0, 909, 48, 99, 369, 840, 641, 68, 388, 190, 319, 450, 648, 262, 689, 212, 366, 795, 90, 449, 946, 625, 237, 579, 837, 441, 558, 540, 97, 66, 595, 0], [0, 44, 969, 527, 887, 713, 498, 285, 297, 529, 39, 931, 436, 295, 964, 644, 841, 578, 679, 466, 633, 5, 70, 386, 473, 233, 324, 836, 561, 827, 0]], [[0, 264, 927, 206, 975, 400, 668, 259, 830, 867, 341, 665, 655, 959, 791, 656, 944, 220, 171, 670, 691, 307, 739, 774, 149, 51, 365, 447, 933, 0], [0, 312, 260, 244, 762, 501, 757, 697, 704, 243, 976, 396, 29, 140, 103, 732, 416, 294, 752, 371, 526, 268, 454, 584, 0]], [[0, 302, 907, 519, 133, 492, 26, 949, 596, 146, 397, 635, 512, 667, 814, 385, 937, 987, 642, 61, 74, 432, 246, 518, 647, 248, 425, 956, 469, 0], [0, 251, 164, 954, 323, 408, 41, 775, 751, 218, 600, 62, 972, 530, 995, 851, 315, 637, 792, 758, 737, 952, 457, 889, 581, 961, 551, 520, 539, 291, 0]]]","[[[0, 257, 0], [0, 878, 610, 0], [0, 60, 674, 0], [0, 172, 0], [0, 214, 0], [0, 293, 873, 0], [0, 683, 361, 0], [0, 459, 0], [0, 240, 0], [0, 253, 980, 0], [0, 207, 40, 0], [0, 25, 629, 686, 0], [0, 789, 630, 703, 0], [0, 606, 263, 0], [0, 936, 373, 0]], [[0, 10, 11, 298, 0], [0, 652, 859, 0], [0, 288, 0], [0, 353, 0], [0, 300, 14, 0], [0, 882, 0], [0, 424, 992, 0], [0, 42, 0], [0, 105, 806, 0], [0, 973, 0], [0, 533, 0], [0, 822, 239, 0], [0, 831, 0], [0, 832, 0]], [[0, 191, 0], [0, 864, 0], [0, 678, 0], [0, 329, 185, 465, 0], [0, 202, 0], [0, 28, 734, 0], [0, 960, 0], [0, 710, 0], [0, 119, 0], [0, 491, 0], [0, 273, 0], [0, 3, 900, 0], [0, 676, 901, 0]], [[0, 7, 0], [0, 990, 0], [0, 709, 0], [0, 838, 0], [0, 564, 0], [0, 360, 0], [0, 542, 269, 0], [0, 545, 611, 0], [0, 222, 0], [0, 12, 0], [0, 427, 0], [0, 123, 0], [0, 478, 0], [0, 23, 0], [0, 892, 0]], [[0, 153, 0], [0, 446, 701, 0], [0, 720, 0], [0, 249, 177, 0], [0, 37, 0], [0, 722, 0], [0, 31, 0], [0, 484, 0], [0, 834, 983, 0], [0, 974, 0], [0, 500, 0]], [[0, 602, 0], [0, 718, 0], [0, 839, 813, 0], [0, 53, 0], [0, 250, 482, 0], [0, 543, 0]], [], [], [], [], [], [], [], [], []]","[8018.879004823326, 8019.51131270718, 8018.811846876607, 8021.610680227423, 8012.793431184064, 8022.071222714805, 8011.222502801703, 8020.052661886648, 8016.906556376873, 7992.45889955098, 8019.998879580269, 8018.4419517249535, 8019.782253774528, 8020.349561803881, 8015.903966494665]","[7922.231554509962, 7489.024357780847, 7655.272916168083, 7997.671928518734, 6612.189872480749, 3230.5493740004345, -0.0, -0.0, -0.0, -0.0, -0.0, -0.0, -0.0, -0.0, -0.0]",1400,2.27
1000.30.2,1000,15,15,endurance,high,high,3600,15.6464,700,31.2928,134.6105695,"[[[0, 615, 777, 89, 65, 816, 162, 920, 38, 772, 109, 344, 912, 846, 856, 187, 818, 463, 229, 377, 101, 797, 645, 56, 886, 783, 849, 191, 0], [0, 313, 760, 426, 261, 173, 548, 663, 134, 515, 708, 538, 658, 730, 411, 872, 588, 575, 988, 771, 141, 46, 910, 314, 131, 875, 0]], [[0, 941, 768, 296, 583, 93, 458, 456, 163, 347, 702, 477, 693, 137, 284, 914, 664, 685, 934, 660, 509, 139, 277, 0], [0, 408, 775, 218, 600, 62, 972, 792, 758, 737, 306, 531, 844, 76, 863, 326, 963, 565, 637, 315, 851, 530, 633, 5, 751, 41, 233, 324, 0]], [[0, 92, 87, 723, 569, 276, 643, 321, 623, 107, 572, 557, 544, 159, 959, 655, 665, 341, 830, 259, 867, 668, 400, 975, 206, 677, 232, 2, 687, 254, 10, 0], [0, 953, 785, 380, 83, 244, 603, 549, 762, 501, 757, 697, 704, 243, 976, 396, 29, 140, 103, 732, 416, 294, 752, 371, 526, 268, 151, 462, 82, 399, 0]], [[0, 251, 164, 954, 323, 581, 961, 130, 102, 227, 234, 776, 96, 479, 766, 286, 716, 993, 257, 0], [0, 552, 256, 546, 857, 392, 781, 707, 681, 148, 439, 271, 866, 487, 490, 754, 390, 706, 522, 597, 962, 283, 631, 255, 98, 759, 915, 724, 582, 927, 264, 471, 735, 0]], [[0, 821, 27, 640, 784, 833, 666, 804, 126, 118, 178, 350, 430, 947, 977, 136, 352, 825, 756, 223, 423, 224, 127, 560, 265, 748, 888, 486, 0], [0, 710, 470, 956, 203, 948, 984, 200, 248, 518, 246, 74, 61, 642, 987, 937, 385, 814, 397, 146, 596, 949, 297, 529, 285, 498, 798, 808, 17, 24, 989, 918, 132, 527, 908, 860, 780, 969, 957, 208, 153, 734, 0]], [[0, 517, 824, 532, 445, 613, 765, 429, 874, 788, 991, 847, 932, 567, 258, 802, 801, 698, 195, 176, 940, 919, 807, 452, 59, 238, 753, 318, 0], [0, 100, 267, 894, 73, 278, 442, 120, 717, 850, 764, 811, 884, 226, 205, 747, 155, 33, 236, 879, 36, 738, 168, 675, 650, 829, 911, 404, 351, 308, 720, 852, 0]], [[0, 913, 674, 60, 309, 916, 736, 497, 926, 407, 21, 700, 684, 275, 301, 755, 440, 746, 925, 721, 94, 201, 8, 334, 534, 607, 0], [0, 340, 189, 488, 88, 6, 790, 395, 985, 129, 184, 336, 464, 311, 15, 661, 310, 57, 999, 524, 444, 359, 646, 403, 563, 605, 978, 143, 843, 883, 266, 198, 183, 503, 158, 0]], [[0, 48, 99, 363, 749, 726, 372, 420, 388, 190, 319, 450, 648, 262, 689, 212, 366, 795, 90, 449, 946, 625, 237, 579, 837, 441, 68, 641, 840, 369, 651, 468, 566, 339, 0], [0, 345, 745, 786, 364, 417, 938, 767, 733, 877, 942, 979, 193, 64, 52, 402, 590, 893, 587, 157, 128, 34, 899, 951, 242, 921, 330, 80, 902, 421, 923, 654, 505, 478, 628, 535, 175, 722, 787, 0]], [[0, 508, 374, 1, 725, 85, 22, 576, 495, 793, 778, 63, 943, 209, 653, 84, 354, 521, 428, 412, 161, 809, 19, 289, 461, 853, 826, 108, 304, 231, 741, 0], [0, 845, 425, 994, 79, 639, 115, 523, 591, 667, 512, 635, 476, 547, 410, 413, 165, 750, 861, 773, 472, 489, 0]], [[0, 671, 586, 104, 885, 868, 604, 626, 536, 370, 842, 810, 18, 996, 196, 13, 712, 621, 35, 480, 672, 230, 358, 204, 448, 952, 457, 122, 221, 453, 389, 274, 415, 889, 580, 551, 520, 539, 291, 0], [0, 312, 260, 584, 454, 537, 571, 819, 375, 711, 950, 20, 614, 609, 331, 898, 742, 356, 409, 828, 796, 0]], [[0, 235, 145, 443, 871, 160, 982, 890, 387, 328, 528, 166, 574, 612, 550, 659, 124, 669, 799, 211, 348, 718, 0], [0, 817, 75, 805, 317, 393, 391, 770, 405, 815, 343, 55, 77, 896, 632, 880, 182, 968, 516, 496, 245, 695, 577, 9, 939, 188, 657, 823, 763, 638, 740, 0]], [[0, 186, 147, 673, 507, 869, 376, 270, 594, 585, 592, 322, 794, 327, 346, 617, 525, 719, 332, 455, 342, 876, 891, 510, 502, 422, 170, 589, 558, 540, 97, 714, 66, 595, 0], [0, 381, 199, 142, 904, 727, 355, 945, 965, 931, 39, 436, 295, 964, 644, 841, 578, 995, 679, 466, 70, 386, 473, 836, 561, 827, 172, 0]], [[0, 305, 121, 138, 870, 906, 357, 998, 179, 618, 903, 475, 930, 434, 272, 598, 955, 303, 791, 656, 944, 220, 171, 670, 691, 307, 739, 774, 149, 51, 384, 174, 365, 71, 194, 228, 379, 91, 905, 620, 447, 0], [0, 44, 907, 728, 696, 320, 519, 887, 713, 26, 492, 133, 647, 432, 553, 682, 419, 438, 113, 895, 49, 215, 16, 135, 800, 361, 299, 636, 0]], [[0, 112, 483, 731, 338, 562, 225, 58, 192, 414, 556, 616, 282, 406, 210, 72, 292, 281, 688, 692, 95, 106, 971, 54, 362, 958, 81, 744, 111, 435, 619, 69, 152, 437, 30, 217, 4, 494, 116, 32, 601, 394, 123, 960, 699, 0], [0, 45, 333, 922, 694, 156, 997, 485, 1000, 555, 573, 197, 368, 568, 570, 287, 110, 506, 769, 117, 513, 820, 474, 181, 180, 401, 634, 593, 214, 0]], [[0, 858, 924, 367, 743, 114, 782, 433, 398, 316, 729, 467, 337, 761, 493, 854, 559, 855, 144, 928, 499, 662, 451, 917, 599, 154, 986, 241, 279, 881, 929, 624, 280, 43, 0], [0, 290, 383, 812, 981, 862, 247, 935, 216, 627, 649, 705, 779, 167, 349, 554, 50, 67, 967, 715, 252, 378, 78, 431, 803, 382, 966, 514, 970, 848, 0]]]","[[[0, 992, 602, 0], [0, 11, 608, 0], [0, 202, 0], [0, 813, 936, 0], [0, 353, 630, 0], [0, 3, 0], [0, 14, 701, 0], [0, 446, 300, 629, 0], [0, 37, 0], [0, 86, 47, 0], [0, 12, 0], [0, 31, 0]], [[0, 676, 335, 0], [0, 482, 0], [0, 606, 832, 0], [0, 690, 873, 0], [0, 253, 683, 0], [0, 329, 909, 983, 0], [0, 239, 0], [0, 686, 325, 0], [0, 465, 834, 0], [0, 250, 219, 0], [0, 427, 0], [0, 273, 424, 0], [0, 878, 42, 0], [0, 125, 0], [0, 418, 865, 0]], [[0, 709, 207, 0], [0, 105, 213, 0], [0, 25, 222, 298, 0], [0, 249, 177, 0], [0, 459, 0], [0, 23, 0], [0, 545, 373, 0], [0, 469, 360, 0], [0, 806, 0], [0, 288, 0], [0, 652, 859, 0], [0, 822, 980, 0], [0, 892, 0], [0, 839, 0], [0, 703, 0]], [[0, 973, 0], [0, 622, 0], [0, 990, 0], [0, 481, 0], [0, 169, 28, 0], [0, 542, 150, 0], [0, 680, 0], [0, 185, 541, 0], [0, 7, 0], [0, 533, 789, 0], [0, 897, 0], [0, 901, 0], [0, 974, 0]], [[0, 263, 0], [0, 504, 838, 0], [0, 610, 0], [0, 460, 0], [0, 53, 0], [0, 835, 564, 0], [0, 491, 0], [0, 500, 933, 0]], [[0, 882, 0]], [[0, 484, 0]], [[0, 511, 0], [0, 293, 240, 0]], [[0, 302, 0]], [[0, 543, 0], [0, 864, 0]], [], [[0, 831, 0]], [[0, 611, 269, 0]], [[0, 119, 0], [0, 678, 900, 0], [0, 40, 0]], []]","[8072.9445234020595, 8076.634169889575, 8063.1141896444515, 8076.00534811698, 8061.628705023025, 8075.889893272182, 8071.973142993675, 8073.611931742873, 8074.962749573639, 8074.182334187287, 8076.568287502452, 8068.331768943447, 8066.279652798944, 8065.537676521911, 8067.584127856784]","[7790.526689026736, 8075.841766468706, 7994.912314341845, 7514.677697175452, 4628.922899431887, 651.4184182129452, 469.10250250881637, 1355.5990780124866, 391.54237135133985, 889.7842966176249, -0.0, 547.5786843120125, 629.3916633616083, 1551.9926028401194, -0.0]",1400,2.27
1000.30.2,1000,15,15,endurance,high,high,3600,15.6464,700,31.2928,132.8834904,"[[[0, 853, 826, 472, 461, 289, 19, 809, 428, 552, 256, 521, 354, 84, 653, 209, 412, 161, 165, 750, 861, 773, 113, 895, 489, 800, 299, 0], [0, 753, 238, 875, 275, 314, 910, 46, 340, 189, 488, 88, 6, 790, 395, 985, 129, 872, 588, 575, 141, 440, 755, 301, 131, 8, 334, 652, 0]], [[0, 566, 595, 66, 468, 651, 97, 540, 558, 589, 170, 422, 502, 510, 891, 876, 342, 455, 332, 719, 525, 617, 346, 327, 794, 322, 592, 585, 594, 376, 147, 21, 922, 634, 446, 339, 703, 517, 125, 0], [0, 394, 601, 32, 4, 731, 217, 562, 30, 437, 152, 69, 435, 958, 81, 319, 450, 648, 262, 689, 212, 366, 795, 90, 449, 946, 625, 237, 579, 837, 441, 840, 369, 48, 913, 0]], [[0, 470, 203, 425, 994, 553, 682, 61, 987, 937, 385, 814, 476, 547, 410, 943, 63, 778, 793, 413, 495, 576, 22, 85, 523, 115, 1, 49, 215, 16, 135, 636, 0], [0, 953, 785, 905, 91, 194, 174, 384, 51, 149, 774, 739, 307, 691, 670, 171, 220, 944, 656, 791, 303, 955, 598, 959, 159, 655, 665, 341, 668, 206, 254, 735, 0]], [[0, 534, 313, 760, 426, 746, 261, 548, 663, 134, 515, 708, 524, 444, 359, 646, 403, 168, 675, 563, 605, 978, 143, 883, 843, 266, 829, 198, 183, 503, 0], [0, 514, 654, 923, 364, 417, 938, 767, 877, 942, 979, 193, 64, 52, 402, 590, 893, 587, 157, 128, 34, 899, 951, 242, 921, 330, 80, 902, 421, 505, 0]], [[0, 214, 593, 684, 997, 485, 555, 573, 197, 368, 568, 570, 287, 932, 567, 258, 847, 991, 788, 698, 802, 801, 195, 176, 874, 940, 919, 807, 429, 452, 59, 765, 613, 445, 532, 0], [0, 849, 777, 740, 638, 763, 783, 886, 56, 797, 856, 187, 101, 818, 463, 405, 343, 815, 144, 770, 391, 393, 317, 805, 846, 912, 344, 109, 772, 38, 920, 162, 816, 65, 89, 782, 114, 367, 924, 858, 615, 0]], [[0, 102, 227, 415, 274, 389, 453, 122, 221, 621, 35, 480, 844, 76, 863, 326, 963, 565, 531, 306, 672, 230, 358, 204, 448, 952, 457, 889, 580, 130, 551, 520, 539, 291, 257, 0], [0, 383, 745, 786, 966, 812, 981, 862, 247, 935, 803, 78, 431, 627, 216, 776, 885, 479, 286, 766, 716, 250, 993, 0]], [[0, 845, 956, 508, 374, 79, 639, 438, 725, 419, 591, 667, 512, 635, 397, 146, 596, 949, 642, 74, 432, 246, 518, 647, 248, 200, 984, 948, 728, 709, 0], [0, 471, 92, 927, 87, 723, 724, 915, 572, 107, 557, 434, 283, 706, 522, 597, 392, 962, 930, 475, 903, 623, 321, 643, 276, 569, 121, 305, 304, 108, 231, 253, 741, 0]], [[0, 640, 784, 833, 666, 265, 560, 127, 224, 423, 804, 126, 223, 442, 120, 717, 850, 764, 811, 884, 226, 205, 33, 155, 747, 977, 947, 430, 350, 825, 756, 178, 118, 650, 911, 404, 351, 308, 158, 0], [0, 175, 465, 622, 970, 478, 277, 296, 669, 124, 659, 550, 612, 574, 166, 528, 328, 387, 890, 982, 451, 917, 160, 871, 443, 145, 799, 211, 768, 941, 878, 787, 0]], [[0, 983, 848, 535, 628, 139, 509, 660, 934, 685, 664, 914, 284, 137, 693, 477, 702, 347, 163, 456, 458, 93, 583, 348, 610, 676, 0], [0, 382, 378, 733, 252, 715, 967, 67, 50, 554, 349, 167, 779, 996, 196, 13, 712, 18, 810, 842, 705, 649, 370, 536, 626, 604, 868, 234, 96, 104, 586, 671, 290, 3, 345, 0]], [[0, 481, 235, 881, 279, 986, 398, 729, 154, 599, 337, 493, 761, 662, 499, 928, 854, 855, 559, 467, 75, 817, 316, 433, 241, 743, 280, 929, 624, 43, 0], [0, 82, 462, 151, 603, 762, 501, 757, 697, 704, 243, 976, 396, 29, 140, 103, 732, 416, 294, 752, 371, 526, 268, 454, 584, 260, 312, 0]], [[0, 835, 153, 381, 199, 142, 904, 727, 355, 945, 965, 644, 964, 295, 436, 931, 498, 713, 887, 918, 132, 527, 780, 969, 0], [0, 112, 483, 338, 823, 645, 657, 188, 939, 9, 577, 377, 229, 55, 77, 896, 880, 182, 968, 632, 245, 695, 210, 282, 616, 556, 414, 192, 58, 225, 494, 116, 504, 0]], [[0, 222, 824, 333, 186, 694, 700, 156, 401, 180, 1000, 181, 474, 110, 506, 769, 117, 513, 820, 270, 869, 507, 673, 407, 714, 926, 497, 736, 916, 309, 0], [0, 561, 836, 324, 233, 473, 386, 70, 5, 633, 466, 679, 578, 841, 995, 530, 851, 315, 637, 737, 758, 792, 972, 62, 600, 218, 751, 775, 41, 408, 323, 581, 961, 954, 164, 827, 251, 0]], [[0, 138, 870, 357, 906, 998, 179, 618, 546, 857, 781, 707, 439, 271, 866, 487, 148, 681, 490, 754, 390, 272, 631, 255, 544, 98, 759, 830, 867, 259, 400, 975, 582, 264, 239, 0], [0, 907, 696, 320, 519, 133, 492, 26, 285, 297, 529, 39, 798, 808, 17, 24, 989, 908, 860, 957, 208, 44, 0]], [[0, 486, 748, 828, 537, 571, 819, 375, 711, 950, 20, 614, 609, 331, 898, 742, 356, 409, 278, 73, 894, 267, 100, 27, 821, 888, 0], [0, 363, 749, 726, 372, 420, 619, 744, 111, 406, 72, 292, 281, 516, 496, 688, 692, 95, 106, 971, 54, 362, 190, 388, 68, 641, 99, 0]], [[0, 352, 136, 236, 879, 36, 738, 999, 57, 310, 661, 15, 311, 538, 658, 464, 336, 184, 730, 411, 988, 771, 173, 925, 721, 94, 201, 832, 607, 318, 0], [0, 399, 447, 620, 380, 83, 244, 549, 379, 228, 71, 365, 677, 232, 2, 687, 240, 865, 0]]]","[[[0, 630, 852, 0], [0, 678, 0], [0, 484, 0], [0, 335, 683, 0], [0, 40, 900, 0], [0, 718, 172, 0], [0, 734, 169, 0], [0, 990, 0], [0, 329, 0], [0, 873, 105, 0], [0, 150, 909, 789, 0], [0, 960, 0], [0, 491, 0], [0, 897, 0], [0, 202, 0]], [[0, 302, 10, 0], [0, 806, 611, 0], [0, 86, 47, 0], [0, 533, 0], [0, 864, 690, 418, 0], [0, 37, 0], [0, 45, 0], [0, 545, 0], [0, 892, 0], [0, 813, 213, 0], [0, 361, 822, 0], [0, 11, 674, 0], [0, 901, 686, 0]], [[0, 263, 796, 0], [0, 373, 0], [0, 992, 0], [0, 460, 710, 0], [0, 60, 0], [0, 185, 541, 0], [0, 722, 28, 0], [0, 542, 699, 0], [0, 298, 269, 0], [0, 7, 0], [0, 680, 0], [0, 608, 0], [0, 500, 933, 0]], [[0, 980, 0], [0, 249, 0], [0, 119, 0], [0, 177, 293, 0], [0, 23, 0], [0, 602, 482, 0], [0, 427, 0], [0, 288, 0], [0, 469, 207, 0], [0, 123, 0], [0, 191, 219, 0], [0, 273, 0], [0, 53, 0]], [[0, 838, 0], [0, 360, 0], [0, 511, 0], [0, 974, 0], [0, 859, 606, 0], [0, 300, 42, 0], [0, 720, 0], [0, 12, 0], [0, 882, 0], [0, 973, 0], [0, 629, 424, 0], [0, 831, 0], [0, 459, 0]], [[0, 936, 0], [0, 564, 0], [0, 31, 0], [0, 543, 0], [0, 25, 325, 0]], [[0, 839, 14, 0]], [[0, 834, 0]], [], [], [], [], [], [], [[0, 353, 701, 0]]]","[7972.708202452782, 7960.216169554316, 7973.009423005142, 7970.617533527677, 7972.923950820743, 7972.1402790416105, 7970.345912224375, 7955.951509125614, 7956.16836761531, 7972.869055707011, 7971.179531116739, 7971.208892121458, 7964.765870283936, 7961.16539888144, 7960.220680882358]","[7398.723764140168, 7711.196609504331, 7543.488394545291, 7890.30509680799, 7807.0224911190135, 2853.4667799091403, 664.0646810790654, 684.9575663681055, -0.0, -0.0, -0.0, -0.0, -0.0, -0.0, 672.1373134647246]",1400,2.27
1000.30.3,1000,15,15,endurance,high,high,3600,15.6464,700,31.2928,133.4219869,"[[[0, 312, 344, 250, 857, 979, 153, 242, 826, 496, 902, 470, 672, 420, 315, 831, 24, 493, 588, 130, 104, 138, 909, 85, 743, 608, 298, 382, 276, 322, 0], [0, 473, 819, 686, 139, 261, 545, 94, 736, 386, 211, 15, 848, 240, 172, 910, 363, 401, 885, 927, 220, 278, 509, 143, 59, 200, 870, 422, 644, 609, 770, 111, 103, 942, 701, 140, 478, 0]], [[0, 607, 822, 844, 317, 151, 840, 313, 929, 336, 409, 647, 433, 915, 42, 891, 165, 39, 36, 501, 898, 901, 71, 37, 425, 208, 605, 850, 729, 99, 426, 668, 447, 326, 688, 403, 0], [0, 174, 922, 775, 526, 934, 754, 451, 919, 63, 765, 311, 797, 330, 355, 232, 580, 923, 764, 400, 362, 995, 843, 790, 529, 525, 13, 931, 606, 270, 666, 265, 144, 0]], [[0, 785, 358, 35, 538, 229, 856, 987, 579, 956, 369, 740, 935, 806, 264, 675, 583, 846, 599, 681, 897, 976, 385, 503, 281, 464, 302, 0], [0, 49, 952, 367, 5, 685, 205, 864, 328, 629, 387, 371, 994, 679, 90, 673, 294, 10, 475, 70, 397, 639, 287, 81, 170, 883, 988, 465, 651, 662, 309, 472, 577, 459, 948, 0]], [[0, 187, 881, 438, 150, 945, 178, 556, 689, 476, 879, 416, 52, 350, 739, 587, 481, 996, 201, 884, 751, 333, 437, 991, 212, 68, 506, 924, 166, 61, 725, 300, 307, 0], [0, 661, 164, 377, 147, 724, 88, 533, 769, 631, 889, 253, 570, 916, 271, 858, 379, 992, 296, 571, 838, 388, 461, 225, 584, 913, 259, 663, 880, 368, 997, 0]], [[0, 873, 841, 58, 329, 22, 933, 937, 482, 46, 745, 532, 755, 787, 410, 262, 155, 239, 8, 818, 23, 268, 245, 241, 943, 408, 289, 600, 233, 553, 540, 57, 439, 781, 135, 193, 184, 920, 0], [0, 80, 944, 859, 564, 656, 255, 949, 34, 658, 202, 137, 957, 660, 188, 829, 0]], [[0, 132, 466, 454, 835, 432, 197, 96, 742, 159, 227, 41, 53, 882, 800, 803, 74, 477, 886, 25, 972, 62, 0], [0, 279, 176, 323, 562, 131, 485, 735, 665, 973, 750, 141, 760, 887, 544, 823, 645, 338, 86, 56, 246, 117, 542, 555, 536, 507, 413, 458, 440, 221, 776, 576, 341, 748, 321, 156, 678, 113, 460, 723, 746, 511, 243, 0]], [[0, 468, 698, 263, 962, 722, 515, 119, 936, 676, 939, 643, 157, 210, 572, 267, 630, 786, 757, 853, 452, 601, 911, 558, 365, 441, 778, 863, 539, 167, 728, 0], [0, 488, 175, 671, 203, 14, 940, 657, 842, 702, 759, 282, 567, 207, 415, 953, 718, 749, 874, 381, 626, 462, 497, 206, 411, 136, 753, 808, 335, 0]], [[0, 512, 65, 574, 795, 133, 989, 434, 700, 399, 892, 597, 106, 677, 158, 189, 871, 968, 209, 703, 817, 30, 993, 340, 721, 622, 861, 0], [0, 653, 390, 191, 436, 684, 290, 21, 528, 129, 974, 878, 54, 127, 254, 642, 78, 349, 247, 373, 134, 69, 190, 714, 429, 0]], [[0, 17, 738, 824, 517, 691, 4, 258, 194, 791, 126, 366, 380, 177, 508, 45, 636, 450, 768, 0], [0, 173, 983, 810, 801, 780, 107, 378, 219, 421, 598, 288, 182, 779, 145, 547, 967, 266, 704, 635, 72, 73, 306, 55, 142, 690, 981, 291, 160, 343, 375, 359, 427, 985, 593, 682, 594, 297, 925, 0]], [[0, 998, 773, 505, 868, 484, 418, 40, 489, 932, 904, 772, 48, 820, 249, 814, 852, 813, 589, 907, 26, 185, 693, 248, 947, 717, 357, 708, 370, 867, 354, 928, 730, 44, 91, 346, 0], [0, 38, 327, 356, 611, 551, 75, 652, 430, 951, 893, 453, 12, 3, 590, 894, 905, 490, 888, 559, 334, 0]], [[0, 876, 256, 301, 169, 799, 865, 618, 394, 82, 705, 310, 20, 734, 530, 284, 417, 610, 448, 510, 638, 531, 621, 463, 504, 541, 494, 586, 719, 632, 108, 442, 737, 984, 918, 731, 620, 87, 0], [0, 308, 342, 568, 617, 280, 513, 100, 51, 854, 457, 33, 741, 926, 124, 692, 286, 305, 95, 213, 767, 789, 520, 93, 680, 125, 318, 914, 965, 0]], [[0, 9, 895, 121, 244, 204, 83, 578, 383, 419, 796, 19, 860, 851, 646, 6, 833, 696, 908, 966, 792, 89, 830, 235, 275, 292, 230, 376, 101, 325, 154, 766, 304, 345, 727, 0], [0, 784, 687, 917, 839, 811, 709, 316, 732, 563, 756, 697, 938, 443, 467, 449, 710, 428, 654, 877, 0]], [[0, 849, 168, 161, 548, 592, 794, 348, 31, 603, 521, 11, 180, 360, 295, 821, 762, 855, 614, 695, 435, 1000, 655, 402, 285, 616, 582, 720, 0], [0, 7, 237, 60, 546, 809, 404, 424, 384, 637, 492, 941, 758, 650, 114, 845, 613, 634, 393, 633, 97, 238, 116, 351, 499, 970, 1, 978, 906, 975, 320, 798, 0]], [[0, 226, 774, 961, 406, 554, 847, 479, 339, 670, 112, 149, 195, 67, 869, 969, 474, 980, 659, 964, 527, 674, 224, 899, 414, 832, 353, 624, 954, 930, 352, 109, 283, 807, 986, 0], [0, 43, 625, 128, 623, 777, 805, 971, 958, 105, 752, 619, 694, 950, 314, 699, 716, 196, 711, 77, 27, 903, 483, 120, 110, 456, 615, 549, 0]], [[0, 217, 921, 214, 273, 260, 412, 163, 199, 667, 372, 495, 179, 269, 912, 516, 66, 444, 649, 228, 804, 862, 79, 299, 324, 596, 183, 0], [0, 569, 747, 522, 47, 480, 999, 389, 573, 64, 834, 455, 591, 534, 959, 162, 471, 990, 364, 552, 963, 146, 50, 274, 29, 648, 16, 595, 669, 0]]]","[[[0, 272, 0], [0, 293, 186, 960, 0], [0, 816, 18, 565, 0], [0, 122, 946, 0], [0, 828, 28, 0], [0, 469, 487, 0], [0, 641, 0], [0, 192, 395, 0], [0, 332, 0], [0, 98, 771, 0], [0, 347, 32, 0], [0, 664, 0], [0, 812, 0], [0, 543, 0], [0, 431, 0], [0, 423, 0]], [[0, 102, 782, 0], [0, 575, 0], [0, 561, 604, 0], [0, 216, 707, 0], [0, 498, 0], [0, 236, 0], [0, 391, 0], [0, 875, 123, 0], [0, 361, 514, 234, 0], [0, 519, 537, 0], [0, 222, 0], [0, 955, 0], [0, 523, 0], [0, 550, 0], [0, 215, 0], [0, 825, 0]], [[0, 84, 502, 0], [0, 251, 837, 0], [0, 560, 0], [0, 763, 0], [0, 733, 0], [0, 566, 0], [0, 407, 0], [0, 319, 0], [0, 171, 683, 0], [0, 198, 0], [0, 713, 0], [0, 398, 252, 0], [0, 612, 0], [0, 524, 0]], [[0, 396, 446, 0], [0, 92, 0], [0, 76, 0], [0, 152, 0], [0, 581, 374, 0], [0, 706, 405, 0], [0, 793, 0], [0, 331, 337, 0], [0, 628, 640, 0], [0, 783, 0], [0, 445, 0], [0, 827, 0], [0, 118, 0], [0, 518, 0]], [[0, 896, 726, 0], [0, 535, 0], [0, 491, 0], [0, 231, 0], [0, 712, 0], [0, 866, 0], [0, 815, 0], [0, 557, 0], [0, 223, 0], [0, 602, 0], [0, 303, 0], [0, 2, 982, 0], [0, 500, 0], [0, 802, 0]], [], [[0, 872, 977, 0], [0, 148, 392, 0], [0, 181, 0]], [[0, 715, 0], [0, 115, 0]], [[0, 277, 218, 0], [0, 836, 0]], [[0, 486, 0], [0, 890, 744, 0]], [], [[0, 761, 0], [0, 257, 900, 0]], [], [[0, 585, 627, 0]], [[0, 788, 0]]]","[7984.555630943406, 8003.303048377916, 8003.815564981967, 7997.761522304312, 7987.024050669417, 7997.917725326416, 8000.639008341883, 8002.876127040835, 8004.459932565538, 8001.352908013248, 8005.319215083401, 8005.020627711799, 7999.850905375637, 8000.628727168778, 8000.905429145276]","[8001.93941709645, 7925.393942586373, 8003.330807050281, 7631.258167621532, 7365.667917898982, -0.0, 1855.5403993094706, 776.8240181057085, 1044.0321188210305, 1235.266037341551, -0.0, 1317.674813780693, -0.0, 529.6148647696594, 379.9898874405898]",1400,2.27
1000.30.3,1000,15,15,endurance,high,high,3600,15.6464,700,31.2928,133.5952218,"[[[0, 28, 132, 466, 454, 835, 803, 432, 197, 53, 96, 703, 189, 871, 968, 209, 817, 30, 993, 340, 721, 774, 226, 641, 0], [0, 279, 176, 562, 665, 160, 291, 981, 690, 142, 55, 306, 967, 547, 288, 182, 779, 145, 266, 73, 72, 760, 141, 750, 973, 735, 485, 131, 323, 136, 753, 203, 671, 175, 488, 0]], [[0, 80, 715, 793, 859, 728, 539, 863, 564, 656, 255, 441, 365, 558, 911, 853, 452, 601, 949, 137, 957, 660, 188, 167, 802, 550, 0], [0, 986, 807, 299, 862, 804, 228, 649, 48, 820, 249, 772, 904, 814, 852, 813, 589, 907, 269, 179, 495, 372, 667, 258, 791, 366, 194, 4, 691, 824, 738, 0]], [[0, 731, 367, 5, 685, 737, 108, 632, 719, 328, 586, 494, 541, 504, 510, 638, 531, 52, 350, 739, 587, 481, 996, 201, 884, 333, 437, 991, 212, 68, 506, 924, 166, 945, 150, 281, 464, 302, 231, 816, 0], [0, 139, 698, 263, 885, 927, 220, 278, 509, 59, 200, 870, 422, 468, 686, 819, 0]], [[0, 848, 240, 172, 910, 363, 757, 786, 630, 267, 572, 419, 796, 157, 643, 676, 939, 19, 860, 851, 646, 6, 833, 471, 162, 990, 364, 89, 830, 552, 963, 235, 275, 292, 230, 376, 101, 16, 325, 304, 345, 0], [0, 243, 407, 312, 344, 276, 382, 522, 595, 612, 829, 473, 770, 662, 309, 472, 459, 111, 103, 948, 140, 0]], [[0, 391, 511, 746, 723, 617, 113, 678, 156, 321, 748, 341, 576, 776, 221, 440, 458, 117, 542, 555, 536, 507, 33, 413, 854, 51, 100, 513, 280, 460, 125, 318, 914, 0], [0, 785, 135, 540, 553, 233, 600, 408, 943, 245, 268, 818, 23, 935, 806, 264, 675, 751, 897, 976, 385, 503, 61, 725, 812, 0]], [[0, 174, 922, 606, 931, 13, 752, 619, 314, 790, 843, 995, 362, 764, 400, 933, 22, 329, 58, 841, 873, 699, 716, 711, 196, 903, 483, 120, 950, 694, 958, 105, 971, 805, 777, 623, 128, 625, 43, 270, 392, 822, 0], [0, 17, 636, 45, 508, 177, 380, 126, 199, 418, 40, 489, 66, 912, 516, 932, 444, 484, 868, 163, 412, 260, 273, 214, 921, 217, 768, 0]], [[0, 653, 654, 428, 710, 709, 316, 732, 563, 756, 697, 938, 295, 821, 443, 467, 449, 402, 616, 436, 191, 0], [0, 411, 206, 497, 462, 626, 381, 874, 749, 718, 823, 544, 887, 635, 704, 246, 56, 86, 338, 645, 953, 415, 207, 567, 282, 759, 702, 842, 657, 940, 14, 568, 342, 0]], [[0, 44, 730, 517, 928, 354, 867, 370, 708, 357, 717, 947, 248, 693, 185, 26, 238, 97, 634, 393, 633, 116, 351, 499, 809, 546, 905, 490, 237, 888, 7, 327, 688, 0], [0, 164, 377, 512, 88, 533, 769, 631, 916, 271, 858, 379, 461, 388, 992, 296, 571, 838, 360, 180, 11, 603, 521, 811, 917, 687, 784, 0]], [[0, 289, 241, 63, 765, 311, 330, 355, 580, 232, 8, 239, 155, 262, 410, 787, 755, 532, 745, 46, 937, 482, 923, 797, 919, 451, 754, 529, 525, 934, 526, 775, 193, 666, 265, 607, 0], [0, 661, 997, 147, 368, 880, 724, 663, 253, 889, 259, 913, 225, 584, 31, 348, 839, 794, 592, 548, 161, 168, 849, 0]], [[0, 65, 574, 795, 133, 570, 434, 989, 227, 700, 399, 892, 597, 106, 677, 158, 742, 159, 41, 882, 800, 74, 477, 886, 25, 972, 62, 0], [0, 680, 93, 520, 789, 767, 213, 95, 457, 741, 926, 124, 692, 305, 286, 24, 493, 831, 420, 315, 672, 470, 902, 496, 826, 242, 153, 979, 857, 250, 965, 0]], [[0, 535, 38, 144, 184, 358, 439, 781, 57, 538, 856, 987, 579, 956, 740, 369, 583, 846, 599, 681, 229, 35, 300, 307, 0], [0, 622, 961, 406, 554, 847, 479, 339, 670, 112, 149, 195, 67, 869, 969, 474, 980, 659, 964, 527, 674, 224, 899, 414, 832, 353, 624, 954, 930, 352, 109, 283, 79, 505, 773, 998, 324, 596, 272, 0]], [[0, 701, 942, 609, 644, 465, 988, 883, 143, 170, 81, 287, 639, 397, 70, 475, 294, 10, 621, 463, 673, 994, 90, 679, 371, 387, 629, 651, 864, 205, 577, 952, 620, 0], [0, 91, 320, 975, 906, 978, 60, 1, 970, 845, 613, 114, 650, 758, 941, 492, 637, 384, 424, 404, 590, 3, 894, 12, 453, 893, 951, 430, 652, 75, 551, 611, 356, 559, 0]], [[0, 187, 881, 438, 301, 169, 618, 394, 82, 178, 556, 689, 476, 879, 416, 610, 448, 284, 417, 310, 705, 20, 530, 734, 865, 799, 442, 984, 918, 256, 876, 0], [0, 261, 545, 94, 778, 736, 386, 15, 211, 401, 962, 722, 515, 119, 936, 210, 383, 696, 908, 966, 792, 578, 83, 204, 34, 658, 202, 244, 121, 895, 9, 669, 0]], [[0, 615, 317, 151, 456, 110, 929, 336, 409, 647, 433, 915, 42, 27, 77, 891, 165, 39, 36, 501, 898, 901, 71, 850, 37, 425, 208, 605, 729, 99, 426, 313, 840, 668, 447, 326, 549, 403, 0], [0, 491, 298, 608, 743, 85, 909, 138, 104, 130, 588, 834, 455, 591, 64, 573, 534, 959, 146, 50, 274, 389, 29, 999, 648, 480, 47, 154, 766, 747, 569, 788, 0]], [[0, 925, 297, 714, 594, 682, 593, 985, 427, 190, 173, 983, 810, 801, 780, 107, 373, 247, 421, 598, 219, 378, 134, 69, 343, 359, 375, 808, 335, 122, 561, 0], [0, 234, 877, 720, 582, 285, 655, 1000, 435, 762, 855, 614, 695, 349, 78, 642, 254, 127, 54, 878, 974, 129, 528, 21, 290, 684, 390, 557, 0]]]","[[[0, 215, 0], [0, 396, 946, 0], [0, 293, 896, 977, 0], [0, 308, 115, 0], [0, 92, 0], [0, 798, 0], [0, 347, 487, 0], [0, 32, 524, 0], [0, 861, 0], [0, 825, 192, 0], [0, 523, 0], [0, 102, 322, 331, 0], [0, 84, 872, 0], [0, 890, 361, 0]], [[0, 585, 0], [0, 251, 0], [0, 827, 960, 0], [0, 76, 0], [0, 98, 216, 0], [0, 602, 0], [0, 181, 334, 0], [0, 982, 148, 0], [0, 763, 502, 0], [0, 726, 0], [0, 446, 604, 0], [0, 944, 49, 0], [0, 223, 0], [0, 222, 0]], [[0, 844, 0], [0, 423, 565, 0], [0, 627, 405, 87, 0], [0, 920, 0], [0, 319, 0], [0, 836, 0], [0, 514, 0], [0, 518, 706, 0], [0, 560, 0], [0, 683, 171, 0], [0, 761, 0], [0, 2, 445, 0], [0, 783, 0], [0, 733, 0], [0, 727, 0], [0, 198, 771, 0]], [[0, 337, 782, 0], [0, 332, 0], [0, 469, 123, 0], [0, 628, 875, 0], [0, 277, 0], [0, 640, 0], [0, 450, 398, 0], [0, 395, 0], [0, 566, 0], [0, 236, 0], [0, 713, 707, 0], [0, 828, 0], [0, 152, 0], [0, 478, 0], [0, 866, 0]], [[0, 537, 519, 0], [0, 712, 0], [0, 543, 0], [0, 303, 0], [0, 374, 183, 0], [0, 500, 0], [0, 581, 837, 0], [0, 955, 0], [0, 431, 0], [0, 664, 0], [0, 346, 0], [0, 252, 257, 900, 0], [0, 486, 0]], [[0, 429, 0], [0, 186, 218, 744, 0], [0, 575, 0], [0, 815, 0]], [[0, 118, 0]], [], [[0, 498, 0], [0, 18, 0]], [], [], [], [], [], []]","[8009.4109362838, 8005.874021265576, 8004.178766994132, 8013.275307964028, 7986.20364170658, 8011.9440589310625, 8010.767714599477, 8015.035302408202, 8011.681140206172, 8015.713305300265, 8005.517070006945, 8005.632334886381, 8014.258786875067, 8013.310203532883, 8006.356922035905]","[7562.7900451926025, 7142.911696760848, 7789.677988159268, 7569.940187998527, 7487.115362325346, 2122.9102952899902, 646.5276792490054, -0.0, 1291.8996691566483, -0.0, -0.0, -0.0, -0.0, -0.0, -0.0]",1400,2.27
1000.30.3,1000,15,15,endurance,high,high,3600,15.6464,700,31.2928,132.9635808,"[[[0, 307, 785, 358, 35, 439, 781, 57, 538, 229, 856, 681, 599, 846, 583, 264, 806, 935, 369, 740, 956, 579, 987, 233, 553, 540, 135, 193, 184, 0], [0, 641, 226, 622, 961, 406, 721, 340, 554, 109, 352, 930, 954, 624, 353, 832, 228, 804, 649, 414, 899, 339, 817, 96, 882, 800, 803, 74, 477, 886, 25, 972, 62, 661, 469, 0]], [[0, 997, 368, 880, 724, 88, 533, 769, 631, 259, 889, 253, 916, 570, 434, 989, 227, 700, 399, 892, 597, 106, 677, 158, 742, 159, 41, 133, 795, 574, 65, 512, 147, 377, 164, 0], [0, 113, 280, 513, 100, 51, 854, 457, 741, 926, 124, 692, 305, 286, 24, 493, 831, 420, 315, 496, 857, 250, 344, 0]], [[0, 413, 33, 507, 536, 555, 542, 117, 56, 86, 246, 544, 887, 635, 704, 72, 73, 306, 55, 142, 690, 760, 823, 718, 749, 874, 626, 323, 206, 411, 203, 671, 175, 488, 0], [0, 308, 342, 568, 940, 14, 657, 842, 702, 759, 282, 567, 221, 776, 576, 341, 748, 321, 156, 678, 617, 460, 723, 746, 965, 0]], [[0, 241, 63, 765, 311, 797, 330, 355, 232, 580, 532, 46, 745, 755, 787, 410, 262, 155, 239, 8, 818, 23, 268, 245, 943, 408, 289, 600, 934, 526, 775, 922, 174, 666, 215, 822, 0], [0, 272, 596, 217, 921, 998, 773, 260, 126, 366, 380, 177, 508, 45, 636, 640, 0]], [[0, 615, 456, 110, 120, 483, 903, 699, 873, 841, 716, 196, 711, 77, 27, 42, 891, 165, 39, 36, 501, 898, 901, 915, 433, 647, 409, 336, 929, 313, 840, 151, 317, 549, 535, 0], [0, 559, 581, 7, 888, 237, 490, 905, 546, 809, 424, 404, 384, 637, 492, 941, 758, 650, 114, 499, 351, 116, 947, 248, 717, 357, 708, 370, 867, 354, 928, 730, 44, 152, 91, 0]], [[0, 557, 191, 436, 616, 285, 402, 449, 467, 443, 821, 762, 855, 614, 695, 435, 54, 878, 1000, 655, 390, 0], [0, 214, 273, 412, 163, 199, 418, 40, 489, 66, 912, 516, 813, 852, 814, 249, 820, 48, 772, 904, 932, 444, 484, 868, 862, 283, 79, 505, 299, 807, 986, 324, 0]], [[0, 320, 975, 906, 978, 60, 1, 970, 845, 613, 634, 393, 633, 97, 238, 693, 185, 26, 907, 589, 269, 179, 495, 372, 667, 258, 791, 194, 4, 691, 517, 824, 738, 17, 0], [0, 216, 664, 653, 523, 877, 720, 654, 582, 428, 710, 709, 316, 732, 563, 756, 697, 938, 295, 360, 180, 11, 603, 521, 811, 839, 917, 687, 784, 234, 0]], [[0, 103, 459, 577, 205, 864, 328, 679, 673, 294, 10, 475, 70, 397, 639, 287, 81, 170, 883, 988, 465, 644, 609, 770, 942, 701, 0], [0, 466, 454, 835, 432, 197, 53, 703, 189, 871, 968, 112, 149, 195, 67, 869, 969, 474, 980, 659, 964, 527, 674, 224, 670, 209, 479, 847, 30, 993, 774, 132, 0]], [[0, 849, 168, 548, 794, 348, 31, 584, 225, 461, 388, 838, 571, 296, 992, 379, 858, 271, 913, 663, 592, 161, 0], [0, 270, 43, 625, 128, 623, 777, 805, 971, 958, 105, 752, 619, 694, 950, 314, 790, 843, 995, 362, 764, 400, 58, 329, 22, 933, 937, 482, 923, 919, 451, 754, 529, 525, 13, 931, 606, 575, 32, 265, 144, 38, 0]], [[0, 302, 464, 281, 150, 945, 166, 924, 506, 68, 212, 991, 884, 201, 739, 587, 481, 996, 675, 751, 333, 437, 897, 976, 385, 503, 61, 725, 300, 0], [0, 187, 881, 438, 301, 169, 618, 394, 82, 178, 556, 689, 476, 879, 417, 284, 448, 610, 416, 350, 52, 531, 638, 621, 463, 90, 994, 371, 387, 629, 651, 662, 309, 472, 111, 948, 140, 0]], [[0, 949, 911, 601, 452, 853, 572, 210, 419, 796, 157, 643, 676, 939, 19, 860, 851, 646, 6, 833, 471, 162, 990, 364, 275, 292, 230, 376, 595, 304, 345, 0], [0, 87, 620, 952, 367, 5, 685, 737, 108, 632, 719, 586, 494, 541, 504, 510, 530, 310, 705, 20, 734, 865, 799, 442, 984, 918, 731, 256, 876, 816, 0]], [[0, 569, 747, 522, 47, 480, 999, 648, 29, 389, 274, 50, 146, 959, 534, 573, 64, 591, 455, 834, 588, 130, 104, 138, 909, 85, 743, 608, 298, 788, 0], [0, 829, 167, 188, 660, 137, 957, 895, 121, 244, 202, 658, 34, 204, 83, 578, 383, 696, 908, 966, 792, 89, 830, 552, 963, 235, 9, 101, 16, 325, 154, 766, 0]], [[0, 422, 870, 200, 59, 143, 509, 278, 220, 927, 962, 722, 515, 119, 936, 267, 630, 786, 757, 363, 401, 885, 263, 698, 468, 686, 819, 277, 793, 0], [0, 669, 859, 728, 539, 863, 564, 656, 255, 441, 365, 558, 240, 172, 910, 848, 15, 211, 386, 736, 778, 94, 545, 261, 139, 473, 80, 0]], [[0, 322, 312, 276, 382, 979, 153, 242, 826, 902, 470, 672, 767, 95, 213, 789, 520, 93, 680, 125, 318, 914, 511, 0], [0, 974, 173, 127, 254, 642, 78, 349, 373, 247, 421, 182, 779, 145, 266, 967, 547, 288, 598, 219, 378, 107, 780, 801, 810, 983, 134, 69, 190, 129, 528, 21, 290, 684, 297, 925, 683, 0]], [[0, 688, 327, 356, 611, 551, 75, 652, 430, 951, 893, 894, 590, 3, 12, 453, 425, 208, 605, 37, 71, 850, 729, 99, 426, 668, 447, 326, 403, 0], [0, 714, 594, 682, 593, 985, 427, 359, 375, 343, 131, 485, 735, 665, 160, 291, 981, 973, 750, 141, 645, 338, 953, 458, 440, 207, 415, 381, 462, 497, 562, 176, 279, 136, 753, 808, 335, 122, 0]]]","[[[0, 392, 0], [0, 844, 0], [0, 872, 450, 0], [0, 231, 487, 0], [0, 566, 0], [0, 604, 890, 514, 0], [0, 222, 0], [0, 712, 0], [0, 303, 0], [0, 783, 0], [0, 713, 706, 0], [0, 148, 977, 0], [0, 223, 0], [0, 243, 0], [0, 837, 875, 0]], [[0, 744, 612, 0], [0, 761, 102, 0], [0, 337, 518, 0], [0, 346, 0], [0, 812, 405, 0], [0, 198, 0], [0, 334, 836, 0], [0, 900, 429, 0], [0, 763, 0], [0, 607, 0], [0, 76, 0], [0, 293, 446, 396, 0], [0, 825, 252, 0], [0, 815, 0]], [[0, 361, 500, 0], [0, 502, 585, 0], [0, 955, 28, 0], [0, 782, 331, 0], [0, 543, 0], [0, 218, 802, 0], [0, 727, 0], [0, 896, 486, 0], [0, 602, 0], [0, 478, 0], [0, 561, 0], [0, 715, 186, 0], [0, 707, 0], [0, 98, 0], [0, 192, 828, 0], [0, 982, 920, 0]], [[0, 374, 0], [0, 332, 0], [0, 771, 0], [0, 391, 0], [0, 431, 0], [0, 827, 0], [0, 2, 445, 0], [0, 733, 0], [0, 491, 0], [0, 946, 0], [0, 257, 115, 0], [0, 123, 944, 0], [0, 628, 0], [0, 798, 0], [0, 84, 183, 0], [0, 395, 0]], [[0, 319, 0], [0, 768, 0], [0, 49, 0], [0, 866, 0], [0, 407, 0], [0, 524, 0], [0, 423, 0], [0, 118, 0]], [], [[0, 560, 0]], [], [[0, 861, 181, 0]], [[0, 92, 960, 0]], [[0, 726, 498, 0], [0, 18, 0], [0, 550, 565, 0]], [[0, 537, 519, 0], [0, 347, 398, 0]], [[0, 171, 627, 0]], [], [[0, 236, 0], [0, 251, 0]]]","[7977.162070182467, 7969.174051438034, 7977.814850915422, 7957.583141676387, 7977.000782595605, 7968.856136955033, 7970.684476444407, 7977.193171179622, 7976.06576511024, 7968.236088383658, 7977.470226924131, 7977.1321763868145, 7976.431471373866, 7976.450908680279, 7976.436492542311]","[7664.590653288622, 7920.882765603808, 7542.385771126437, 7828.4333285746725, 3919.907944810844, -0.0, 584.3949687599306, -0.0, 619.3920252017971, 643.0349088307253, 1871.5058329681206, 1235.0627753071644, 669.9055626855817, -0.0, 898.1501498397122]",1400,2.27
1000.30.4,1000,15,15,endurance,high,high,3600,15.6464,700,31.2928,133.956435,"[[[0, 239, 799, 424, 906, 524, 663, 514, 203, 645, 399, 404, 860, 40, 132, 251, 478, 608, 333, 758, 12, 128, 918, 198, 469, 448, 598, 787, 945, 0], [0, 157, 712, 231, 666, 259, 338, 358, 818, 548, 433, 522, 207, 620, 705, 362, 756, 810, 75, 462, 503, 167, 843, 423, 520, 176, 975, 948, 0]], [[0, 700, 295, 65, 202, 110, 45, 443, 696, 748, 531, 101, 417, 422, 730, 870, 962, 949, 42, 186, 881, 741, 646, 0], [0, 450, 979, 649, 935, 41, 693, 413, 850, 950, 798, 956, 107, 800, 274, 492, 757, 93, 535, 461, 356, 530, 98, 69, 579, 560, 581, 263, 607, 711, 0]], [[0, 898, 981, 963, 388, 9, 410, 223, 747, 164, 783, 743, 458, 590, 769, 197, 880, 665, 100, 957, 751, 827, 120, 563, 400, 562, 745, 614, 108, 268, 628, 701, 955, 727, 864, 803, 81, 0], [0, 261, 704, 921, 273, 17, 495, 185, 426, 51, 278, 496, 965, 357, 830, 928, 708, 686, 884, 739, 717, 917, 22, 161, 852, 139, 742, 682, 647, 718, 386, 195, 5, 0]], [[0, 659, 374, 489, 746, 731, 519, 473, 243, 855, 946, 121, 240, 668, 867, 944, 270, 660, 877, 972, 752, 78, 241, 452, 3, 395, 331, 0], [0, 653, 326, 72, 723, 615, 126, 90, 577, 545, 768, 303, 854, 472, 576, 903, 698, 92, 941, 10, 253, 583, 913, 940, 755, 258, 722, 200, 247, 254, 154, 181, 2, 749, 149, 96, 232, 244, 0]], [[0, 56, 377, 144, 632, 488, 886, 797, 750, 1000, 419, 817, 398, 389, 947, 314, 728, 964, 294, 188, 733, 341, 165, 970, 142, 888, 770, 95, 908, 396, 937, 235, 559, 692, 403, 335, 804, 0], [0, 371, 542, 596, 54, 518, 699, 754, 578, 969, 637, 150, 421, 127, 159, 513, 103, 158, 315, 49, 983, 220, 697, 113, 990, 214, 785, 996, 564, 84, 0]], [[0, 932, 594, 845, 53, 275, 988, 446, 765, 507, 550, 689, 912, 826, 915, 767, 390, 217, 439, 879, 354, 973, 829, 484, 866, 680, 532, 516, 312, 409, 710, 586, 805, 0], [0, 707, 14, 681, 865, 349, 351, 438, 383, 11, 257, 136, 444, 209, 485, 613, 778, 528, 323, 307, 379, 173, 720, 782, 392, 839, 1, 833, 938, 328, 429, 753, 565, 736, 0]], [[0, 169, 601, 658, 234, 187, 819, 834, 30, 569, 719, 893, 196, 966, 636, 256, 29, 994, 953, 118, 434, 790, 133, 942, 861, 661, 811, 643, 960, 456, 685, 0], [0, 55, 94, 311, 475, 684, 210, 764, 655, 648, 291, 808, 544, 630, 168, 891, 897, 155, 453, 585, 138, 225, 951, 163, 690, 738, 657, 802, 387, 497, 494, 353, 616, 841, 23, 904, 16, 0]], [[0, 971, 715, 283, 61, 567, 373, 21, 189, 208, 539, 775, 345, 887, 420, 143, 526, 145, 384, 279, 538, 863, 832, 233, 673, 0], [0, 397, 853, 67, 302, 445, 654, 106, 629, 402, 355, 428, 924, 529, 537, 463, 634, 267, 211, 238, 99, 789, 262, 454, 212, 807, 871, 86, 664, 925, 427, 631, 59, 683, 0]], [[0, 793, 926, 449, 7, 691, 372, 464, 282, 342, 899, 760, 88, 52, 777, 553, 959, 440, 611, 82, 536, 842, 812, 322, 91, 313, 27, 0], [0, 319, 180, 724, 480, 146, 486, 506, 527, 381, 48, 610, 15, 772, 26, 226, 363, 285, 160, 441, 148, 662, 415, 910, 561, 875, 606, 66, 521, 650, 726, 364, 406, 806, 813, 732, 591, 471, 0]], [[0, 551, 923, 672, 511, 192, 32, 102, 574, 984, 587, 604, 931, 905, 885, 286, 206, 309, 213, 958, 221, 831, 0], [0, 820, 603, 999, 308, 425, 509, 624, 465, 227, 347, 554, 954, 776, 641, 642, 836, 432, 617, 571, 68, 857, 455, 679, 115, 902, 329, 695, 609, 172, 18, 555, 6, 0]], [[0, 60, 368, 43, 714, 901, 229, 230, 791, 986, 117, 669, 848, 795, 874, 4, 435, 502, 920, 104, 991, 408, 215, 952, 989, 305, 729, 525, 859, 191, 343, 0], [0, 316, 236, 487, 894, 786, 36, 71, 929, 13, 541, 792, 737, 46, 199, 570, 622, 111, 33, 625, 178, 204, 289, 325, 0]], [[0, 80, 298, 890, 788, 248, 366, 761, 76, 382, 171, 245, 652, 640, 900, 517, 543, 605, 993, 499, 638, 580, 114, 876, 512, 284, 184, 31, 451, 476, 572, 0], [0, 592, 437, 250, 125, 589, 794, 87, 266, 361, 112, 20, 64, 183, 182, 394, 340, 716, 260, 595, 271, 412, 70, 380, 780, 816, 327, 156, 703, 479, 293, 367, 0]], [[0, 582, 252, 762, 401, 784, 482, 481, 838, 504, 547, 330, 50, 936, 288, 540, 667, 623, 141, 264, 978, 25, 62, 490, 678, 151, 393, 416, 0], [0, 483, 873, 976, 365, 466, 676, 360, 109, 170, 304, 872, 706, 242, 407, 177, 709, 779, 909, 296, 174, 508, 175, 670, 89, 477, 83, 74, 889, 688, 639, 369, 781, 895, 934, 702, 73, 255, 222, 0]], [[0, 137, 162, 998, 436, 549, 635, 600, 194, 943, 822, 205, 815, 677, 858, 339, 735, 801, 552, 612, 618, 671, 292, 468, 281, 599, 557, 558, 297, 675, 405, 656, 823, 505, 58, 0], [0, 995, 44, 694, 317, 982, 602, 992, 321, 626, 290, 546, 759, 79, 352, 318, 510, 470, 19, 814, 346, 515, 919, 740, 411, 129, 430, 644, 166, 0]], [[0, 987, 123, 153, 332, 892, 116, 773, 651, 447, 37, 523, 135, 961, 933, 85, 619, 977, 974, 228, 8, 851, 350, 556, 869, 498, 744, 796, 130, 980, 883, 824, 190, 882, 152, 849, 0], [0, 501, 968, 868, 621, 721, 147, 344, 193, 627, 734, 218, 246, 179, 249, 300, 862, 575, 911, 566, 320, 500, 914, 276, 269, 459, 63, 588, 418, 922, 844, 674, 0]]]","[[[0, 493, 224, 763, 0], [0, 277, 533, 967, 370, 0], [0, 216, 985, 376, 0], [0, 766, 0], [0, 856, 0], [0, 38, 348, 0], [0, 840, 0], [0, 299, 301, 0], [0, 280, 24, 0], [0, 821, 930, 907, 0], [0, 265, 35, 0], [0, 825, 359, 0], [0, 310, 467, 0], [0, 378, 0]], [[0, 725, 0], [0, 272, 337, 0], [0, 997, 0], [0, 39, 0], [0, 774, 0], [0, 534, 828, 0], [0, 460, 835, 0], [0, 414, 0], [0, 431, 0], [0, 927, 385, 0], [0, 124, 28, 0], [0, 568, 57, 0], [0, 633, 0]], [[0, 687, 0], [0, 237, 0], [0, 219, 0], [0, 597, 131, 0], [0, 306, 0], [0, 837, 0], [0, 47, 0], [0, 105, 0], [0, 140, 0], [0, 593, 0], [0, 846, 0], [0, 771, 457, 0]], [[0, 201, 334, 0], [0, 34, 916, 0], [0, 896, 0], [0, 713, 0], [0, 809, 0], [0, 122, 287, 0], [0, 584, 0], [0, 119, 0], [0, 939, 0], [0, 375, 0], [0, 474, 0]], [[0, 391, 77, 0], [0, 336, 0], [0, 442, 0]], [[0, 491, 0], [0, 847, 0]], [], [], [[0, 878, 0]], [[0, 573, 0]], [], [[0, 324, 0], [0, 97, 0]], [], [[0, 134, 0]], []]","[8037.323341913435, 8031.763916848355, 8033.526487400182, 8035.41515133471, 8027.131046632827, 8029.716194334389, 8037.386099751535, 8035.22180083337, 8024.3624365380465, 8021.659871986925, 8035.257049335711, 8036.632003254508, 8030.267327550647, 8010.195360155828, 8034.0049265379175]","[8033.70728371913, 7012.31149831541, 6630.709865580887, 5907.986889682352, 1863.2455495033535, 881.3643994632342, -0.0, -0.0, 692.8543439054874, 386.225484252155, -0.0, 1342.0942364829775, -0.0, 660.5735616123998, -0.0]",1400,2.27
1000.30.4,1000,15,15,endurance,high,high,3600,15.6464,700,31.2928,133.2447407,"[[[0, 456, 840, 643, 811, 661, 861, 942, 133, 790, 859, 434, 118, 953, 819, 994, 29, 256, 43, 368, 60, 405, 656, 960, 823, 58, 0], [0, 506, 527, 381, 48, 251, 478, 610, 15, 772, 26, 226, 363, 441, 160, 415, 662, 148, 709, 779, 177, 407, 909, 296, 174, 508, 175, 345, 887, 420, 143, 384, 279, 538, 863, 233, 222, 0]], [[0, 437, 646, 916, 700, 295, 65, 202, 45, 110, 464, 372, 282, 342, 899, 489, 760, 553, 777, 101, 417, 422, 730, 243, 855, 946, 121, 240, 731, 473, 519, 746, 959, 611, 440, 536, 842, 374, 659, 691, 7, 449, 926, 793, 385, 27, 0], [0, 596, 54, 518, 969, 150, 421, 127, 159, 513, 839, 720, 173, 379, 307, 323, 528, 778, 218, 179, 249, 246, 734, 444, 209, 485, 613, 136, 257, 11, 383, 438, 351, 578, 754, 699, 14, 501, 542, 0]], [[0, 601, 658, 234, 232, 96, 149, 749, 989, 952, 2, 215, 408, 991, 755, 940, 258, 722, 200, 247, 913, 181, 154, 254, 903, 576, 472, 854, 303, 768, 545, 577, 90, 126, 615, 723, 72, 326, 653, 169, 0], [0, 81, 803, 864, 932, 594, 845, 53, 275, 988, 446, 765, 507, 550, 689, 767, 915, 912, 826, 268, 108, 628, 701, 955, 747, 783, 164, 9, 0]], [[0, 707, 681, 865, 349, 968, 868, 621, 147, 721, 344, 193, 627, 911, 300, 862, 575, 566, 579, 500, 914, 276, 269, 459, 63, 418, 922, 416, 0], [0, 805, 586, 710, 409, 312, 516, 532, 390, 217, 679, 455, 857, 571, 68, 617, 432, 836, 642, 808, 225, 291, 648, 655, 764, 497, 494, 353, 616, 841, 23, 221, 831, 335, 0]], [[0, 56, 377, 387, 802, 657, 690, 488, 888, 142, 970, 165, 341, 389, 947, 314, 728, 964, 733, 188, 294, 604, 587, 931, 905, 770, 95, 908, 235, 213, 559, 692, 403, 0], [0, 166, 411, 397, 67, 302, 445, 654, 106, 355, 629, 402, 924, 529, 537, 634, 463, 428, 267, 470, 19, 740, 430, 129, 474, 0]], [[0, 252, 762, 401, 482, 327, 816, 780, 380, 70, 773, 651, 135, 961, 933, 51, 852, 161, 22, 139, 742, 298, 80, 718, 386, 195, 330, 547, 476, 151, 0], [0, 393, 588, 450, 979, 264, 141, 623, 649, 935, 41, 492, 274, 800, 107, 461, 535, 757, 93, 356, 530, 98, 69, 320, 560, 581, 263, 607, 711, 674, 0]], [[0, 123, 153, 332, 882, 271, 595, 260, 716, 340, 394, 182, 183, 883, 980, 130, 796, 744, 498, 869, 556, 350, 851, 8, 228, 974, 977, 85, 619, 523, 37, 447, 412, 116, 892, 703, 479, 156, 784, 293, 0], [0, 766, 91, 812, 322, 452, 241, 78, 82, 752, 972, 877, 660, 270, 944, 867, 668, 404, 399, 860, 40, 132, 203, 645, 514, 663, 524, 906, 424, 3, 395, 331, 313, 725, 0]], [[0, 963, 727, 614, 745, 562, 400, 563, 120, 827, 751, 100, 665, 957, 880, 197, 769, 590, 458, 743, 223, 410, 0], [0, 624, 465, 210, 554, 954, 776, 641, 544, 630, 168, 891, 897, 155, 453, 398, 817, 419, 585, 138, 1000, 750, 797, 886, 951, 163, 738, 632, 144, 958, 804, 0]], [[0, 44, 919, 515, 346, 814, 546, 759, 510, 79, 318, 352, 86, 664, 925, 290, 626, 321, 992, 602, 982, 317, 694, 59, 442, 0], [0, 918, 128, 333, 608, 285, 910, 561, 875, 242, 706, 872, 606, 758, 12, 521, 360, 109, 66, 170, 304, 670, 89, 477, 83, 74, 145, 503, 167, 843, 971, 0]], [[0, 904, 603, 999, 308, 425, 509, 55, 94, 227, 347, 475, 311, 684, 695, 609, 172, 973, 902, 115, 329, 439, 879, 354, 680, 866, 484, 829, 18, 555, 6, 907, 0], [0, 451, 31, 936, 50, 184, 284, 512, 876, 114, 580, 248, 76, 543, 605, 993, 638, 499, 798, 956, 950, 850, 413, 693, 667, 540, 288, 978, 25, 62, 490, 678, 809, 0]], [[0, 564, 996, 753, 429, 315, 158, 549, 943, 735, 339, 858, 677, 815, 822, 205, 782, 392, 1, 103, 833, 938, 328, 637, 565, 736, 0], [0, 785, 214, 990, 675, 297, 558, 557, 714, 901, 636, 229, 230, 791, 986, 117, 292, 468, 281, 599, 162, 49, 220, 84, 371, 0]], [[0, 945, 73, 702, 934, 895, 781, 369, 873, 688, 889, 639, 526, 567, 810, 61, 283, 715, 673, 0], [0, 890, 788, 366, 761, 917, 717, 739, 640, 652, 245, 382, 171, 517, 900, 884, 686, 708, 928, 830, 357, 965, 496, 278, 426, 185, 495, 682, 17, 647, 273, 921, 704, 481, 838, 504, 261, 5, 0]], [[0, 316, 236, 853, 487, 894, 786, 36, 71, 570, 199, 929, 13, 541, 792, 737, 583, 253, 10, 46, 941, 92, 698, 622, 111, 33, 625, 178, 204, 289, 325, 995, 0], [0, 997, 309, 937, 206, 396, 286, 885, 32, 102, 574, 984, 212, 807, 262, 454, 789, 99, 211, 238, 871, 192, 511, 672, 427, 923, 631, 683, 0]], [[0, 687, 849, 987, 152, 741, 881, 361, 112, 20, 64, 190, 824, 962, 949, 870, 531, 52, 88, 748, 696, 443, 42, 186, 266, 87, 794, 589, 125, 0], [0, 846, 388, 712, 231, 666, 259, 338, 358, 818, 548, 620, 433, 522, 207, 208, 539, 775, 189, 705, 362, 21, 373, 756, 75, 462, 423, 520, 176, 975, 431, 948, 0]], [[0, 239, 799, 787, 598, 448, 319, 469, 180, 724, 480, 146, 486, 198, 726, 650, 466, 676, 365, 976, 483, 364, 406, 806, 813, 732, 591, 471, 0], [0, 697, 113, 983, 137, 998, 436, 635, 600, 194, 671, 618, 612, 801, 552, 669, 848, 795, 874, 4, 435, 502, 104, 920, 966, 196, 893, 719, 569, 30, 834, 305, 187, 729, 525, 191, 343, 0]]]","[[[0, 573, 0], [0, 457, 685, 0], [0, 414, 967, 370, 0], [0, 287, 844, 0], [0, 835, 0], [0, 856, 0], [0, 467, 77, 0], [0, 57, 0], [0, 572, 985, 0], [0, 774, 0], [0, 376, 0], [0, 224, 898, 0], [0, 157, 534, 0], [0, 592, 0], [0, 837, 0], [0, 820, 0]], [[0, 306, 391, 0], [0, 216, 131, 0], [0, 825, 0], [0, 34, 272, 0], [0, 336, 0], [0, 832, 0], [0, 939, 280, 0], [0, 878, 0], [0, 28, 0], [0, 201, 493, 0], [0, 299, 930, 0], [0, 771, 551, 0], [0, 568, 0], [0, 301, 0]], [[0, 763, 828, 237, 0], [0, 821, 277, 0], [0, 491, 0], [0, 39, 0], [0, 582, 0], [0, 47, 0], [0, 122, 0], [0, 896, 0], [0, 633, 0], [0, 533, 505, 0], [0, 375, 0], [0, 378, 0], [0, 35, 0], [0, 348, 0], [0, 597, 0]], [[0, 367, 219, 337, 0], [0, 124, 0], [0, 644, 334, 0], [0, 244, 0], [0, 847, 0], [0, 584, 0], [0, 105, 0], [0, 460, 359, 0], [0, 38, 0], [0, 24, 310, 0], [0, 134, 0], [0, 140, 0], [0, 16, 0], [0, 981, 0]], [[0, 324, 0], [0, 97, 0], [0, 265, 0], [0, 255, 0], [0, 250, 0], [0, 593, 0]], [[0, 927, 0], [0, 119, 0]], [], [], [], [[0, 713, 0]], [], [], [], [], []]","[7994.137622240792, 7989.627224014112, 7992.479386267862, 7994.115702635563, 7993.706633762491, 7992.127738908141, 7994.398901326951, 7993.2410365232, 7989.042860673021, 7984.722333369145, 7989.859969306548, 7984.535830152596, 7994.684441161377, 7979.672791731582, 7984.464498321302]","[7818.630355992546, 7729.073529015312, 7896.4462638559, 6965.655681692822, 3751.4377921766763, 1128.7044775027734, -0.0, -0.0, -0.0, 537.0515535020868, -0.0, -0.0, -0.0, -0.0, -0.0]",1400,2.27
1000.30.4,1000,15,15,endurance,high,high,3600,15.6464,700,31.2928,132.7341042,"[[[0, 841, 616, 494, 225, 750, 138, 585, 817, 398, 453, 155, 897, 891, 168, 630, 544, 808, 291, 648, 655, 764, 353, 904, 0], [0, 771, 129, 430, 740, 397, 853, 67, 302, 445, 654, 106, 629, 402, 924, 529, 537, 634, 463, 428, 355, 19, 814, 321, 992, 602, 317, 694, 59, 0]], [[0, 971, 863, 73, 702, 934, 384, 74, 83, 477, 89, 670, 175, 508, 296, 174, 304, 170, 109, 360, 676, 466, 976, 873, 483, 364, 406, 806, 813, 732, 471, 0], [0, 169, 601, 658, 234, 90, 577, 545, 768, 303, 854, 472, 576, 903, 698, 92, 941, 10, 253, 583, 254, 154, 181, 2, 215, 952, 989, 749, 149, 187, 96, 232, 191, 343, 456, 685, 0]], [[0, 799, 787, 598, 319, 469, 180, 724, 480, 146, 486, 198, 918, 128, 333, 608, 285, 160, 441, 363, 226, 26, 772, 15, 610, 478, 251, 48, 381, 527, 506, 663, 524, 906, 424, 3, 395, 239, 28, 725, 0], [0, 371, 596, 54, 699, 754, 969, 578, 11, 136, 444, 209, 485, 613, 528, 778, 218, 249, 179, 246, 734, 257, 383, 438, 351, 349, 865, 681, 14, 359, 0]], [[0, 401, 293, 784, 482, 481, 704, 921, 273, 647, 17, 682, 495, 185, 852, 161, 22, 761, 139, 742, 298, 80, 718, 386, 195, 838, 504, 261, 5, 39, 0], [0, 678, 62, 25, 978, 288, 540, 876, 114, 580, 499, 638, 993, 543, 605, 798, 956, 950, 850, 413, 693, 667, 623, 141, 264, 979, 450, 490, 393, 0]], [[0, 431, 231, 975, 176, 520, 423, 843, 167, 503, 462, 75, 756, 810, 567, 373, 21, 362, 705, 189, 208, 539, 775, 345, 887, 420, 143, 526, 145, 61, 283, 715, 538, 279, 233, 673, 0], [0, 948, 493, 712, 666, 259, 338, 358, 818, 548, 620, 207, 522, 433, 880, 197, 957, 100, 665, 751, 827, 120, 563, 400, 562, 745, 769, 590, 458, 743, 223, 410, 388, 301, 907, 0]], [[0, 56, 377, 144, 632, 95, 770, 888, 142, 970, 165, 341, 733, 188, 294, 964, 728, 314, 947, 389, 419, 1000, 797, 886, 951, 488, 690, 163, 657, 738, 802, 387, 497, 23, 221, 831, 0], [0, 335, 403, 692, 559, 213, 937, 309, 672, 511, 925, 664, 192, 871, 86, 352, 318, 79, 510, 759, 546, 290, 626, 427, 982, 923, 631, 683, 551, 0]], [[0, 123, 153, 332, 479, 703, 892, 70, 773, 651, 447, 37, 523, 135, 961, 933, 85, 619, 977, 974, 228, 8, 851, 350, 556, 869, 498, 744, 394, 182, 183, 340, 716, 595, 882, 152, 987, 849, 437, 582, 0], [0, 416, 588, 459, 269, 649, 935, 41, 492, 274, 800, 107, 461, 535, 757, 93, 98, 69, 320, 500, 914, 276, 63, 418, 922, 674, 0]], [[0, 133, 790, 859, 525, 729, 434, 118, 305, 834, 196, 966, 408, 258, 722, 200, 247, 913, 940, 755, 991, 104, 502, 920, 636, 256, 893, 719, 569, 30, 994, 819, 953, 60, 942, 861, 661, 811, 643, 960, 0], [0, 501, 707, 968, 868, 621, 721, 147, 344, 193, 627, 911, 300, 862, 575, 356, 530, 566, 579, 560, 581, 263, 607, 711, 0]], [[0, 659, 374, 536, 440, 611, 959, 553, 777, 730, 422, 417, 101, 531, 52, 88, 760, 489, 899, 342, 282, 372, 691, 7, 449, 926, 793, 467, 0], [0, 368, 29, 43, 714, 901, 229, 230, 791, 986, 117, 435, 4, 874, 795, 848, 669, 552, 801, 612, 292, 468, 281, 599, 557, 558, 297, 675, 990, 405, 656, 0]], [[0, 426, 51, 278, 496, 965, 357, 830, 928, 708, 686, 884, 900, 517, 171, 382, 245, 652, 640, 739, 717, 917, 76, 366, 248, 788, 890, 512, 284, 184, 50, 936, 31, 451, 330, 547, 476, 151, 856, 0], [0, 847, 252, 762, 156, 327, 816, 780, 380, 116, 412, 271, 260, 112, 741, 881, 361, 266, 794, 45, 110, 202, 65, 295, 700, 592, 0]], [[0, 958, 235, 206, 396, 908, 286, 885, 32, 102, 905, 931, 604, 587, 984, 574, 212, 807, 262, 454, 789, 99, 238, 211, 267, 470, 346, 515, 919, 44, 0], [0, 84, 565, 637, 429, 328, 938, 833, 103, 1, 392, 782, 205, 822, 943, 194, 600, 635, 436, 998, 549, 137, 49, 158, 315, 220, 697, 753, 996, 564, 823, 58, 0]], [[0, 331, 322, 452, 241, 78, 660, 514, 645, 203, 132, 40, 860, 399, 404, 668, 240, 121, 946, 855, 243, 473, 519, 731, 746, 867, 944, 270, 877, 972, 752, 82, 842, 812, 91, 313, 0], [0, 125, 589, 87, 186, 20, 64, 190, 824, 883, 980, 130, 796, 962, 870, 949, 42, 443, 696, 748, 464, 0]], [[0, 995, 325, 653, 326, 72, 723, 126, 615, 178, 625, 33, 111, 622, 570, 199, 46, 737, 792, 541, 13, 929, 71, 36, 786, 894, 204, 289, 487, 236, 411, 166, 0], [0, 555, 509, 55, 94, 311, 475, 684, 695, 609, 172, 973, 354, 879, 329, 902, 115, 679, 455, 857, 68, 571, 617, 432, 836, 642, 641, 776, 954, 554, 210, 347, 227, 465, 624, 425, 308, 999, 603, 0]], [[0, 9, 747, 783, 164, 628, 614, 108, 268, 826, 915, 912, 446, 988, 701, 955, 727, 864, 803, 963, 981, 0], [0, 448, 726, 650, 12, 758, 561, 910, 415, 662, 148, 709, 177, 779, 909, 407, 242, 706, 872, 875, 606, 66, 521, 365, 688, 889, 639, 369, 781, 895, 591, 945, 930, 0]], [[0, 81, 932, 53, 845, 594, 710, 275, 312, 516, 765, 507, 550, 689, 767, 390, 217, 439, 532, 680, 866, 484, 829, 409, 18, 805, 586, 584, 0], [0, 785, 214, 113, 983, 162, 671, 618, 735, 339, 858, 677, 815, 307, 323, 379, 173, 720, 839, 513, 159, 127, 421, 150, 518, 736, 542, 370, 0]]]","[[[0, 272, 299, 828, 0], [0, 766, 0], [0, 633, 0], [0, 277, 644, 0], [0, 763, 47, 0], [0, 16, 568, 0], [0, 376, 597, 0], [0, 837, 0], [0, 442, 0], [0, 265, 224, 898, 0], [0, 820, 0], [0, 216, 337, 0], [0, 414, 334, 0], [0, 336, 0]], [[0, 310, 0], [0, 348, 0], [0, 287, 835, 0], [0, 237, 0], [0, 967, 57, 0], [0, 134, 0], [0, 316, 0], [0, 324, 0], [0, 391, 306, 0], [0, 250, 0], [0, 474, 0], [0, 939, 821, 385, 0], [0, 997, 0], [0, 27, 0]], [[0, 774, 0], [0, 572, 0], [0, 533, 505, 0], [0, 916, 367, 0], [0, 222, 0], [0, 255, 0], [0, 119, 0], [0, 244, 0], [0, 491, 0], [0, 457, 804, 0], [0, 35, 0], [0, 24, 0], [0, 140, 0], [0, 460, 0]], [[0, 593, 0], [0, 105, 0], [0, 6, 0], [0, 809, 985, 844, 0], [0, 878, 0], [0, 573, 131, 0], [0, 201, 0], [0, 534, 157, 0], [0, 97, 0], [0, 122, 0], [0, 846, 0], [0, 840, 0]], [[0, 219, 0], [0, 687, 0], [0, 832, 124, 0]], [], [[0, 896, 0]], [[0, 280, 927, 0]], [], [[0, 375, 0], [0, 646, 0]], [[0, 713, 0]], [[0, 378, 0]], [[0, 38, 0]], [[0, 77, 0]], [[0, 34, 0], [0, 825, 0]]]","[7963.952845031632, 7963.653578645166, 7962.1494832217895, 7949.915278916622, 7952.026205648186, 7957.176189351909, 7963.219706723264, 7964.046250435393, 7960.245721435793, 7961.546297101582, 7962.745003974447, 7956.057434498867, 7963.135769222934, 7959.002055875622, 7957.025901839275]","[7950.511258545727, 7919.5799082442745, 7644.622633032612, 7473.394382246545, 1624.8505572643103, -0.0, 588.5186674262417, 689.9647260513742, -0.0, 963.5007437037258, 537.0515535020868, 595.3400349429941, 524.8685277730897, 611.7337795488568, 1054.575909467364]",1400,2.27
1000.40.1,1000,15,15,endurance,high,high,3600,15.6464,700,31.2928,238.4116344,"[[[0, 989, 804, 587, 774, 525, 113, 425, 132, 413, 263, 862, 154, 955, 248, 485, 149, 968, 923, 19, 668, 455, 0], [0, 98, 796, 692, 465, 691, 669, 2, 992, 545, 406, 45, 716, 88, 244, 873, 930, 103, 310, 749, 77, 497, 846, 0], [0, 492, 940, 25, 356, 789, 510, 883, 821, 596, 197, 548, 457, 189, 32, 81, 0]], [[0, 328, 343, 277, 503, 694, 717, 958, 299, 107, 240, 963, 763, 579, 323, 915, 114, 516, 822, 679, 287, 112, 809, 338, 544, 524, 0], [0, 531, 275, 156, 811, 928, 499, 136, 776, 385, 187, 697, 614, 719, 232, 793, 411, 464, 378, 336, 57, 303, 0], [0, 42, 861, 92, 415, 663, 269, 209, 677, 938, 135, 178, 458, 806, 518, 848, 0]], [[0, 111, 506, 920, 765, 986, 640, 20, 247, 330, 646, 479, 91, 373, 936, 911, 130, 399, 420, 60, 675, 839, 953, 868, 83, 445, 718, 133, 556, 0], [0, 647, 24, 462, 599, 853, 245, 759, 792, 227, 368, 392, 720, 732, 553, 33, 520, 213, 937, 982, 17, 86, 611, 0], [0, 807, 283, 500, 179, 337, 36, 723, 137, 268, 514, 786, 969, 361, 887, 592, 120, 849, 453, 58, 0]], [[0, 176, 891, 743, 865, 435, 631, 142, 856, 682, 278, 610, 574, 486, 169, 238, 279, 918, 10, 753, 9, 490, 0], [0, 251, 578, 95, 312, 529, 188, 650, 508, 833, 885, 12, 93, 116, 165, 900, 690, 191, 702, 799, 255, 469, 0], [0, 203, 987, 941, 783, 627, 152, 700, 870, 511, 619, 509, 643, 655, 177, 886, 35, 90, 68, 0]], [[0, 401, 308, 253, 791, 235, 123, 762, 942, 359, 758, 939, 583, 395, 400, 184, 364, 175, 502, 478, 591, 734, 893, 978, 387, 412, 30, 0], [0, 623, 585, 390, 205, 738, 217, 836, 16, 329, 489, 117, 173, 266, 616, 64, 781, 346, 922, 450, 751, 56, 466, 748, 637, 0], [0, 831, 894, 910, 740, 127, 199, 588, 882, 866, 606, 757, 335, 973, 736, 838, 642, 218, 742, 0]], [[0, 333, 1000, 515, 782, 237, 239, 505, 892, 391, 658, 869, 69, 706, 948, 823, 118, 63, 134, 468, 980, 139, 600, 211, 404, 959, 371, 0], [0, 521, 688, 39, 193, 713, 104, 295, 820, 11, 863, 108, 4, 535, 446, 533, 280, 970, 14, 416, 41, 349, 543, 0], [0, 421, 834, 451, 101, 605, 226, 800, 454, 448, 860, 358, 648, 182, 409, 160, 367, 298, 242, 947, 888, 403, 855, 0]], [[0, 357, 976, 534, 513, 80, 681, 172, 652, 784, 153, 143, 684, 577, 597, 168, 551, 71, 96, 0], [0, 6, 967, 841, 877, 764, 580, 913, 444, 363, 630, 582, 661, 128, 746, 878, 443, 721, 427, 317, 170, 624, 151, 651, 0], [0, 249, 795, 819, 633, 929, 613, 437, 487, 491, 220, 18, 393, 417, 43, 919, 105, 634, 352, 241, 131, 407, 141, 0]], [[0, 273, 13, 573, 258, 460, 950, 975, 449, 89, 276, 315, 775, 190, 85, 38, 44, 560, 126, 300, 0], [0, 79, 898, 558, 550, 812, 686, 519, 581, 224, 991, 192, 106, 181, 547, 381, 752, 956, 272, 164, 622, 158, 97, 816, 897, 0], [0, 999, 914, 484, 772, 828, 572, 546, 195, 884, 180, 146, 285, 728, 432, 147, 332, 324, 528, 756, 653, 374, 234, 750, 0]], [[0, 667, 601, 777, 271, 689, 983, 889, 174, 985, 155, 837, 858, 710, 37, 75, 729, 808, 456, 678, 377, 0], [0, 388, 971, 770, 778, 683, 901, 498, 216, 896, 768, 206, 202, 186, 575, 552, 961, 72, 981, 309, 916, 761, 590, 0], [0, 163, 960, 459, 844, 830, 256, 815, 555, 252, 895, 46, 219, 671, 305, 264, 826, 570, 84, 724, 414, 254, 0]], [[0, 314, 801, 424, 31, 733, 383, 204, 311, 567, 327, 0], [0, 375, 360, 297, 488, 604, 745, 430, 284, 542, 82, 78, 159, 840, 755, 565, 26, 48, 946, 549, 201, 0], [0, 974, 494, 441, 539, 905, 584, 832, 847, 3, 954, 964, 225, 908, 261, 366, 672, 727, 662, 559, 670, 787, 0]], [[0, 859, 210, 685, 715, 5, 824, 537, 554, 803, 23, 115, 852, 829, 402, 527, 576, 562, 995, 157, 0], [0, 628, 676, 223, 339, 270, 21, 476, 452, 370, 594, 609, 67, 389, 656, 773, 208, 771, 687, 641, 313, 636, 766, 167, 0], [0, 899, 917, 501, 881, 712, 470, 439, 817, 769, 701, 351, 326, 62, 698, 250, 386, 289, 40, 341, 302, 957, 286, 788, 665, 0]], [[0, 429, 196, 27, 102, 262, 49, 984, 52, 557, 66, 281, 566, 674, 857, 423, 845, 331, 540, 993, 0], [0, 292, 693, 739, 53, 921, 695, 785, 483, 347, 825, 612, 376, 725, 818, 737, 228, 876, 365, 780, 0], [0, 1, 813, 632, 215, 680, 660, 125, 802, 657, 835, 536, 754, 890, 319, 322, 744, 161, 843, 711, 162, 965, 707, 951, 875, 0]], [[0, 625, 526, 620, 318, 977, 461, 410, 979, 306, 233, 8, 265, 325, 396, 629, 722, 369, 348, 797, 626, 933, 0], [0, 198, 405, 200, 709, 595, 747, 150, 214, 121, 100, 293, 471, 705, 418, 842, 874, 440, 522, 934, 398, 504, 0], [0, 408, 340, 291, 851, 512, 59, 924, 267, 867, 282, 864, 699, 145, 442, 320, 927, 645, 482, 129, 493, 222, 362, 704, 997, 988, 109, 0]], [[0, 932, 294, 422, 434, 65, 257, 183, 593, 538, 589, 906, 166, 996, 436, 229, 148, 654, 316, 972, 447, 568, 477, 0], [0, 397, 428, 372, 994, 495, 419, 379, 243, 962, 236, 598, 438, 171, 260, 394, 144, 617, 480, 0], [0, 779, 854, 530, 703, 138, 541, 185, 760, 586, 94, 664, 350, 998, 731, 621, 221, 666, 431, 903, 481, 0]], [[0, 608, 638, 54, 29, 935, 735, 871, 28, 902, 307, 231, 926, 563, 639, 99, 730, 355, 990, 879, 304, 380, 0], [0, 952, 246, 353, 47, 110, 230, 122, 931, 70, 659, 74, 790, 76, 433, 814, 708, 507, 907, 288, 872, 382, 342, 880, 345, 571, 7, 354, 496, 0], [0, 51, 61, 794, 384, 290, 532, 649, 467, 714, 945, 55, 472, 473, 15, 615, 943, 904, 805, 87, 0]]]","[[[0, 618, 0], [0, 607, 0], [0, 523, 474, 0], [0, 124, 912, 0], [0, 767, 909, 0], [0, 561, 635, 0], [0, 207, 301, 0], [0, 673, 517, 0], [0, 726, 810, 0], [0, 949, 0], [0, 696, 602, 0], [0, 321, 0], [0, 827, 34, 0], [0, 140, 0], [0, 850, 0], [0, 944, 212, 0], [0, 73, 0], [0, 334, 0], [0, 925, 0], [0, 50, 0], [0, 194, 798, 0], [0, 344, 0], [0, 741, 274, 0], [0, 569, 22, 0], [0, 603, 0]], [[0, 296, 0], [0, 463, 644, 0], [0, 119, 0], [0, 475, 0]], [[0, 259, 0]], [], [], [], [], [], [], [], [[0, 564, 966, 0]], [], [], [[0, 426, 0]], []]","[14296.696863283485, 14304.4027881443, 14302.85999384189, 14294.500744992965, 14293.001895600672, 14301.075656296252, 14301.302801622576, 14298.248648782257, 14304.69806176868, 14304.198398834527, 14303.492800813663, 14304.18430682176, 14302.421834542645, 14298.158317859565, 14299.55885401026]","[13145.247262994362, 2474.3857911332107, 623.6024105805002, -0.0, -0.0, -0.0, -0.0, -0.0, -0.0, -0.0, 673.104501314484, -0.0, -0.0, 673.7503969456241, -0.0]",1400,2.27
1000.40.1,1000,15,15,endurance,high,high,3600,15.6464,700,31.2928,236.3020154,"[[[0, 966, 57, 665, 336, 378, 464, 411, 793, 319, 890, 754, 536, 215, 632, 813, 1, 663, 415, 92, 861, 925, 0], [0, 647, 17, 24, 462, 490, 599, 853, 245, 792, 368, 392, 972, 316, 262, 447, 520, 213, 937, 568, 477, 0], [0, 691, 669, 268, 137, 723, 36, 514, 283, 94, 664, 350, 998, 731, 854, 200, 405, 198, 457, 189, 32, 492, 0]], [[0, 670, 559, 662, 727, 672, 366, 261, 3, 954, 964, 225, 908, 147, 332, 484, 324, 528, 756, 653, 374, 234, 0], [0, 416, 14, 970, 874, 842, 418, 705, 471, 293, 100, 121, 541, 214, 150, 747, 821, 883, 510, 940, 41, 0], [0, 218, 642, 838, 736, 681, 910, 740, 127, 199, 588, 882, 439, 817, 769, 701, 470, 698, 250, 161, 843, 711, 162, 965, 707, 951, 788, 875, 0]], [[0, 386, 744, 322, 62, 326, 351, 835, 657, 802, 125, 660, 697, 680, 719, 232, 269, 112, 809, 42, 0], [0, 999, 914, 772, 432, 728, 285, 146, 180, 884, 195, 546, 572, 828, 419, 379, 243, 495, 994, 372, 428, 397, 0], [0, 407, 77, 749, 251, 310, 103, 578, 95, 312, 930, 529, 12, 116, 93, 945, 55, 165, 900, 690, 191, 943, 702, 799, 255, 0]], [[0, 196, 27, 102, 494, 441, 49, 984, 52, 539, 905, 906, 166, 996, 589, 538, 436, 229, 148, 654, 720, 732, 553, 33, 982, 0], [0, 396, 325, 8, 265, 6, 967, 841, 877, 580, 764, 89, 276, 315, 775, 85, 38, 44, 560, 126, 300, 124, 0], [0, 590, 51, 61, 761, 916, 309, 981, 467, 714, 649, 532, 290, 472, 473, 15, 615, 384, 794, 904, 805, 469, 0]], [[0, 858, 752, 381, 986, 640, 20, 247, 330, 936, 911, 373, 91, 479, 646, 273, 547, 710, 37, 75, 729, 808, 678, 377, 0], [0, 68, 475, 923, 968, 149, 829, 402, 527, 576, 562, 859, 178, 135, 458, 806, 0], [0, 156, 811, 614, 928, 499, 136, 776, 385, 187, 958, 299, 107, 717, 694, 503, 277, 343, 328, 275, 822, 679, 209, 287, 338, 544, 0]], [[0, 549, 946, 466, 56, 751, 450, 48, 346, 26, 409, 182, 648, 605, 101, 451, 834, 421, 382, 342, 880, 345, 7, 354, 496, 0], [0, 993, 540, 857, 674, 847, 832, 584, 566, 281, 66, 557, 974, 423, 845, 331, 429, 0], [0, 224, 181, 991, 192, 106, 13, 258, 573, 460, 950, 975, 449, 190, 581, 519, 686, 812, 550, 558, 898, 456, 79, 810, 0]], [[0, 944, 71, 551, 167, 766, 168, 597, 628, 143, 153, 784, 652, 172, 80, 894, 831, 976, 357, 321, 0], [0, 918, 932, 486, 610, 682, 856, 142, 593, 183, 257, 65, 434, 422, 294, 227, 759, 10, 753, 9, 334, 0], [0, 671, 219, 46, 895, 252, 815, 555, 579, 763, 240, 963, 323, 915, 114, 516, 531, 305, 264, 826, 570, 84, 724, 414, 0]], [[0, 228, 737, 818, 59, 825, 347, 483, 785, 612, 376, 725, 383, 31, 733, 204, 311, 567, 0], [0, 398, 934, 522, 440, 280, 533, 446, 535, 4, 108, 863, 11, 820, 295, 104, 713, 193, 39, 688, 521, 504, 0], [0, 636, 313, 641, 687, 771, 208, 773, 656, 389, 370, 452, 476, 594, 21, 270, 609, 67, 339, 223, 676, 684, 577, 513, 534, 0]], [[0, 480, 144, 394, 260, 171, 438, 598, 236, 118, 823, 948, 962, 515, 1000, 333, 0], [0, 591, 502, 478, 364, 175, 113, 425, 132, 413, 263, 862, 154, 852, 955, 248, 485, 525, 774, 587, 989, 886, 30, 0], [0, 355, 730, 99, 29, 935, 871, 28, 902, 307, 695, 231, 926, 563, 639, 921, 53, 739, 693, 424, 801, 292, 314, 304, 380, 741, 0]], [[0, 827, 140, 455, 308, 627, 791, 700, 870, 511, 619, 509, 643, 655, 177, 412, 19, 668, 0], [0, 658, 69, 869, 659, 74, 790, 76, 433, 814, 454, 448, 800, 226, 907, 288, 872, 468, 571, 211, 404, 959, 0], [0, 735, 738, 217, 205, 390, 329, 836, 16, 489, 117, 173, 266, 585, 616, 64, 781, 623, 54, 638, 922, 608, 990, 879, 748, 22, 0]], [[0, 5, 824, 537, 554, 803, 23, 256, 830, 844, 459, 115, 960, 163, 715, 685, 210, 677, 938, 518, 848, 0], [0, 625, 620, 526, 318, 977, 979, 128, 278, 574, 169, 238, 279, 746, 878, 443, 721, 427, 317, 170, 624, 151, 0], [0, 81, 481, 903, 431, 666, 779, 221, 621, 361, 929, 887, 592, 120, 849, 453, 0]], [[0, 613, 491, 487, 437, 969, 786, 807, 500, 179, 337, 586, 760, 185, 138, 703, 530, 595, 709, 596, 197, 548, 789, 356, 25, 349, 543, 798, 0], [0, 913, 176, 891, 743, 865, 435, 444, 363, 631, 630, 582, 661, 233, 306, 410, 461, 629, 722, 369, 348, 797, 626, 0], [0, 607, 988, 401, 783, 941, 327, 0]], [[0, 782, 237, 239, 505, 892, 391, 706, 70, 931, 122, 708, 507, 230, 110, 47, 353, 246, 952, 63, 134, 980, 139, 600, 617, 371, 0], [0, 742, 899, 917, 973, 335, 866, 606, 757, 712, 881, 501, 289, 40, 341, 302, 957, 286, 303, 523, 0], [0, 72, 961, 552, 575, 186, 202, 896, 206, 768, 885, 833, 508, 188, 873, 105, 634, 352, 241, 131, 497, 846, 0]], [[0, 73, 667, 271, 689, 983, 889, 111, 506, 920, 765, 155, 837, 956, 272, 164, 622, 158, 97, 777, 816, 601, 897, 0], [0, 82, 542, 284, 430, 745, 604, 488, 297, 360, 860, 358, 375, 159, 78, 840, 755, 565, 160, 367, 298, 242, 947, 888, 403, 855, 201, 0], [0, 985, 174, 420, 399, 130, 971, 770, 778, 683, 901, 498, 216, 388, 60, 675, 839, 953, 868, 83, 445, 718, 133, 949, 556, 0]], [[0, 997, 704, 362, 222, 942, 493, 129, 482, 645, 699, 145, 864, 282, 867, 267, 924, 442, 927, 320, 512, 851, 291, 340, 408, 876, 365, 780, 0], [0, 34, 109, 253, 152, 235, 123, 762, 359, 758, 184, 400, 395, 583, 939, 734, 893, 978, 387, 804, 35, 90, 995, 157, 0], [0, 633, 220, 98, 796, 692, 465, 2, 992, 650, 406, 45, 545, 716, 88, 244, 18, 393, 417, 43, 919, 819, 795, 249, 141, 87, 0]]]","[[[0, 569, 0], [0, 635, 0], [0, 933, 0], [0, 96, 517, 0], [0, 850, 0], [0, 750, 644, 0], [0, 212, 0], [0, 602, 0], [0, 909, 767, 0], [0, 426, 0], [0, 618, 0], [0, 787, 203, 0], [0, 524, 50, 0], [0, 301, 0], [0, 344, 474, 0], [0, 58, 0], [0, 259, 0], [0, 119, 194, 0], [0, 296, 0], [0, 637, 0], [0, 696, 561, 0], [0, 912, 0], [0, 274, 207, 0], [0, 254, 0], [0, 673, 0], [0, 86, 611, 0]], [[0, 987, 0], [0, 564, 0], [0, 463, 0], [0, 603, 0], [0, 651, 726, 0]], [], [], [], [], [], [], [], [], [], [], [], [], []]","[14177.490810544996, 14173.341846550276, 14178.05958427288, 14177.918760429055, 14178.120921391033, 14177.962535834537, 14174.575814410196, 14176.130593523478, 14176.269535551042, 14174.400958463308, 14152.450477199647, 14159.801916044942, 14175.718367074987, 14172.86644207999, 14174.481615830688]","[14070.833006801218, 2668.867075721762, -0.0, -0.0, -0.0, -0.0, -0.0, -0.0, -0.0, -0.0, -0.0, -0.0, -0.0, -0.0, -0.0]",1400,2.27
1000.40.1,1000,15,15,endurance,high,high,3600,15.6464,700,31.2928,233.4171658,"[[[0, 435, 865, 743, 891, 913, 176, 580, 841, 967, 6, 265, 8, 233, 306, 979, 461, 977, 318, 620, 526, 625, 151, 0], [0, 371, 234, 397, 372, 994, 999, 662, 727, 540, 993, 603, 0], [0, 128, 661, 582, 630, 363, 444, 631, 142, 856, 682, 278, 610, 574, 486, 169, 238, 279, 746, 878, 443, 721, 427, 317, 170, 624, 651, 0]], [[0, 428, 333, 1000, 515, 237, 892, 572, 828, 432, 728, 908, 261, 147, 366, 672, 332, 484, 324, 528, 559, 670, 787, 0], [0, 307, 902, 28, 871, 735, 738, 217, 205, 390, 585, 616, 755, 565, 26, 64, 781, 623, 346, 56, 946, 748, 637, 0], [0, 344, 855, 403, 888, 242, 367, 48, 922, 54, 638, 608, 450, 751, 466, 549, 0]], [[0, 680, 697, 614, 928, 499, 343, 776, 385, 187, 660, 125, 802, 657, 835, 351, 326, 62, 698, 250, 161, 843, 711, 162, 286, 850, 523, 0], [0, 560, 44, 38, 85, 396, 325, 410, 629, 722, 369, 348, 797, 933, 0], [0, 718, 590, 51, 61, 761, 916, 290, 532, 649, 467, 714, 945, 93, 116, 55, 472, 473, 15, 615, 384, 794, 943, 904, 805, 87, 469, 673, 0]], [[0, 521, 688, 39, 193, 713, 522, 440, 820, 4, 535, 108, 863, 11, 295, 208, 104, 687, 771, 641, 313, 636, 0], [0, 879, 990, 355, 730, 99, 29, 935, 563, 926, 231, 785, 695, 639, 921, 53, 739, 693, 292, 314, 304, 201, 0], [0, 780, 365, 876, 228, 737, 818, 825, 347, 483, 267, 867, 282, 864, 924, 59, 512, 851, 291, 340, 408, 941, 987, 0]], [[0, 309, 981, 72, 961, 552, 575, 186, 202, 206, 768, 896, 216, 498, 901, 388, 399, 174, 420, 60, 675, 839, 953, 868, 83, 445, 0], [0, 9, 753, 10, 918, 932, 183, 593, 257, 65, 434, 422, 294, 227, 368, 792, 759, 245, 853, 599, 490, 462, 24, 86, 0], [0, 988, 627, 152, 791, 700, 235, 359, 758, 129, 482, 645, 699, 145, 442, 320, 927, 493, 222, 942, 762, 123, 362, 704, 997, 783, 0]], [[0, 534, 513, 577, 684, 143, 153, 339, 67, 609, 270, 594, 476, 452, 370, 389, 656, 773, 223, 676, 628, 168, 766, 167, 0], [0, 880, 872, 47, 507, 708, 814, 433, 76, 790, 74, 659, 931, 122, 230, 110, 353, 246, 952, 134, 468, 571, 211, 404, 959, 474, 0], [0, 777, 111, 506, 920, 765, 911, 936, 373, 91, 770, 778, 683, 971, 130, 985, 889, 983, 689, 271, 667, 556, 0]], [[0, 634, 105, 919, 43, 417, 393, 18, 220, 98, 796, 692, 465, 992, 545, 406, 45, 716, 88, 244, 873, 188, 529, 930, 312, 95, 578, 103, 310, 251, 749, 77, 407, 141, 58, 0], [0, 846, 497, 131, 241, 249, 795, 819, 352, 887, 592, 431, 120, 849, 453, 0], [0, 663, 232, 719, 156, 811, 328, 915, 114, 275, 531, 822, 826, 570, 84, 724, 414, 0]], [[0, 899, 501, 881, 712, 470, 701, 769, 817, 439, 882, 588, 199, 866, 606, 757, 335, 973, 917, 838, 642, 742, 0], [0, 327, 567, 311, 204, 383, 725, 612, 376, 424, 31, 733, 801, 0], [0, 633, 929, 613, 491, 487, 437, 969, 786, 283, 807, 361, 621, 221, 779, 200, 405, 198, 666, 457, 189, 903, 481, 81, 0]], [[0, 810, 377, 79, 456, 808, 729, 75, 37, 622, 158, 678, 601, 897, 0], [0, 266, 173, 117, 489, 329, 16, 836, 82, 542, 284, 430, 745, 604, 488, 297, 78, 159, 840, 409, 160, 298, 947, 0], [0, 281, 566, 584, 832, 847, 3, 954, 964, 225, 285, 146, 546, 195, 884, 180, 658, 391, 505, 239, 962, 782, 419, 379, 243, 495, 772, 914, 756, 653, 374, 0]], [[0, 71, 551, 597, 80, 172, 784, 652, 21, 740, 127, 910, 681, 736, 218, 894, 831, 976, 357, 0], [0, 149, 485, 248, 955, 113, 862, 263, 413, 132, 425, 175, 502, 525, 591, 774, 587, 804, 989, 968, 923, 19, 827, 0], [0, 510, 883, 821, 874, 842, 418, 705, 747, 150, 214, 121, 100, 471, 293, 446, 533, 280, 970, 14, 416, 934, 398, 504, 944, 0]], [[0, 119, 543, 349, 41, 940, 492, 0], [0, 190, 775, 315, 276, 877, 764, 89, 449, 975, 950, 460, 258, 573, 192, 991, 224, 581, 519, 686, 812, 550, 558, 898, 126, 300, 626, 124, 0], [0, 514, 36, 723, 137, 268, 691, 669, 2, 650, 508, 833, 885, 12, 165, 900, 690, 191, 702, 799, 255, 0]], [[0, 858, 710, 547, 181, 106, 13, 273, 479, 646, 330, 247, 20, 640, 986, 381, 752, 155, 837, 956, 272, 164, 97, 816, 0], [0, 447, 972, 654, 148, 229, 436, 538, 589, 996, 166, 906, 905, 539, 66, 557, 52, 984, 494, 102, 27, 196, 568, 477, 0], [0, 401, 308, 253, 870, 509, 619, 511, 893, 734, 939, 583, 395, 400, 184, 364, 478, 978, 387, 643, 655, 177, 412, 886, 30, 668, 455, 68, 0]], [[0, 42, 415, 92, 861, 0], [0, 277, 136, 503, 694, 717, 958, 299, 107, 240, 963, 763, 579, 555, 815, 252, 323, 895, 46, 219, 516, 305, 264, 679, 269, 209, 287, 112, 809, 338, 544, 524, 254, 0], [0, 703, 138, 541, 185, 760, 586, 337, 179, 500, 94, 664, 350, 998, 731, 854, 530, 595, 709, 596, 197, 548, 789, 356, 25, 32, 194, 0]], [[0, 57, 665, 788, 707, 965, 336, 378, 464, 411, 793, 1, 813, 632, 215, 536, 754, 890, 319, 322, 744, 386, 289, 40, 341, 302, 957, 951, 875, 303, 0], [0, 421, 834, 451, 101, 605, 182, 648, 375, 358, 860, 360, 448, 454, 800, 226, 907, 288, 382, 342, 345, 7, 354, 496, 0], [0, 480, 144, 394, 260, 171, 438, 598, 236, 118, 823, 948, 706, 69, 869, 70, 63, 980, 139, 600, 617, 274, 0]], [[0, 157, 995, 90, 35, 562, 576, 527, 402, 829, 852, 154, 960, 163, 715, 685, 859, 178, 135, 518, 602, 561, 0], [0, 644, 429, 331, 845, 423, 857, 674, 974, 441, 49, 262, 316, 392, 720, 732, 553, 33, 520, 213, 937, 982, 17, 647, 0], [0, 671, 554, 803, 23, 256, 830, 844, 459, 115, 537, 824, 5, 210, 677, 938, 458, 806, 848, 0]]]","[[[0, 203, 34, 109, 0], [0, 296, 0], [0, 380, 0], [0, 607, 635, 0], [0, 618, 0], [0, 301, 0], [0, 741, 569, 0], [0, 517, 949, 0], [0, 912, 0], [0, 750, 207, 0], [0, 925, 0], [0, 726, 334, 0], [0, 426, 0], [0, 321, 0], [0, 767, 96, 212, 0], [0, 73, 0], [0, 798, 0], [0, 140, 696, 0], [0, 611, 463, 0], [0, 133, 0], [0, 475, 0], [0, 22, 0]], [], [[0, 259, 0]], [], [], [], [], [], [], [], [[0, 50, 966, 0]], [[0, 909, 0]], [], [[0, 564, 0]], []]","[13994.499050512586, 14000.61642715643, 14004.69653466981, 14001.903672662016, 14004.54872568489, 14004.272846709528, 13998.670451640366, 14003.32052513092, 13998.430668548692, 13986.027863249312, 14000.91472435576, 13993.444311207377, 13996.131274489246, 14001.053959464914, 14005.029948749481]","[12381.752423378395, -0.0, 623.6024105805002, -0.0, -0.0, -0.0, -0.0, -0.0, -0.0, -0.0, 655.4860531459284, 635.2403713223289, -0.0, 633.1626241973893, -0.0]",1400,2.27
1000.40.2,1000,15,15,endurance,high,high,3600,15.6464,700,31.2928,235.3006842,"[[[0, 331, 575, 635, 352, 452, 652, 62, 585, 870, 32, 533, 845, 24, 98, 537, 288, 356, 487, 291, 479, 918, 211, 0], [0, 27, 931, 361, 351, 986, 980, 523, 686, 529, 922, 464, 787, 662, 769, 760, 403, 196, 413, 896, 661, 518, 0], [0, 675, 863, 264, 792, 789, 439, 828, 744, 294, 731, 500, 961, 943, 69, 667, 936, 139, 405, 234, 496, 0]], [[0, 191, 680, 108, 339, 908, 596, 195, 111, 589, 97, 310, 238, 609, 720, 649, 124, 610, 592, 214, 813, 286, 684, 0], [0, 334, 978, 878, 134, 535, 348, 625, 374, 188, 729, 10, 528, 444, 708, 991, 679, 164, 406, 608, 37, 702, 0], [0, 394, 443, 955, 636, 149, 435, 44, 175, 704, 880, 389, 23, 757, 924, 670, 301, 441, 0]], [[0, 613, 372, 504, 656, 793, 958, 678, 890, 888, 825, 732, 169, 733, 795, 485, 676, 901, 734, 467, 822, 293, 687, 0], [0, 450, 5, 531, 669, 970, 577, 940, 296, 84, 258, 342, 460, 887, 95, 766, 883, 616, 70, 805, 90, 889, 869, 706, 0], [0, 217, 945, 762, 650, 314, 944, 632, 323, 797, 582, 668, 377, 738, 368, 3, 558, 966, 431, 696, 161, 420, 642, 341, 0]], [[0, 989, 74, 536, 853, 681, 801, 711, 583, 454, 462, 643, 162, 617, 836, 829, 153, 800, 848, 0], [0, 697, 964, 232, 171, 83, 382, 628, 354, 972, 68, 215, 875, 240, 587, 612, 275, 707, 0], [0, 142, 392, 626, 971, 253, 38, 540, 857, 268, 987, 999, 281, 350, 280, 916, 168, 135, 448, 287, 419, 319, 843, 41, 699, 475, 735, 85, 0]], [[0, 495, 300, 563, 516, 595, 465, 802, 363, 784, 855, 565, 99, 574, 157, 103, 18, 591, 990, 996, 665, 451, 949, 973, 250, 891, 371, 739, 289, 199, 0], [0, 292, 499, 455, 222, 712, 30, 347, 768, 438, 11, 671, 307, 285, 902, 430, 950, 251, 894, 517, 581, 401, 0], [0, 959, 118, 148, 384, 806, 754, 799, 728, 842, 839, 0]], [[0, 165, 911, 249, 236, 231, 152, 885, 561, 304, 580, 239, 225, 386, 710, 921, 140, 877, 262, 414, 159, 0], [0, 456, 808, 741, 513, 942, 42, 660, 167, 125, 539, 573, 402, 189, 93, 87, 644, 874, 138, 335, 155, 229, 547, 0], [0, 309, 158, 243, 77, 105, 416, 235, 659, 404, 116, 302, 905, 590, 631, 109, 383, 827, 525, 506, 357, 113, 871, 849, 717, 542, 183, 718, 362, 0]], [[0, 177, 381, 88, 422, 47, 624, 228, 391, 497, 4, 640, 646, 6, 35, 367, 933, 777, 861, 91, 597, 564, 0], [0, 620, 638, 203, 514, 614, 72, 759, 859, 651, 130, 428, 120, 724, 421, 40, 866, 256, 976, 170, 621, 884, 876, 538, 493, 969, 259, 20, 453, 197, 0], [0, 886, 937, 997, 15, 864, 527, 719, 338, 472, 353, 546, 78, 79, 903, 200, 245, 721, 143, 818, 783, 305, 0]], [[0, 417, 101, 727, 410, 602, 86, 221, 655, 593, 397, 726, 22, 917, 576, 146, 333, 216, 34, 841, 0], [0, 436, 691, 900, 544, 920, 716, 272, 929, 337, 173, 457, 838, 2, 390, 881, 798, 865, 186, 550, 0], [0, 298, 80, 758, 791, 278, 53, 713, 458, 437, 61, 369, 826, 785, 604, 862, 598, 36, 491, 488, 210, 993, 0]], [[0, 112, 927, 778, 336, 926, 290, 756, 594, 639, 909, 202, 277, 837, 480, 974, 588, 0], [0, 242, 267, 860, 511, 532, 914, 440, 212, 184, 473, 782, 872, 622, 185, 0], [0, 180, 141, 637, 510, 490, 246, 498, 461, 830, 645, 743, 509, 378, 273, 1000, 115, 282, 156, 484, 326, 803, 553, 224, 807, 194, 0]], [[0, 907, 313, 76, 65, 750, 340, 269, 629, 685, 145, 748, 674, 736, 100, 255, 923, 127, 812, 14, 1, 790, 555, 345, 854, 241, 0], [0, 399, 147, 892, 206, 571, 962, 967, 128, 429, 607, 821, 749, 380, 306, 751, 102, 0], [0, 761, 370, 948, 230, 325, 466, 666, 725, 324, 773, 396, 714, 376, 508, 992, 709, 957, 89, 265, 233, 261, 831, 0]], [[0, 57, 552, 49, 178, 478, 424, 154, 930, 237, 0], [0, 698, 633, 672, 181, 715, 39, 244, 780, 343, 846, 796, 483, 388, 122, 270, 329, 375, 459, 433, 634, 106, 693, 297, 328, 0], [0, 879, 174, 201, 569, 284, 51, 379, 316, 619, 320, 75, 512, 566, 786, 366, 299, 742, 423, 737, 318, 556, 107, 954, 449, 0]], [[0, 703, 476, 117, 515, 912, 45, 204, 995, 599, 66, 123, 220, 395, 810, 50, 477, 327, 752, 530, 647, 627, 977, 794, 81, 982, 52, 482, 985, 913, 0], [0, 998, 364, 469, 524, 16, 648, 897, 425, 600, 730, 663, 418, 332, 179, 187, 346, 815, 58, 951, 764, 13, 400, 893, 605, 0], [0, 572, 463, 979, 658, 695, 19, 981, 48, 274, 630, 248, 321, 526, 689, 393, 934, 0]], [[0, 653, 445, 254, 755, 92, 579, 365, 474, 910, 407, 915, 956, 208, 0], [0, 835, 953, 819, 190, 415, 833, 816, 606, 8, 767, 850, 851, 554, 131, 442, 673, 110, 904, 43, 534, 409, 121, 0], [0, 722, 63, 548, 114, 21, 132, 447, 682, 763, 25, 257, 856, 60, 7, 694, 723, 560, 207, 126, 946, 804, 0]], [[0, 522, 935, 963, 172, 968, 770, 166, 688, 355, 385, 932, 873, 941, 746, 182, 64, 898, 952, 33, 882, 317, 0], [0, 160, 779, 551, 56, 411, 844, 960, 209, 494, 330, 303, 54, 975, 567, 223, 983, 899, 12, 858, 104, 925, 144, 119, 0], [0, 266, 398, 432, 502, 205, 700, 984, 503, 947, 852, 492, 776, 906, 489, 198, 315, 226, 360, 271, 753, 562, 519, 765, 133, 295, 0]], [[0, 151, 150, 136, 745, 832, 263, 549, 486, 603, 928, 247, 218, 446, 67, 584, 545, 820, 471, 586, 260, 543, 814, 26, 507, 868, 771, 311, 434, 618, 654, 781, 919, 578, 867, 0], [0, 809, 192, 615, 59, 664, 94, 690, 895, 82, 788, 611, 824, 817, 775, 96, 213, 276, 28, 387, 373, 358, 71, 408, 0], [0, 322, 623, 312, 29, 774, 939, 559, 570, 705, 193, 427, 557, 657, 520, 701, 840, 481, 470, 568, 521, 0]]]","[[[0, 219, 0], [0, 46, 308, 0], [0, 426, 9, 0], [0, 692, 17, 0], [0, 834, 0], [0, 359, 0], [0, 163, 0], [0, 811, 0], [0, 137, 0], [0, 988, 0], [0, 468, 938, 0], [0, 55, 0], [0, 847, 0], [0, 994, 0], [0, 772, 0], [0, 601, 0], [0, 641, 0], [0, 344, 0], [0, 279, 0], [0, 252, 0], [0, 541, 0], [0, 677, 0], [0, 412, 0], [0, 31, 0], [0, 283, 0], [0, 823, 0]], [[0, 176, 0], [0, 965, 129, 0]], [], [], [[0, 501, 505, 0]], [[0, 73, 740, 0]], [[0, 227, 0]], [], [], [], [], [], [[0, 349, 747, 0]], [[0, 683, 0]], []]","[14117.055342789798, 14113.460057170741, 14111.301594184995, 14098.021596202649, 14091.888592283693, 14118.041052100994, 14117.423484016443, 14115.949263133436, 14117.69565390768, 14108.821696118437, 14038.001986721878, 14107.1405004999, 14118.035978969867, 14115.522107059995, 14117.465303146368]","[13945.184183296466, 1324.4300168269633, -0.0, -0.0, 647.8280578535899, 629.008006599669, 672.7080371739461, -0.0, -0.0, -0.0, -0.0, -0.0, 674.45685403519, 644.6506747377833, -0.0]",1400,2.27
1000.40.2,1000,15,15,endurance,high,high,3600,15.6464,700,31.2928,237.7333821,"[[[0, 524, 730, 425, 600, 986, 351, 361, 931, 27, 663, 418, 332, 179, 392, 142, 187, 579, 365, 474, 910, 407, 915, 956, 208, 568, 521, 0], [0, 781, 309, 158, 156, 416, 235, 659, 404, 116, 302, 905, 590, 105, 77, 243, 803, 553, 224, 183, 718, 807, 578, 362, 804, 197, 0], [0, 783, 818, 143, 721, 245, 200, 903, 809, 192, 213, 623, 322, 276, 28, 387, 373, 358, 71, 408, 305, 0]], [[0, 12, 899, 673, 442, 131, 554, 851, 850, 767, 8, 606, 816, 54, 415, 190, 303, 975, 223, 983, 844, 411, 779, 160, 119, 286, 0], [0, 403, 760, 312, 29, 774, 939, 559, 705, 570, 662, 769, 193, 427, 557, 657, 520, 701, 840, 481, 470, 196, 413, 896, 661, 518, 0], [0, 317, 882, 64, 182, 522, 270, 483, 388, 122, 329, 375, 459, 433, 898, 952, 33, 297, 401, 739, 344, 0]], [[0, 813, 214, 592, 610, 835, 108, 339, 908, 596, 195, 87, 93, 644, 874, 138, 335, 155, 680, 191, 229, 504, 372, 613, 601, 547, 505, 0], [0, 737, 423, 742, 299, 366, 786, 376, 714, 396, 773, 666, 466, 325, 508, 992, 709, 957, 265, 989, 0], [0, 393, 689, 526, 321, 298, 100, 255, 748, 674, 736, 758, 80, 604, 231, 236, 414, 159, 449, 938, 0]], [[0, 854, 345, 555, 979, 658, 695, 19, 981, 907, 313, 76, 15, 997, 937, 532, 886, 463, 572, 0], [0, 152, 885, 561, 304, 785, 278, 791, 53, 713, 458, 437, 61, 369, 826, 580, 239, 225, 386, 710, 921, 140, 318, 877, 262, 556, 107, 954, 0], [0, 963, 770, 968, 172, 698, 11, 671, 438, 768, 565, 784, 363, 802, 943, 69, 996, 665, 451, 949, 891, 371, 0]], [[0, 571, 962, 530, 752, 477, 50, 810, 395, 220, 45, 204, 995, 912, 515, 429, 128, 607, 821, 749, 380, 306, 751, 102, 295, 0], [0, 855, 347, 30, 712, 222, 455, 672, 633, 285, 950, 251, 894, 634, 106, 693, 692, 289, 0], [0, 994, 412, 934, 210, 488, 491, 36, 862, 598, 249, 911, 993, 279, 0]], [[0, 4, 228, 391, 497, 503, 700, 984, 947, 852, 492, 776, 906, 489, 198, 315, 226, 360, 271, 753, 562, 519, 765, 133, 0], [0, 96, 775, 817, 824, 611, 788, 82, 895, 690, 94, 664, 59, 615, 353, 472, 338, 719, 527, 78, 546, 79, 184, 473, 782, 872, 622, 0], [0, 930, 154, 424, 478, 178, 161, 696, 966, 314, 650, 762, 945, 217, 863, 237, 0]], [[0, 711, 643, 450, 5, 296, 940, 577, 970, 531, 761, 370, 583, 801, 681, 853, 148, 118, 0], [0, 168, 457, 173, 999, 987, 268, 857, 540, 38, 253, 971, 626, 337, 929, 272, 716, 920, 755, 13, 400, 893, 605, 468, 0], [0, 839, 707, 211, 479, 291, 487, 356, 288, 537, 101, 98, 24, 32, 585, 62, 652, 452, 352, 635, 441, 0]], [[0, 252, 186, 865, 485, 795, 733, 169, 732, 825, 888, 890, 678, 958, 793, 656, 965, 0], [0, 334, 978, 878, 134, 535, 348, 625, 374, 188, 729, 10, 528, 444, 708, 991, 679, 164, 406, 608, 37, 702, 233, 261, 831, 0], [0, 790, 248, 630, 1, 14, 812, 274, 48, 127, 923, 145, 685, 629, 269, 340, 65, 750, 864, 212, 440, 914, 511, 860, 267, 0]], [[0, 112, 927, 778, 336, 926, 290, 756, 599, 66, 123, 117, 476, 703, 967, 206, 892, 147, 399, 0], [0, 384, 90, 848, 800, 153, 829, 836, 617, 162, 95, 766, 883, 616, 83, 171, 232, 70, 805, 964, 697, 612, 275, 806, 754, 889, 799, 869, 959, 0], [0, 381, 216, 333, 88, 422, 22, 624, 47, 640, 502, 205, 646, 432, 398, 266, 6, 35, 367, 933, 777, 861, 34, 177, 0]], [[0, 121, 56, 551, 124, 649, 953, 819, 330, 567, 494, 209, 960, 858, 104, 925, 144, 0], [0, 787, 464, 922, 529, 686, 523, 980, 897, 648, 16, 469, 364, 998, 346, 815, 58, 92, 951, 764, 254, 445, 653, 0], [0, 234, 405, 139, 936, 667, 961, 500, 731, 294, 595, 465, 516, 563, 300, 495, 797, 323, 632, 744, 828, 439, 789, 792, 264, 675, 496, 163, 0]], [[0, 49, 642, 420, 431, 180, 3, 368, 558, 738, 944, 582, 668, 377, 498, 246, 490, 510, 637, 141, 832, 341, 0], [0, 44, 215, 68, 972, 354, 628, 84, 258, 342, 460, 887, 382, 875, 240, 587, 149, 636, 955, 389, 443, 394, 0], [0, 581, 517, 430, 902, 103, 157, 307, 99, 574, 18, 591, 990, 973, 250, 199, 0]], [[0, 181, 292, 499, 39, 715, 244, 780, 343, 846, 796, 166, 688, 355, 385, 932, 873, 941, 935, 746, 110, 904, 43, 534, 409, 0], [0, 566, 512, 75, 320, 619, 316, 379, 51, 284, 569, 201, 174, 879, 324, 725, 669, 230, 948, 454, 462, 89, 536, 74, 0], [0, 564, 46, 841, 91, 575, 597, 0]], [[0, 151, 150, 136, 745, 868, 26, 543, 260, 586, 545, 584, 273, 645, 830, 461, 743, 509, 378, 1000, 115, 282, 484, 654, 194, 867, 501, 0], [0, 542, 717, 849, 207, 871, 113, 506, 525, 827, 383, 631, 109, 120, 724, 694, 357, 560, 126, 946, 453, 0], [0, 720, 609, 238, 833, 310, 97, 589, 111, 189, 402, 573, 539, 125, 167, 660, 942, 741, 808, 456, 901, 734, 467, 822, 293, 687, 772, 0]], [[0, 257, 25, 763, 682, 447, 132, 21, 594, 639, 909, 114, 548, 202, 277, 837, 480, 974, 588, 482, 913, 0], [0, 57, 552, 434, 311, 771, 507, 263, 549, 486, 603, 928, 247, 218, 446, 67, 820, 471, 814, 326, 618, 919, 0], [0, 969, 876, 493, 538, 620, 638, 203, 514, 722, 63, 327, 647, 627, 977, 794, 81, 982, 52, 985, 0]], [[0, 475, 699, 41, 900, 798, 881, 676, 390, 2, 838, 513, 42, 281, 350, 280, 916, 135, 448, 287, 544, 419, 319, 843, 691, 436, 0], [0, 146, 576, 870, 917, 533, 845, 655, 726, 397, 593, 221, 86, 602, 410, 727, 175, 435, 704, 880, 417, 23, 757, 924, 670, 301, 0], [0, 621, 170, 976, 256, 7, 60, 856, 614, 72, 759, 859, 651, 130, 428, 421, 40, 866, 723, 884, 259, 20, 0]]]","[[[0, 706, 0], [0, 842, 17, 0], [0, 137, 426, 0], [0, 242, 0], [0, 185, 0], [0, 331, 0], [0, 918, 0], [0, 349, 550, 0], [0, 31, 740, 0], [0, 541, 0], [0, 176, 0], [0, 747, 0], [0, 728, 0], [0, 735, 0], [0, 283, 0], [0, 55, 0], [0, 219, 0], [0, 359, 0], [0, 641, 0], [0, 834, 0], [0, 988, 0], [0, 684, 0], [0, 823, 0]], [[0, 129, 0], [0, 677, 0], [0, 328, 0], [0, 811, 0], [0, 85, 0], [0, 9, 0], [0, 165, 241, 0], [0, 308, 0]], [], [], [], [], [[0, 227, 0]], [], [], [], [], [], [], [[0, 73, 0]], [[0, 683, 0], [0, 847, 0]]]","[14262.564339991639, 14262.987896298499, 14251.405482192906, 14254.226483957233, 14257.732475644993, 14260.682393185214, 14253.7608410081, 14262.607638229674, 14262.711751705461, 14262.851610425176, 14263.982075638032, 14230.296549607643, 14259.516482365983, 14260.172683315384, 14264.002926809526]","[12295.294211170558, 4525.370788432823, -0.0, -0.0, -0.0, -0.0, 672.7080371739461, -0.0, -0.0, -0.0, -0.0, -0.0, -0.0, 602.3780018436715, 1312.2174016517233]",1400,2.27
1000.40.2,1000,15,15,endurance,high,high,3600,15.6464,700,31.2928,235.8275001,"[[[0, 592, 610, 835, 720, 609, 238, 310, 97, 589, 111, 195, 596, 908, 339, 108, 680, 191, 229, 965, 0], [0, 307, 99, 565, 671, 11, 438, 768, 347, 712, 30, 855, 784, 363, 802, 961, 667, 936, 139, 405, 496, 0], [0, 718, 542, 717, 849, 553, 803, 309, 158, 243, 77, 105, 416, 659, 235, 115, 282, 156, 484, 654, 919, 194, 501, 0]], [[0, 318, 334, 878, 134, 61, 437, 458, 713, 53, 278, 791, 758, 80, 604, 862, 598, 36, 491, 488, 210, 137, 279, 0], [0, 452, 652, 32, 533, 845, 655, 593, 397, 726, 917, 870, 585, 62, 728, 0], [0, 621, 170, 976, 256, 866, 40, 421, 7, 60, 856, 72, 759, 859, 651, 130, 428, 120, 724, 694, 357, 723, 884, 876, 259, 804, 0]], [[0, 531, 669, 970, 577, 296, 940, 879, 174, 201, 324, 725, 666, 466, 325, 230, 948, 370, 454, 462, 583, 957, 89, 265, 989, 831, 0], [0, 57, 552, 341, 151, 150, 136, 434, 311, 771, 507, 141, 180, 178, 478, 424, 49, 988, 73, 0], [0, 962, 967, 530, 752, 477, 810, 395, 220, 123, 995, 204, 45, 912, 515, 117, 703, 476, 429, 128, 607, 821, 749, 380, 306, 102, 0]], [[0, 524, 730, 425, 600, 351, 986, 980, 523, 897, 648, 16, 469, 332, 364, 998, 365, 474, 910, 407, 915, 956, 208, 605, 0], [0, 193, 769, 662, 787, 529, 686, 922, 464, 570, 705, 559, 939, 774, 29, 312, 427, 557, 760, 657, 520, 701, 481, 470, 568, 0], [0, 31, 913, 482, 588, 52, 985, 295, 575, 331, 839, 0]], [[0, 635, 352, 216, 333, 146, 576, 22, 228, 391, 497, 4, 624, 47, 422, 88, 381, 211, 0], [0, 813, 214, 124, 649, 953, 819, 190, 415, 833, 816, 606, 8, 54, 303, 975, 330, 567, 494, 209, 960, 844, 411, 551, 779, 160, 0], [0, 579, 187, 179, 418, 663, 931, 361, 27, 38, 540, 253, 971, 626, 337, 929, 272, 920, 544, 419, 319, 843, 436, 252, 550, 0]], [[0, 963, 355, 244, 780, 343, 688, 166, 770, 968, 172, 483, 270, 329, 375, 459, 433, 898, 33, 297, 692, 0], [0, 401, 693, 634, 894, 251, 430, 902, 103, 157, 574, 18, 591, 996, 665, 451, 949, 973, 250, 891, 371, 0], [0, 642, 420, 832, 263, 549, 486, 603, 928, 247, 218, 446, 645, 461, 830, 743, 509, 378, 273, 584, 67, 820, 586, 260, 543, 814, 326, 618, 781, 224, 183, 807, 578, 362, 0]], [[0, 745, 868, 26, 471, 545, 1000, 404, 116, 302, 905, 590, 631, 109, 383, 827, 525, 506, 113, 871, 560, 207, 126, 946, 867, 0], [0, 417, 880, 435, 44, 215, 354, 628, 972, 68, 875, 240, 587, 149, 636, 955, 389, 23, 301, 0], [0, 249, 236, 231, 152, 885, 561, 304, 785, 826, 369, 580, 239, 978, 225, 386, 710, 921, 140, 877, 262, 414, 159, 911, 993, 0]], [[0, 121, 317, 409, 534, 882, 43, 904, 858, 104, 925, 56, 144, 119, 0], [0, 801, 711, 643, 450, 761, 5, 460, 342, 84, 258, 382, 887, 836, 829, 153, 800, 90, 848, 384, 0], [0, 926, 336, 290, 778, 927, 112, 198, 489, 906, 776, 492, 852, 503, 700, 205, 502, 646, 432, 398, 266, 777, 861, 34, 177, 841, 91, 597, 0]], [[0, 934, 393, 689, 526, 321, 298, 100, 736, 674, 748, 255, 923, 812, 14, 1, 790, 555, 345, 854, 241, 0], [0, 287, 448, 135, 168, 457, 173, 999, 857, 268, 987, 281, 350, 280, 42, 916, 838, 390, 865, 186, 822, 0], [0, 933, 367, 35, 6, 640, 984, 947, 360, 315, 226, 271, 753, 562, 519, 765, 751, 133, 564, 0]], [[0, 155, 335, 138, 874, 644, 87, 93, 189, 402, 573, 539, 125, 167, 660, 942, 513, 2, 676, 881, 798, 900, 41, 699, 691, 475, 735, 85, 9, 0], [0, 248, 630, 274, 48, 127, 145, 685, 629, 269, 340, 750, 65, 15, 76, 313, 997, 907, 937, 886, 572, 811, 0], [0, 721, 245, 200, 903, 79, 184, 78, 546, 353, 472, 338, 719, 527, 864, 212, 440, 473, 782, 872, 267, 426, 185, 0]], [[0, 737, 423, 742, 299, 366, 786, 10, 729, 188, 374, 625, 348, 444, 528, 535, 708, 991, 679, 164, 556, 107, 954, 449, 938, 0], [0, 118, 148, 74, 536, 853, 681, 617, 162, 95, 766, 883, 616, 83, 171, 232, 70, 805, 964, 697, 612, 443, 394, 275, 806, 754, 889, 799, 869, 0], [0, 896, 413, 196, 840, 403, 13, 764, 951, 92, 58, 815, 346, 142, 392, 716, 755, 400, 893, 254, 445, 653, 0]], [[0, 222, 455, 499, 292, 39, 715, 181, 672, 633, 846, 796, 698, 388, 122, 285, 950, 517, 106, 581, 739, 834, 0], [0, 66, 599, 756, 594, 639, 21, 132, 447, 682, 763, 25, 257, 614, 514, 203, 638, 620, 538, 493, 969, 20, 453, 0], [0, 305, 242, 783, 622, 818, 143, 408, 518, 521, 468, 0]], [[0, 809, 192, 213, 615, 59, 664, 94, 690, 895, 82, 788, 611, 824, 817, 775, 96, 623, 322, 276, 28, 387, 373, 358, 71, 661, 823, 0], [0, 479, 291, 487, 356, 288, 24, 98, 727, 221, 86, 602, 410, 175, 704, 101, 537, 757, 924, 670, 46, 0], [0, 161, 696, 431, 558, 3, 368, 637, 510, 490, 246, 498, 377, 668, 582, 944, 738, 966, 314, 650, 762, 945, 217, 154, 930, 0]], [[0, 566, 512, 75, 320, 619, 316, 379, 51, 284, 569, 773, 396, 714, 376, 508, 992, 709, 406, 608, 37, 702, 233, 261, 0], [0, 12, 899, 983, 223, 673, 442, 131, 554, 767, 850, 851, 385, 932, 873, 941, 935, 522, 746, 182, 110, 64, 952, 0], [0, 463, 979, 658, 19, 981, 695, 532, 914, 511, 860, 0]], [[0, 293, 467, 734, 901, 456, 808, 485, 741, 795, 733, 169, 732, 825, 888, 890, 678, 958, 793, 656, 504, 372, 613, 601, 547, 0], [0, 990, 69, 943, 500, 731, 294, 595, 465, 516, 563, 300, 495, 797, 323, 632, 744, 828, 439, 234, 789, 792, 264, 863, 675, 237, 199, 0], [0, 974, 480, 837, 722, 63, 548, 114, 909, 50, 202, 277, 327, 647, 627, 977, 794, 81, 982, 571, 206, 892, 147, 399, 55, 0]]]","[[[0, 959, 0], [0, 286, 0], [0, 344, 0], [0, 165, 706, 0], [0, 684, 505, 0], [0, 541, 0], [0, 847, 0], [0, 283, 0], [0, 176, 0], [0, 772, 0], [0, 328, 0], [0, 740, 918, 0], [0, 707, 0], [0, 227, 0], [0, 842, 0], [0, 412, 0], [0, 441, 0], [0, 687, 0]], [[0, 641, 0], [0, 219, 0], [0, 994, 0], [0, 129, 0]], [[0, 289, 0]], [], [], [[0, 359, 0], [0, 163, 197, 0]], [[0, 349, 0]], [], [[0, 677, 0]], [], [], [], [[0, 747, 17, 0]], [[0, 308, 0]], [[0, 683, 0]]]","[14149.130603046011, 14143.681250823865, 14149.347597807988, 14141.9456740626, 14149.650008292137, 14147.479856435351, 14141.084318324596, 14143.030600121081, 14144.031351678601, 14141.504390053284, 14141.690975915462, 14148.674212982338, 14143.971121181257, 14142.371717846323, 14137.275112074527]","[8820.496560968466, 2459.118673639654, 265.03066224501464, -0.0, -0.0, 1311.9201825694809, 540.1049210886571, -0.0, 662.6433273628808, -0.0, -0.0, -0.0, 692.7585653361973, 644.1982282558565, 644.6506747377833]",1400,2.27
1000.40.3,1000,15,15,endurance,high,high,3600,15.6464,700,31.2928,234.2117912,"[[[0, 621, 382, 736, 935, 156, 57, 718, 633, 177, 653, 22, 487, 448, 37, 830, 569, 676, 716, 583, 502, 416, 122, 548, 0], [0, 449, 272, 466, 678, 44, 325, 658, 904, 287, 937, 264, 921, 316, 288, 282, 26, 710, 901, 304, 568, 0], [0, 240, 845, 558, 237, 819, 495, 978, 615, 847, 879, 42, 538, 746, 861, 373, 955, 406, 439, 998, 744, 857, 775, 566, 163, 0]], [[0, 187, 639, 52, 80, 31, 367, 930, 536, 8, 530, 108, 25, 787, 369, 979, 963, 260, 0], [0, 798, 956, 126, 98, 743, 289, 840, 906, 858, 178, 750, 435, 657, 179, 134, 908, 826, 934, 939, 893, 492, 137, 574, 549, 0], [0, 322, 719, 632, 781, 616, 51, 875, 127, 919, 107, 974, 829, 515, 82, 623, 294, 456, 104, 0]], [[0, 383, 964, 181, 164, 228, 749, 654, 692, 868, 691, 703, 795, 301, 235, 962, 977, 0], [0, 773, 445, 510, 916, 317, 143, 469, 114, 428, 73, 238, 426, 135, 112, 472, 393, 738, 881, 295, 679, 702, 312, 128, 420, 7, 167, 859, 0], [0, 202, 271, 60, 758, 401, 804, 106, 342, 511, 491, 524, 6, 385, 610, 947, 617, 20, 415, 243, 453, 183, 19, 206, 300, 0]], [[0, 405, 306, 852, 191, 442, 810, 723, 10, 464, 831, 800, 147, 680, 49, 335, 833, 348, 553, 922, 972, 629, 40, 543, 209, 261, 434, 248, 638, 0], [0, 79, 467, 550, 618, 483, 232, 646, 832, 596, 86, 62, 611, 662, 587, 50, 0], [0, 109, 594, 121, 418, 580, 293, 889, 338, 836, 682, 959, 953, 336, 891, 513, 460, 604, 514, 281, 645, 726, 892, 203, 223, 0]], [[0, 246, 1, 579, 254, 573, 225, 102, 318, 199, 701, 130, 923, 0], [0, 347, 995, 74, 97, 993, 29, 226, 478, 578, 957, 997, 608, 704, 539, 308, 154, 175, 375, 149, 475, 218, 471, 708, 0], [0, 635, 897, 685, 422, 268, 745, 698, 351, 69, 201, 813, 366, 365, 523, 343, 943, 628, 0]], [[0, 563, 980, 752, 390, 333, 686, 463, 586, 811, 556, 103, 850, 290, 571, 273, 150, 975, 612, 915, 459, 371, 565, 116, 105, 92, 253, 141, 0], [0, 498, 648, 34, 753, 936, 400, 728, 505, 631, 277, 531, 835, 965, 24, 465, 592, 918, 769, 941, 870, 508, 255, 823, 684, 742, 249, 470, 166, 576, 0], [0, 461, 940, 699, 398, 695, 751, 499, 626, 451, 64, 257, 455, 622, 231, 283, 162, 494, 885, 996, 793, 509, 689, 0]], [[0, 120, 601, 2, 528, 355, 23, 427, 792, 994, 619, 89, 340, 521, 327, 783, 544, 665, 55, 193, 278, 952, 913, 484, 584, 207, 241, 148, 377, 0], [0, 286, 771, 817, 15, 713, 724, 803, 330, 0], [0, 70, 32, 677, 221, 189, 111, 759, 887, 866, 762, 65, 820, 888, 323, 928, 914, 76, 717, 357, 462, 421, 30, 557, 786, 727, 971, 991, 299, 267, 33, 0]], [[0, 696, 756, 408, 860, 554, 334, 890, 437, 545, 133, 172, 319, 362, 309, 855, 600, 468, 476, 730, 256, 989, 100, 349, 151, 0], [0, 213, 926, 595, 197, 927, 856, 311, 77, 518, 526, 537, 683, 581, 78, 250, 101, 91, 474, 815, 379, 0], [0, 651, 258, 501, 588, 307, 410, 591, 602, 525, 970, 477, 414, 155, 376, 0]], [[0, 757, 321, 284, 634, 607, 570, 670, 848, 765, 712, 72, 572, 844, 9, 119, 687, 589, 99, 84, 190, 0], [0, 450, 535, 210, 279, 522, 846, 838, 457, 614, 807, 409, 948, 754, 877, 880, 67, 431, 236, 519, 925, 129, 0], [0, 394, 734, 905, 411, 761, 986, 655, 867, 184, 83, 386, 358, 577, 480, 262, 895, 777, 664, 954, 0]], [[0, 171, 818, 714, 170, 778, 630, 706, 984, 945, 195, 364, 976, 636, 864, 298, 39, 168, 652, 625, 674, 992, 907, 310, 894, 0], [0, 949, 931, 709, 354, 41, 27, 46, 140, 144, 911, 851, 597, 11, 808, 782, 500, 898, 412, 660, 834, 118, 0], [0, 663, 59, 482, 21, 5, 785, 54, 270, 598, 673, 707, 816, 697, 443, 16, 772, 640, 245, 755, 222, 599, 825, 75, 216, 767, 12, 93, 61, 247, 0]], [[0, 666, 479, 871, 447, 627, 999, 396, 341, 361, 731, 790, 315, 760, 884, 56, 606, 582, 138, 668, 488, 110, 430, 123, 182, 436, 0], [0, 384, 656, 806, 876, 194, 192, 413, 899, 211, 425, 946, 733, 391, 0], [0, 983, 973, 424, 326, 987, 960, 520, 176, 562, 352, 481, 452, 780, 873, 458, 661, 158, 824, 862, 387, 779, 403, 791, 0]], [[0, 432, 275, 938, 741, 417, 45, 768, 493, 609, 910, 667, 220, 285, 174, 821, 0], [0, 822, 950, 433, 593, 516, 796, 297, 139, 242, 489, 438, 95, 251, 541, 280, 125, 165, 722, 292, 146, 613, 720, 0], [0, 378, 797, 173, 244, 94, 552, 142, 788, 575, 302, 276, 291, 1000, 547, 546, 497, 204, 233, 339, 124, 87, 486, 715, 748, 763, 263, 444, 229, 747, 0]], [[0, 878, 902, 337, 227, 647, 896, 564, 96, 185, 90, 883, 205, 200, 624, 567, 690, 224, 644, 0], [0, 180, 985, 485, 131, 372, 988, 17, 71, 827, 700, 854, 605, 789, 637, 739, 532, 230, 740, 85, 239, 305, 0], [0, 766, 145, 903, 368, 196, 585, 68, 942, 440, 38, 356, 886, 961, 801, 507, 14, 219, 853, 590, 429, 0]], [[0, 669, 529, 265, 642, 188, 802, 0], [0, 269, 346, 932, 711, 303, 186, 944, 503, 774, 776, 924, 88, 423, 66, 397, 388, 0], [0, 865, 969, 53, 863, 490, 266, 353, 313, 169, 559, 496, 217, 542, 419, 842, 212, 705, 157, 329, 136, 721, 929, 900, 533, 0]], [[0, 527, 551, 671, 958, 869, 274, 454, 849, 799, 392, 735, 732, 814, 784, 729, 473, 982, 506, 446, 694, 967, 534, 650, 328, 331, 794, 0], [0, 47, 18, 693, 159, 259, 360, 48, 234, 58, 882, 350, 737, 160, 208, 402, 363, 389, 933, 344, 43, 36, 28, 805, 198, 809, 843, 0], [0, 214, 152, 812, 35, 404, 920, 540, 380, 874, 981, 113, 4, 555, 345, 115, 3, 968, 837, 649, 63, 872, 966, 117, 770, 381, 153, 252, 81, 0]]]","[[[0, 672, 909, 0], [0, 620, 395, 0], [0, 320, 0], [0, 560, 374, 0], [0, 370, 161, 0], [0, 912, 0], [0, 990, 0], [0, 561, 0], [0, 324, 917, 0], [0, 332, 0], [0, 512, 0], [0, 675, 0], [0, 314, 0], [0, 828, 0], [0, 359, 13, 0], [0, 841, 132, 0], [0, 504, 0], [0, 603, 0], [0, 643, 0], [0, 215, 0], [0, 688, 839, 0], [0, 517, 764, 0], [0, 441, 399, 0]], [[0, 641, 0], [0, 725, 0], [0, 951, 659, 0], [0, 296, 0], [0, 407, 681, 0]], [], [], [], [], [], [], [], [], [], [], [], [], []]","[14052.62032704048, 14050.1876870773, 14052.50009593432, 14048.594762436092, 14049.516140766234, 14047.571488562167, 14037.479698713545, 14049.874463455133, 14052.356294632367, 14051.065568937793, 14052.707470468451, 14033.405506561467, 14052.67226861068, 14043.850393445955, 14051.19238192741]","[13413.859109006795, 2482.430305470982, -0.0, -0.0, -0.0, -0.0, -0.0, -0.0, -0.0, -0.0, -0.0, -0.0, -0.0, -0.0, -0.0]",1400,2.27
1000.40.3,1000,15,15,endurance,high,high,3600,15.6464,700,31.2928,241.7085115,"[[[0, 795, 11, 597, 291, 276, 302, 575, 788, 142, 552, 94, 244, 173, 797, 479, 666, 898, 654, 412, 660, 834, 964, 383, 0], [0, 698, 820, 65, 762, 268, 422, 866, 887, 111, 221, 888, 323, 928, 914, 76, 351, 462, 421, 813, 366, 365, 523, 971, 561, 991, 299, 0], [0, 130, 701, 199, 318, 398, 695, 451, 626, 64, 257, 455, 622, 231, 818, 283, 162, 494, 996, 793, 509, 689, 990, 0]], [[0, 962, 301, 868, 691, 703, 808, 782, 500, 692, 228, 749, 164, 181, 977, 0], [0, 955, 373, 861, 746, 237, 819, 495, 361, 341, 396, 999, 627, 447, 871, 378, 488, 110, 430, 123, 182, 436, 384, 0], [0, 578, 478, 995, 226, 74, 481, 352, 562, 176, 520, 960, 424, 973, 54, 785, 5, 21, 75, 0]], [[0, 963, 979, 369, 25, 108, 530, 8, 536, 317, 930, 367, 31, 80, 52, 563, 92, 253, 639, 187, 151, 0], [0, 307, 865, 969, 53, 127, 863, 490, 266, 410, 591, 212, 705, 157, 997, 608, 704, 539, 308, 175, 375, 149, 218, 0], [0, 211, 899, 192, 413, 240, 845, 558, 731, 790, 315, 760, 884, 56, 606, 582, 138, 668, 194, 876, 806, 656, 0]], [[0, 992, 757, 321, 652, 284, 634, 570, 607, 848, 765, 712, 72, 670, 844, 9, 119, 687, 625, 674, 589, 310, 99, 894, 84, 33, 0], [0, 671, 958, 869, 274, 454, 849, 442, 810, 723, 10, 464, 831, 800, 147, 191, 852, 306, 405, 287, 904, 658, 44, 678, 466, 227, 272, 449, 638, 267, 0], [0, 931, 709, 27, 715, 486, 87, 546, 547, 1000, 851, 911, 144, 140, 46, 41, 354, 235, 949, 560, 0]], [[0, 766, 145, 903, 355, 23, 427, 792, 327, 55, 193, 425, 504, 241, 148, 441, 0], [0, 79, 587, 550, 611, 62, 86, 483, 646, 892, 203, 88, 423, 66, 397, 223, 50, 0], [0, 798, 956, 126, 826, 908, 98, 289, 743, 435, 657, 179, 134, 503, 293, 580, 774, 776, 924, 934, 939, 893, 492, 137, 574, 388, 0]], [[0, 166, 432, 275, 938, 741, 493, 768, 498, 648, 34, 234, 48, 159, 259, 360, 910, 609, 667, 220, 693, 18, 47, 0], [0, 822, 950, 459, 915, 612, 333, 586, 811, 556, 103, 290, 850, 73, 428, 114, 469, 143, 916, 510, 445, 773, 787, 420, 7, 167, 764, 0], [0, 832, 281, 514, 761, 986, 604, 460, 513, 891, 336, 959, 836, 682, 953, 867, 655, 184, 83, 386, 358, 577, 411, 905, 734, 394, 777, 664, 129, 954, 0]], [[0, 141, 989, 256, 730, 756, 600, 319, 593, 516, 796, 433, 362, 309, 855, 468, 476, 100, 349, 0], [0, 217, 496, 559, 169, 353, 313, 97, 993, 29, 542, 419, 842, 957, 158, 862, 154, 403, 791, 376, 0], [0, 85, 214, 152, 812, 35, 404, 920, 540, 380, 874, 981, 113, 345, 115, 3, 837, 649, 63, 872, 966, 117, 770, 381, 153, 252, 265, 81, 0]], [[0, 751, 499, 168, 39, 298, 864, 636, 976, 364, 195, 945, 984, 706, 630, 778, 170, 714, 171, 885, 19, 206, 300, 0], [0, 922, 348, 335, 833, 745, 685, 897, 635, 680, 49, 553, 325, 972, 629, 40, 543, 209, 261, 434, 248, 343, 943, 0], [0, 644, 224, 710, 26, 690, 551, 90, 564, 185, 96, 264, 937, 647, 896, 337, 878, 304, 0]], [[0, 925, 519, 431, 895, 262, 279, 210, 236, 0], [0, 750, 711, 303, 186, 944, 889, 338, 418, 121, 594, 109, 645, 726, 596, 232, 618, 662, 0], [0, 801, 961, 38, 585, 368, 196, 68, 942, 440, 426, 238, 135, 112, 356, 886, 507, 472, 393, 738, 881, 295, 679, 702, 312, 128, 0]], [[0, 105, 116, 565, 371, 980, 752, 390, 686, 463, 273, 571, 150, 975, 297, 139, 242, 489, 438, 133, 172, 890, 334, 860, 408, 15, 696, 0], [0, 613, 554, 437, 545, 95, 251, 541, 280, 125, 165, 722, 292, 146, 720, 713, 659, 0], [0, 650, 446, 982, 473, 729, 784, 814, 732, 735, 799, 392, 233, 339, 204, 497, 124, 506, 694, 967, 534, 328, 748, 763, 263, 444, 229, 747, 0]], [[0, 207, 584, 484, 913, 952, 429, 590, 853, 14, 544, 665, 219, 278, 163, 0], [0, 661, 458, 873, 347, 780, 452, 326, 987, 598, 270, 673, 707, 816, 697, 443, 16, 772, 640, 245, 755, 222, 599, 825, 216, 767, 12, 93, 61, 724, 247, 286, 0], [0, 13, 512, 794, 331, 567, 624, 200, 527, 205, 883, 921, 316, 288, 282, 902, 901, 568, 0], [0, 407, 461, 940, 699, 102, 225, 907, 573, 254, 579, 1, 246, 190, 0]], [[0, 58, 202, 271, 60, 758, 524, 401, 804, 491, 511, 106, 342, 631, 505, 728, 400, 936, 753, 45, 417, 285, 174, 821, 0], [0, 322, 719, 632, 781, 968, 555, 4, 51, 875, 616, 919, 107, 974, 829, 515, 258, 651, 642, 188, 802, 603, 0], [0, 533, 900, 104, 456, 929, 294, 623, 82, 501, 588, 525, 602, 329, 970, 477, 136, 721, 414, 471, 708, 0]], [[0, 669, 529, 621, 382, 935, 718, 633, 177, 569, 676, 716, 57, 156, 736, 416, 122, 0], [0, 465, 24, 965, 835, 531, 277, 269, 346, 932, 178, 858, 906, 840, 592, 918, 941, 769, 870, 508, 255, 823, 684, 742, 249, 470, 549, 0], [0, 213, 926, 572, 595, 197, 927, 856, 311, 77, 78, 250, 101, 91, 474, 815, 379, 681, 628, 0]], [[0, 522, 67, 480, 880, 877, 754, 948, 838, 409, 807, 614, 457, 37, 448, 487, 22, 653, 830, 846, 583, 502, 535, 450, 548, 320, 0], [0, 155, 475, 779, 387, 824, 983, 482, 59, 663, 817, 0], [0, 538, 42, 879, 978, 615, 601, 2, 528, 120, 847, 994, 619, 89, 340, 521, 783, 406, 439, 998, 744, 857, 775, 566, 946, 733, 391, 377, 399, 0]], [[0, 183, 453, 243, 415, 20, 617, 947, 610, 385, 6, 882, 350, 737, 160, 208, 402, 363, 389, 933, 344, 43, 36, 28, 805, 198, 809, 843, 0], [0, 201, 69, 717, 70, 32, 677, 189, 759, 518, 526, 537, 683, 581, 357, 30, 557, 786, 727, 0], [0, 180, 985, 485, 131, 372, 988, 17, 71, 827, 700, 854, 605, 789, 637, 739, 532, 230, 740, 239, 305, 688, 839, 0]]]","[[[0, 620, 395, 0], [0, 467, 0], [0, 672, 923, 0], [0, 324, 0], [0, 517, 841, 0], [0, 912, 0], [0, 725, 0], [0, 370, 161, 0], [0, 828, 0], [0, 332, 0], [0, 132, 0], [0, 675, 0], [0, 215, 0], [0, 296, 0], [0, 771, 0], [0, 314, 0], [0, 330, 951, 576, 0], [0, 909, 0], [0, 917, 118, 0], [0, 803, 0], [0, 359, 260, 374, 0], [0, 643, 0]], [[0, 859, 0]], [], [], [], [[0, 641, 0]], [], [], [], [], [], [], [], [], []]","[14501.981005922922, 14499.428774265893, 14500.980257263793, 14500.494769537745, 14493.686950464284, 14501.689880469581, 14489.33757186071, 14502.446930979382, 14502.51068754996, 14501.063813857774, 14497.316477982402, 14500.700049713245, 14499.925236392972, 14490.969505449648, 14501.692315051427]","[13064.015961625557, 379.34197251958784, -0.0, -0.0, -0.0, 681.3010626485086, -0.0, -0.0, -0.0, -0.0, -0.0, -0.0, -0.0, -0.0, -0.0]",1400,2.27
1000.40.3,1000,15,15,endurance,high,high,3600,15.6464,700,31.2928,237.9331271,"[[[0, 576, 549, 166, 470, 821, 174, 285, 18, 28, 36, 389, 933, 344, 43, 689, 701, 0], [0, 307, 410, 559, 169, 313, 353, 266, 490, 863, 53, 969, 865, 919, 107, 588, 501, 515, 258, 82, 623, 104, 533, 0], [0, 347, 995, 226, 97, 993, 29, 496, 217, 542, 419, 842, 478, 578, 957, 997, 608, 704, 539, 308, 154, 175, 375, 149, 218, 643, 471, 708, 0]], [[0, 453, 243, 415, 617, 20, 6, 524, 491, 511, 342, 106, 804, 401, 758, 60, 271, 202, 58, 234, 48, 159, 259, 360, 910, 609, 667, 47, 990, 0], [0, 972, 325, 553, 348, 49, 335, 833, 745, 685, 897, 635, 680, 44, 678, 466, 272, 449, 943, 0], [0, 300, 206, 996, 494, 162, 283, 231, 622, 455, 257, 64, 451, 102, 161, 0]], [[0, 509, 793, 885, 818, 630, 706, 984, 195, 364, 945, 626, 499, 751, 695, 398, 318, 199, 130, 0], [0, 213, 844, 572, 72, 712, 765, 848, 976, 636, 864, 298, 39, 168, 652, 321, 757, 907, 573, 254, 579, 1, 246, 33, 0], [0, 587, 550, 411, 577, 358, 386, 655, 184, 83, 754, 877, 880, 480, 262, 905, 734, 394, 0]], [[0, 153, 381, 152, 812, 35, 404, 920, 540, 380, 874, 981, 113, 345, 115, 3, 872, 966, 770, 117, 642, 188, 802, 0], [0, 693, 220, 363, 402, 208, 160, 737, 350, 882, 385, 610, 947, 778, 170, 714, 171, 183, 19, 805, 198, 809, 843, 0], [0, 417, 768, 753, 936, 400, 835, 277, 631, 505, 728, 34, 648, 498, 493, 741, 938, 275, 432, 0]], [[0, 989, 256, 730, 756, 600, 309, 822, 950, 297, 975, 150, 571, 273, 463, 686, 390, 371, 565, 116, 105, 100, 349, 696, 951, 0], [0, 926, 595, 197, 927, 856, 311, 77, 518, 526, 537, 683, 189, 221, 677, 32, 888, 70, 581, 78, 250, 101, 91, 474, 727, 971, 190, 628, 0], [0, 962, 235, 301, 868, 691, 703, 11, 788, 575, 302, 276, 291, 597, 795, 41, 354, 931, 949, 560, 747, 0]], [[0, 207, 584, 484, 913, 952, 429, 590, 219, 14, 544, 665, 55, 193, 278, 163, 0], [0, 21, 5, 785, 54, 326, 987, 960, 520, 176, 562, 352, 74, 481, 452, 780, 873, 158, 824, 862, 387, 779, 403, 475, 791, 376, 0], [0, 783, 327, 746, 538, 237, 819, 495, 361, 341, 396, 999, 627, 447, 871, 378, 488, 110, 430, 182, 436, 834, 0]], [[0, 829, 719, 974, 781, 616, 127, 875, 51, 4, 555, 968, 632, 837, 649, 63, 322, 651, 900, 0], [0, 123, 668, 138, 582, 606, 56, 884, 760, 315, 790, 731, 558, 845, 240, 192, 194, 876, 806, 656, 384, 118, 0], [0, 663, 59, 482, 661, 458, 424, 973, 983, 825, 75, 216, 767, 12, 93, 61, 247, 659, 0]], [[0, 840, 906, 858, 178, 711, 932, 346, 269, 531, 965, 24, 465, 592, 918, 870, 255, 823, 684, 742, 249, 0], [0, 79, 912, 664, 925, 519, 236, 450, 535, 210, 279, 522, 67, 895, 431, 777, 129, 954, 0], [0, 773, 445, 510, 916, 143, 469, 114, 428, 73, 850, 290, 103, 556, 811, 586, 333, 612, 915, 459, 752, 980, 563, 92, 253, 141, 0]], [[0, 45, 508, 941, 769, 798, 98, 289, 743, 435, 750, 657, 179, 134, 908, 826, 126, 956, 934, 939, 893, 492, 137, 574, 388, 0], [0, 853, 295, 881, 738, 507, 801, 886, 356, 426, 238, 135, 112, 472, 393, 679, 702, 312, 128, 420, 7, 167, 764, 0], [0, 456, 929, 294, 970, 525, 602, 591, 212, 705, 157, 329, 477, 136, 721, 414, 155, 0]], [[0, 461, 940, 699, 225, 992, 674, 625, 284, 634, 607, 570, 670, 9, 119, 687, 589, 310, 99, 894, 84, 0], [0, 111, 759, 887, 866, 422, 268, 762, 65, 820, 323, 698, 928, 914, 922, 629, 40, 543, 209, 261, 434, 248, 267, 0], [0, 379, 815, 786, 557, 30, 421, 462, 357, 717, 76, 351, 69, 201, 813, 366, 365, 523, 343, 0]], [[0, 529, 621, 935, 718, 988, 17, 71, 827, 700, 854, 789, 605, 214, 85, 252, 265, 81, 0], [0, 502, 583, 846, 830, 838, 948, 409, 807, 614, 457, 37, 448, 487, 22, 653, 633, 177, 569, 676, 716, 57, 156, 736, 416, 122, 669, 548, 672, 0], [0, 599, 222, 755, 245, 640, 16, 772, 270, 598, 673, 707, 816, 697, 443, 541, 251, 280, 125, 165, 722, 292, 146, 720, 286, 330, 0]], [[0, 328, 748, 27, 715, 486, 87, 124, 339, 233, 204, 497, 546, 547, 1000, 851, 911, 144, 140, 46, 709, 763, 263, 444, 229, 0], [0, 675, 239, 740, 230, 532, 739, 637, 372, 131, 485, 985, 382, 180, 305, 688, 0], [0, 847, 120, 23, 355, 528, 2, 601, 615, 978, 879, 42, 861, 373, 413, 899, 211, 946, 733, 391, 148, 0]], [[0, 710, 26, 551, 671, 958, 869, 274, 454, 799, 392, 735, 732, 814, 784, 729, 473, 982, 506, 446, 694, 967, 534, 650, 624, 567, 331, 794, 0], [0, 151, 187, 639, 52, 80, 31, 367, 930, 317, 536, 8, 530, 108, 25, 787, 369, 979, 963, 0], [0, 766, 961, 38, 440, 942, 68, 585, 196, 368, 903, 145, 427, 792, 994, 619, 89, 340, 521, 955, 406, 439, 998, 744, 857, 775, 566, 425, 241, 399, 0]], [[0, 304, 901, 282, 896, 264, 287, 904, 658, 937, 647, 227, 337, 902, 878, 0], [0, 121, 418, 338, 889, 944, 186, 303, 503, 293, 580, 774, 776, 924, 88, 423, 66, 397, 223, 0], [0, 476, 468, 855, 319, 362, 433, 593, 516, 796, 139, 242, 489, 438, 95, 545, 437, 133, 172, 890, 334, 554, 860, 408, 613, 15, 713, 724, 0]], [[0, 316, 288, 921, 564, 96, 405, 306, 852, 191, 147, 800, 831, 464, 10, 723, 810, 442, 849, 185, 90, 883, 205, 527, 200, 690, 224, 644, 0], [0, 203, 892, 596, 726, 645, 109, 594, 513, 891, 959, 836, 682, 953, 867, 336, 460, 604, 986, 761, 514, 281, 832, 646, 232, 483, 618, 86, 62, 611, 662, 0], [0, 964, 660, 412, 898, 666, 479, 797, 173, 244, 94, 552, 142, 808, 782, 500, 692, 654, 749, 228, 164, 181, 977, 841, 383, 0]]]","[[[0, 374, 603, 839, 0], [0, 561, 0], [0, 395, 0], [0, 332, 0], [0, 407, 370, 0], [0, 504, 0], [0, 132, 359, 0], [0, 923, 0], [0, 13, 568, 0], [0, 260, 441, 0], [0, 50, 467, 0], [0, 324, 917, 0], [0, 817, 0], [0, 803, 0], [0, 320, 0], [0, 725, 0], [0, 377, 0], [0, 314, 0], [0, 620, 0], [0, 517, 0], [0, 859, 0], [0, 991, 0], [0, 512, 0], [0, 641, 0]], [[0, 638, 681, 0], [0, 296, 0], [0, 299, 0], [0, 909, 0], [0, 828, 0], [0, 771, 0]], [], [], [], [], [], [[0, 215, 0]], [], [], [], [], [], [], []]","[14265.34359501948, 14275.987628569299, 14275.631680660275, 14275.868057287393, 14265.804795898239, 14266.858931444109, 14272.684331226044, 14259.006094403852, 14271.524690334933, 14275.934750445158, 14274.5700170536, 14272.430934251843, 14273.99065209333, 14258.797546313803, 14271.984067580808]","[13497.570338309322, 3318.4203543711187, -0.0, -0.0, -0.0, -0.0, -0.0, 661.0098632190403, -0.0, -0.0, -0.0, -0.0, -0.0, -0.0, -0.0]",1400,2.27
1000.40.4,1000,15,15,endurance,high,high,3600,15.6464,700,31.2928,236.5035478,"[[[0, 636, 701, 717, 387, 582, 277, 958, 782, 991, 733, 23, 118, 48, 977, 818, 174, 102, 481, 506, 815, 199, 616, 382, 141, 319, 27, 864, 623, 837, 942, 0], [0, 908, 436, 331, 751, 632, 281, 86, 718, 85, 105, 443, 50, 948, 976, 205, 843, 639, 300, 563, 352, 644, 354, 0], [0, 206, 541, 253, 502, 335, 656, 262, 922, 578, 884, 861, 870, 816, 4, 142, 899, 457, 0]], [[0, 413, 530, 430, 108, 840, 140, 25, 257, 115, 453, 231, 961, 619, 577, 106, 833, 208, 803, 919, 731, 0], [0, 973, 28, 75, 797, 74, 445, 645, 584, 670, 8, 425, 236, 386, 828, 927, 291, 666, 0], [0, 528, 485, 567, 688, 597, 69, 240, 590, 594, 749, 549, 933, 834, 968, 36, 22, 130, 463, 67, 58, 548, 762, 500, 713, 0]], [[0, 529, 814, 79, 836, 310, 756, 420, 483, 669, 779, 770, 417, 985, 467, 665, 515, 820, 640, 630, 243, 698, 83, 60, 40, 0], [0, 897, 110, 980, 215, 544, 451, 343, 675, 638, 999, 10, 156, 998, 786, 334, 392, 125, 967, 353, 342, 0], [0, 248, 96, 622, 689, 579, 850, 309, 161, 191, 440, 625, 129, 551, 212, 981, 879, 57, 376, 0]], [[0, 214, 37, 910, 819, 127, 858, 970, 346, 196, 543, 960, 155, 569, 232, 750, 159, 104, 250, 438, 519, 863, 0], [0, 411, 654, 909, 480, 324, 47, 468, 15, 730, 761, 763, 904, 295, 89, 493, 428, 77, 556, 197, 952, 561, 993, 348, 286, 0], [0, 168, 377, 97, 719, 764, 447, 827, 687, 344, 388, 414, 308, 891, 580, 592, 31, 323, 275, 81, 586, 99, 497, 627, 745, 184, 355, 333, 221, 194, 136, 446, 972, 509, 0]], [[0, 877, 200, 278, 607, 490, 547, 871, 576, 363, 264, 95, 489, 261, 439, 753, 68, 229, 472, 581, 854, 332, 157, 812, 0], [0, 379, 513, 416, 703, 715, 269, 537, 596, 553, 832, 459, 151, 471, 327, 754, 785, 994, 227, 974, 953, 238, 550, 78, 628, 712, 0], [0, 390, 150, 109, 46, 135, 787, 260, 866, 424, 65, 944, 365, 898, 913, 788, 631, 318, 987, 120, 888, 617, 42, 209, 517, 368, 242, 0]], [[0, 306, 59, 173, 621, 588, 943, 321, 901, 634, 282, 476, 175, 241, 956, 811, 629, 43, 914, 124, 940, 188, 793, 171, 525, 0], [0, 732, 765, 668, 17, 702, 767, 605, 307, 906, 603, 122, 613, 571, 61, 322, 983, 49, 720, 347, 222, 0], [0, 233, 423, 311, 437, 589, 121, 931, 781, 328, 330, 378, 796, 111, 728, 692, 145, 595, 107, 359, 721, 93, 0]], [[0, 522, 838, 682, 492, 618, 646, 401, 294, 602, 637, 614, 568, 427, 951, 964, 312, 758, 881, 204, 0], [0, 776, 878, 76, 817, 170, 21, 831, 558, 186, 938, 610, 389, 911, 574, 169, 373, 921, 808, 699, 930, 929, 0], [0, 456, 520, 949, 202, 651, 244, 101, 804, 601, 941, 285, 358, 158, 598, 600, 830, 293, 94, 672, 409, 0]], [[0, 33, 799, 394, 865, 744, 923, 704, 267, 126, 249, 265, 536, 777, 653, 20, 546, 813, 146, 305, 52, 210, 301, 0], [0, 297, 469, 676, 795, 273, 659, 0], [0, 954, 859, 805, 609, 178, 137, 802, 900, 340, 739, 128, 239, 526, 53, 538, 534, 533, 203, 72, 403, 772, 649, 117, 228, 503, 470, 847, 565, 892, 0]], [[0, 134, 13, 989, 841, 918, 12, 56, 280, 707, 119, 735, 431, 374, 963, 339, 35, 686, 370, 757, 829, 855, 247, 0], [0, 844, 662, 54, 123, 70, 552, 706, 383, 464, 406, 176, 375, 798, 326, 664, 912, 986, 192, 965, 116, 783, 0], [0, 7, 926, 380, 979, 955, 29, 532, 716, 562, 889, 147, 724, 599, 405, 766, 162, 642, 0]], [[0, 144, 693, 349, 466, 935, 304, 92, 760, 886, 741, 336, 789, 484, 399, 663, 487, 928, 460, 778, 62, 131, 984, 448, 0], [0, 182, 372, 219, 727, 905, 809, 883, 842, 559, 572, 41, 407, 190, 648, 810, 743, 251, 0], [0, 263, 361, 880, 64, 736, 132, 44, 992, 103, 426, 860, 997, 685, 684, 697, 748, 705, 0]], [[0, 479, 853, 527, 794, 611, 679, 690, 298, 916, 946, 680, 19, 539, 996, 223, 709, 0], [0, 726, 100, 226, 887, 917, 839, 875, 189, 30, 885, 800, 237, 564, 876, 302, 957, 824, 234, 341, 752, 673, 246, 521, 71, 217, 491, 0], [0, 371, 920, 635, 873, 80, 988, 356, 290, 982, 907, 153, 894, 498, 681, 641, 708, 874, 195, 177, 0]], [[0, 139, 211, 501, 395, 738, 299, 975, 18, 643, 38, 284, 950, 381, 245, 660, 995, 16, 220, 45, 0], [0, 661, 508, 932, 268, 482, 734, 677, 518, 667, 862, 674, 422, 962, 167, 276, 364, 495, 172, 0], [0, 34, 671, 357, 185, 397, 872, 230, 867, 486, 1000, 849, 496, 455, 412, 978, 254, 608, 113, 0]], [[0, 774, 393, 84, 91, 98, 773, 9, 775, 542, 55, 835, 112, 391, 695, 947, 966, 652, 790, 742, 555, 138, 475, 856, 505, 0], [0, 3, 398, 570, 39, 133, 384, 473, 288, 465, 737, 612, 545, 314, 418, 0], [0, 149, 432, 258, 252, 287, 87, 755, 477, 624, 524, 510, 1, 272, 657, 806, 647, 366, 216, 255, 114, 329, 410, 557, 385, 0]], [[0, 633, 494, 792, 337, 606, 82, 433, 620, 499, 317, 441, 313, 350, 11, 26, 740, 700, 591, 554, 458, 24, 893, 759, 0], [0, 507, 201, 711, 351, 2, 746, 523, 283, 63, 934, 769, 6, 148, 73, 846, 890, 180, 152, 822, 0], [0, 575, 303, 650, 694, 915, 583, 478, 615, 160, 585, 722, 587, 895, 845, 823, 710, 274, 990, 714, 402, 450, 0]], [[0, 90, 658, 296, 678, 419, 449, 271, 514, 573, 434, 516, 535, 14, 959, 224, 181, 655, 444, 784, 780, 320, 936, 360, 821, 474, 198, 566, 193, 725, 852, 0], [0, 504, 256, 66, 971, 400, 32, 179, 560, 969, 429, 771, 225, 461, 270, 826, 316, 882, 165, 691, 868, 452, 0], [0, 857, 869, 207, 421, 143, 540, 825, 462, 154, 0]]]","[[[0, 362, 0], [0, 442, 696, 0], [0, 801, 0], [0, 51, 0], [0, 807, 593, 0], [0, 367, 531, 213, 0], [0, 292, 512, 0], [0, 902, 338, 0], [0, 259, 415, 0], [0, 166, 435, 0], [0, 396, 0], [0, 369, 0], [0, 848, 0], [0, 945, 729, 0], [0, 488, 896, 0], [0, 937, 925, 0], [0, 345, 0], [0, 325, 0], [0, 163, 0], [0, 266, 454, 0], [0, 187, 404, 0], [0, 768, 0], [0, 183, 0]], [[0, 235, 0], [0, 279, 0], [0, 683, 0], [0, 315, 0], [0, 164, 0], [0, 626, 0], [0, 791, 0], [0, 924, 0]], [], [[0, 747, 851, 0]], [[0, 903, 0]], [], [[0, 408, 511, 0], [0, 289, 0]], [], [[0, 939, 604, 5, 0], [0, 88, 0]], [], [], [], [[0, 218, 0]], [[0, 723, 0]], []]","[14185.994475431733, 14189.28477010247, 14190.196584155894, 14182.872037042343, 14188.806058136746, 14189.100546357171, 14188.289008768297, 14189.639011122283, 14182.307015892937, 14190.212867140326, 14184.31647903227, 14184.998477140723, 14187.656591508781, 14189.436080284353, 14189.28009015433]","[13365.83732533482, 4141.715347911961, -0.0, 589.5107104744749, 677.4777748032052, -0.0, 1074.7792889929137, -0.0, 1054.5501061713342, -0.0, -0.0, -0.0, 665.5880191306591, 692.954778121362, -0.0]",1400,2.27
1000.40.4,1000,15,15,endurance,high,high,3600,15.6464,700,31.2928,234.1264465,"[[[0, 184, 745, 627, 497, 99, 586, 81, 275, 323, 31, 592, 44, 736, 132, 414, 308, 580, 891, 637, 602, 294, 316, 868, 807, 367, 0], [0, 457, 495, 364, 276, 34, 671, 324, 468, 397, 185, 357, 167, 142, 899, 172, 206, 0], [0, 668, 17, 800, 702, 767, 605, 307, 906, 603, 122, 613, 571, 322, 983, 49, 649, 720, 347, 503, 470, 222, 71, 217, 924, 491, 0]], [[0, 942, 157, 505, 877, 278, 607, 475, 490, 854, 996, 539, 223, 642, 436, 908, 644, 0], [0, 461, 225, 771, 429, 969, 560, 179, 32, 400, 971, 66, 256, 388, 270, 427, 568, 614, 826, 401, 646, 618, 165, 522, 0], [0, 13, 989, 841, 918, 12, 56, 280, 707, 119, 735, 431, 374, 963, 537, 596, 553, 339, 703, 416, 35, 513, 686, 370, 757, 106, 829, 208, 803, 0]], [[0, 27, 319, 141, 382, 616, 144, 693, 466, 349, 460, 778, 174, 102, 481, 506, 815, 199, 62, 131, 984, 448, 0], [0, 926, 751, 380, 979, 955, 532, 29, 794, 611, 85, 718, 86, 527, 281, 632, 853, 479, 843, 639, 300, 563, 352, 418, 0], [0, 471, 832, 688, 597, 69, 240, 590, 594, 749, 549, 933, 567, 485, 528, 459, 151, 994, 855, 247, 919, 0]], [[0, 937, 893, 545, 494, 700, 591, 554, 458, 24, 0], [0, 935, 304, 92, 760, 886, 741, 636, 701, 717, 55, 835, 112, 391, 489, 95, 363, 576, 871, 547, 0], [0, 987, 318, 631, 788, 260, 866, 424, 913, 898, 65, 944, 365, 265, 536, 215, 777, 653, 980, 110, 20, 546, 888, 617, 42, 305, 52, 967, 342, 0]], [[0, 999, 638, 704, 923, 744, 865, 394, 799, 33, 959, 224, 181, 63, 934, 320, 6, 73, 846, 890, 180, 279, 0], [0, 128, 739, 340, 900, 802, 137, 178, 609, 805, 859, 954, 239, 526, 53, 344, 504, 827, 447, 764, 951, 377, 168, 882, 691, 847, 0], [0, 659, 164, 332, 200, 837, 623, 864, 273, 469, 297, 0]], [[0, 236, 245, 381, 38, 738, 135, 787, 299, 975, 18, 643, 284, 950, 425, 8, 670, 584, 645, 828, 927, 220, 666, 0], [0, 205, 976, 105, 443, 50, 948, 350, 313, 441, 317, 499, 620, 351, 523, 769, 148, 152, 945, 0], [0, 248, 385, 557, 456, 595, 520, 949, 651, 216, 255, 647, 366, 804, 101, 111, 728, 692, 107, 0]], [[0, 981, 212, 159, 104, 551, 191, 440, 129, 625, 1, 510, 524, 624, 657, 272, 806, 161, 309, 850, 114, 410, 329, 579, 689, 622, 96, 879, 57, 376, 0], [0, 327, 36, 968, 819, 127, 834, 858, 970, 346, 196, 543, 960, 155, 569, 232, 750, 250, 438, 214, 500, 0], [0, 683, 863, 519, 548, 762, 58, 67, 463, 130, 37, 910, 22, 785, 754, 379, 227, 974, 953, 238, 550, 78, 628, 0]], [[0, 392, 897, 334, 786, 544, 451, 343, 249, 675, 126, 267, 10, 156, 998, 655, 444, 784, 780, 125, 813, 146, 210, 301, 0], [0, 708, 641, 920, 635, 681, 498, 894, 153, 988, 356, 290, 982, 840, 907, 108, 430, 413, 874, 195, 177, 369, 0], [0, 844, 662, 54, 123, 814, 79, 836, 310, 756, 420, 383, 706, 552, 70, 192, 965, 83, 116, 40, 0]], [[0, 41, 559, 842, 23, 733, 991, 782, 776, 883, 809, 905, 727, 810, 743, 251, 768, 0], [0, 19, 680, 946, 916, 298, 690, 753, 439, 261, 679, 724, 147, 889, 562, 716, 599, 405, 766, 162, 331, 7, 0], [0, 973, 28, 75, 797, 74, 445, 598, 149, 285, 941, 600, 830, 378, 796, 781, 931, 121, 589, 437, 311, 423, 0]], [[0, 925, 972, 446, 194, 221, 838, 682, 492, 355, 333, 452, 783, 0], [0, 186, 558, 831, 878, 76, 21, 170, 817, 958, 277, 582, 387, 336, 789, 484, 399, 663, 487, 928, 118, 48, 977, 818, 572, 407, 190, 648, 795, 676, 512, 0], [0, 2, 746, 658, 678, 419, 449, 271, 514, 573, 434, 516, 535, 14, 296, 90, 283, 936, 360, 198, 821, 474, 566, 193, 725, 852, 0]], [[0, 654, 909, 480, 47, 15, 496, 455, 761, 730, 412, 978, 254, 608, 113, 411, 0], [0, 575, 630, 303, 650, 640, 820, 515, 665, 467, 915, 694, 615, 160, 585, 722, 587, 80, 895, 845, 873, 823, 710, 371, 274, 990, 714, 402, 0], [0, 306, 59, 610, 943, 938, 321, 901, 634, 282, 476, 175, 588, 621, 173, 389, 911, 574, 169, 373, 921, 219, 372, 182, 699, 0]], [[0, 672, 328, 330, 94, 293, 158, 358, 432, 258, 252, 287, 87, 755, 477, 601, 244, 202, 145, 359, 721, 0], [0, 253, 816, 870, 861, 884, 482, 734, 677, 518, 667, 862, 674, 268, 932, 422, 962, 508, 4, 661, 541, 696, 0], [0, 525, 793, 502, 335, 656, 578, 262, 922, 811, 241, 956, 629, 43, 914, 124, 940, 188, 171, 808, 851, 929, 0]], [[0, 521, 857, 246, 673, 752, 341, 824, 234, 957, 302, 876, 732, 765, 237, 564, 875, 839, 917, 887, 226, 100, 869, 726, 143, 540, 825, 462, 0], [0, 398, 570, 39, 133, 737, 465, 384, 473, 288, 201, 711, 606, 433, 82, 11, 26, 740, 337, 792, 507, 612, 633, 314, 0], [0, 912, 326, 375, 798, 464, 406, 483, 176, 669, 779, 770, 478, 583, 417, 985, 664, 986, 243, 698, 0]], [[0, 530, 453, 115, 257, 140, 25, 134, 269, 715, 231, 961, 619, 577, 833, 51, 0], [0, 705, 748, 529, 263, 361, 880, 64, 992, 103, 426, 860, 997, 685, 684, 697, 136, 509, 0], [0, 881, 964, 97, 719, 687, 534, 538, 61, 533, 203, 72, 403, 772, 312, 758, 117, 228, 0]], [[0, 872, 230, 867, 486, 1000, 849, 763, 904, 295, 89, 493, 77, 428, 885, 30, 189, 556, 197, 952, 561, 993, 207, 421, 348, 286, 0], [0, 242, 368, 517, 209, 139, 120, 211, 501, 395, 46, 109, 150, 390, 386, 660, 995, 16, 291, 45, 409, 0], [0, 581, 472, 229, 68, 264, 966, 947, 695, 775, 542, 9, 773, 98, 91, 84, 393, 652, 774, 790, 742, 555, 138, 812, 0]]]","[[[0, 626, 0], [0, 822, 259, 0], [0, 593, 396, 0], [0, 354, 435, 0], [0, 163, 404, 0], [0, 204, 531, 454, 0], [0, 362, 902, 0], [0, 747, 0], [0, 791, 0], [0, 5, 93, 0], [0, 801, 0], [0, 488, 712, 0], [0, 930, 0], [0, 353, 0], [0, 315, 0], [0, 939, 896, 0], [0, 338, 604, 0], [0, 903, 0], [0, 289, 0], [0, 218, 0], [0, 266, 442, 0], [0, 450, 0], [0, 723, 0], [0, 3, 0], [0, 235, 213, 0]], [[0, 233, 0], [0, 154, 0], [0, 729, 292, 0], [0, 408, 345, 0], [0, 88, 0], [0, 187, 0], [0, 709, 0], [0, 848, 0], [0, 565, 892, 0], [0, 731, 0], [0, 415, 0], [0, 511, 0], [0, 759, 856, 0], [0, 325, 0], [0, 60, 0], [0, 713, 0], [0, 166, 0]], [], [], [], [], [], [[0, 183, 0]], [], [], [], [], [], [], []]","[14042.65647075657, 14046.633169683937, 14041.042140473546, 14045.977435115574, 13993.172006669894, 14034.435850285125, 14038.864924747413, 14033.669685469327, 14041.820174248423, 14002.177378441971, 14013.276878419245, 14043.57964085989, 14047.586791596328, 14045.136356003615, 14046.313815257901]","[13725.321953629591, 8791.292094645405, -0.0, -0.0, -0.0, -0.0, -0.0, 473.11720734026534, -0.0, -0.0, -0.0, -0.0, -0.0, -0.0, -0.0]",1400,2.27
1000.40.4,1000,15,15,endurance,high,high,3600,15.6464,700,31.2928,235.2971733,"[[[0, 419, 449, 271, 394, 799, 865, 744, 923, 638, 999, 10, 156, 998, 444, 784, 780, 320, 936, 360, 821, 474, 198, 566, 193, 725, 353, 0], [0, 705, 748, 529, 685, 997, 263, 361, 880, 64, 420, 756, 310, 836, 79, 814, 123, 54, 662, 844, 408, 40, 0], [0, 436, 642, 223, 996, 539, 19, 680, 946, 916, 298, 690, 229, 472, 581, 547, 854, 200, 877, 0]], [[0, 591, 700, 792, 337, 740, 26, 350, 11, 82, 606, 351, 2, 746, 523, 769, 133, 148, 846, 180, 152, 822, 0], [0, 345, 672, 437, 589, 121, 931, 328, 378, 830, 600, 796, 781, 692, 311, 423, 0], [0, 963, 374, 431, 735, 119, 707, 280, 56, 12, 918, 841, 989, 13, 134, 269, 715, 231, 961, 619, 577, 833, 51, 0]], [[0, 567, 688, 597, 933, 549, 749, 594, 590, 240, 69, 537, 596, 553, 339, 703, 416, 35, 513, 686, 379, 370, 757, 106, 829, 208, 803, 919, 338, 0], [0, 354, 729, 644, 314, 893, 545, 633, 507, 612, 494, 554, 458, 24, 563, 352, 418, 0], [0, 205, 976, 105, 443, 50, 948, 313, 441, 317, 499, 620, 433, 711, 201, 288, 473, 384, 465, 737, 39, 570, 398, 3, 0]], [[0, 696, 154, 462, 825, 857, 540, 143, 421, 608, 113, 348, 286, 0], [0, 215, 544, 451, 343, 249, 704, 267, 126, 675, 786, 334, 110, 897, 392, 125, 813, 305, 52, 967, 279, 0], [0, 128, 739, 340, 900, 802, 137, 178, 609, 805, 859, 954, 239, 526, 53, 687, 447, 764, 719, 97, 377, 168, 758, 117, 470, 925, 213, 0]], [[0, 972, 446, 136, 194, 333, 697, 684, 586, 81, 275, 323, 31, 592, 414, 308, 580, 891, 99, 497, 627, 745, 184, 355, 492, 682, 838, 221, 522, 807, 0], [0, 330, 94, 293, 598, 158, 358, 941, 755, 87, 287, 252, 258, 432, 285, 149, 425, 8, 670, 584, 645, 445, 74, 797, 75, 409, 0], [0, 728, 111, 101, 601, 477, 624, 657, 806, 272, 524, 510, 1, 625, 129, 440, 191, 551, 104, 212, 438, 214, 519, 863, 713, 0]], [[0, 226, 824, 957, 302, 876, 732, 765, 668, 17, 702, 767, 605, 613, 571, 322, 983, 49, 649, 720, 347, 228, 503, 222, 924, 0], [0, 726, 100, 887, 917, 839, 189, 30, 885, 800, 237, 564, 875, 234, 341, 752, 673, 246, 521, 71, 217, 235, 0], [0, 364, 34, 671, 468, 872, 230, 867, 486, 1000, 849, 496, 455, 412, 978, 254, 411, 0]], [[0, 300, 639, 843, 479, 853, 751, 380, 979, 955, 29, 532, 716, 562, 889, 147, 724, 599, 405, 766, 162, 331, 926, 908, 659, 0], [0, 980, 653, 631, 788, 777, 536, 265, 365, 944, 65, 898, 913, 424, 866, 260, 787, 135, 46, 109, 150, 390, 660, 995, 16, 291, 666, 45, 259, 0], [0, 4, 508, 932, 268, 482, 677, 734, 922, 262, 578, 884, 861, 870, 816, 253, 661, 541, 206, 0]], [[0, 953, 974, 754, 327, 471, 151, 459, 832, 528, 485, 834, 127, 968, 36, 785, 994, 227, 238, 855, 247, 0], [0, 312, 772, 72, 533, 61, 122, 307, 906, 603, 538, 534, 203, 403, 964, 881, 847, 0], [0, 869, 207, 993, 561, 952, 197, 556, 77, 428, 493, 89, 295, 904, 763, 761, 730, 15, 47, 324, 480, 909, 654, 266, 0]], [[0, 457, 495, 276, 167, 357, 185, 397, 667, 862, 518, 674, 422, 962, 142, 899, 172, 0], [0, 363, 264, 966, 947, 95, 489, 391, 112, 835, 695, 91, 84, 393, 652, 774, 790, 742, 555, 138, 475, 490, 607, 278, 332, 157, 0], [0, 211, 987, 318, 501, 395, 738, 299, 975, 18, 643, 38, 284, 950, 381, 245, 236, 386, 828, 927, 28, 220, 973, 0]], [[0, 530, 453, 115, 840, 257, 140, 25, 982, 290, 356, 907, 108, 430, 413, 195, 177, 369, 0], [0, 389, 173, 621, 588, 282, 901, 321, 634, 476, 175, 241, 956, 811, 629, 43, 911, 574, 169, 373, 921, 929, 0], [0, 721, 359, 107, 145, 202, 651, 216, 244, 804, 366, 647, 161, 309, 850, 255, 114, 410, 949, 520, 595, 456, 557, 385, 362, 0]], [[0, 376, 57, 879, 96, 622, 689, 579, 329, 248, 0], [0, 776, 991, 782, 958, 817, 170, 21, 76, 878, 831, 558, 186, 938, 943, 610, 59, 306, 219, 372, 851, 0], [0, 283, 90, 658, 296, 678, 516, 434, 514, 573, 33, 535, 14, 959, 224, 655, 181, 63, 934, 6, 73, 890, 0]], [[0, 951, 827, 344, 179, 560, 32, 969, 429, 400, 971, 66, 256, 504, 427, 568, 614, 294, 882, 367, 0], [0, 273, 27, 448, 984, 131, 62, 616, 199, 815, 506, 481, 102, 174, 778, 818, 977, 48, 118, 842, 559, 572, 41, 407, 190, 648, 795, 676, 315, 0], [0, 274, 371, 710, 823, 920, 635, 873, 845, 895, 80, 160, 585, 722, 587, 988, 153, 894, 498, 681, 641, 708, 874, 402, 450, 0]], [[0, 301, 210, 146, 546, 20, 120, 139, 888, 617, 42, 209, 517, 368, 242, 0], [0, 460, 928, 487, 23, 663, 399, 484, 789, 336, 387, 582, 277, 733, 883, 809, 905, 727, 810, 743, 251, 0], [0, 860, 426, 103, 992, 44, 132, 736, 771, 225, 461, 388, 270, 826, 637, 602, 316, 401, 646, 618, 165, 691, 868, 452, 0]], [[0, 981, 250, 159, 750, 232, 569, 155, 960, 543, 196, 346, 858, 970, 819, 910, 37, 22, 130, 463, 67, 58, 762, 548, 550, 78, 500, 683, 0], [0, 930, 182, 699, 808, 171, 188, 940, 124, 914, 656, 335, 502, 793, 525, 747, 0], [0, 98, 773, 9, 775, 542, 55, 717, 701, 636, 886, 741, 760, 92, 304, 935, 466, 349, 693, 144, 382, 141, 319, 864, 623, 837, 812, 0]], [[0, 83, 698, 243, 630, 640, 820, 515, 665, 467, 915, 417, 478, 583, 615, 694, 650, 303, 575, 990, 714, 0], [0, 70, 552, 706, 798, 375, 464, 383, 483, 406, 176, 669, 779, 770, 985, 326, 664, 912, 986, 192, 965, 116, 60, 0], [0, 871, 576, 68, 753, 439, 261, 679, 611, 794, 85, 718, 86, 527, 281, 632, 7, 0]]]","[[[0, 783, 801, 0], [0, 396, 204, 0], [0, 892, 163, 942, 0], [0, 442, 0], [0, 565, 759, 0], [0, 856, 0], [0, 93, 488, 712, 0], [0, 852, 0], [0, 709, 0], [0, 491, 292, 0], [0, 5, 0], [0, 903, 0], [0, 469, 0], [0, 233, 0], [0, 604, 0], [0, 297, 0], [0, 187, 0], [0, 937, 435, 0], [0, 791, 0], [0, 404, 0], [0, 939, 0], [0, 945, 342, 166, 0], [0, 511, 0], [0, 325, 0]], [[0, 289, 0], [0, 415, 0], [0, 628, 0], [0, 164, 0], [0, 593, 454, 0], [0, 88, 0], [0, 509, 531, 0], [0, 848, 0], [0, 731, 0], [0, 723, 0], [0, 183, 0], [0, 896, 0], [0, 505, 0], [0, 512, 0], [0, 768, 0]], [], [], [], [], [], [], [[0, 218, 0], [0, 626, 0]], [], [], [[0, 902, 0]], [], [], []]","[14116.971566586264, 14115.253940408518, 14113.98477244232, 14101.084913714923, 14113.487582027814, 14116.335049089663, 14115.87529412777, 14117.020501651921, 14117.768048597733, 14114.263879846256, 14116.86165141606, 14117.830395341998, 14117.715719423511, 14117.103737399235, 14116.199739548618]","[14074.456570754863, 8094.45075941345, -0.0, -0.0, -0.0, -0.0, -0.0, -0.0, 1289.8566936204536, -0.0, -0.0, 618.4108554656324, -0.0, -0.0, -0.0]",1400,2.27
12.10.1,12,1,1,endurance,high,high,3600,15.6464,700,31.2928,27.83094972,"[[[0, 5, 10, 6, 8, 4, 0]]]","[[[0, 7, 3, 11, 0], [0, 12, 2, 0], [0, 1, 9, 0]]]",[1590.2262605843703],[1669.8569829807207],1400,2.27
12.10.1,12,1,1,endurance,high,high,3600,15.6464,700,31.2928,27.83094972,"[[[0, 10, 6, 8, 4, 5, 0]]]","[[[0, 1, 9, 0], [0, 11, 3, 7, 0], [0, 2, 12, 0]]]",[1591.636252623059],[1669.8569829807204],1400,2.27
12.10.1,12,1,1,endurance,high,high,3600,15.6464,700,31.2928,27.83094972,"[[[0, 5, 10, 6, 8, 4, 0]]]","[[[0, 7, 3, 11, 0], [0, 2, 12, 0], [0, 9, 1, 0]]]",[1590.2262605843703],[1669.8569829807207],1400,2.27
12.10.1,12,1,1,endurance,high,high,3600,15.6464,700,31.2928,27.83094972,"[[[0, 10, 6, 8, 4, 5, 0]]]","[[[0, 7, 3, 11, 0], [0, 12, 2, 0], [0, 1, 9, 0]]]",[1591.636252623059],[1669.8569829807207],1400,2.27
12.10.1,12,1,1,endurance,high,high,3600,15.6464,700,31.2928,27.83094972,"[[[0, 4, 8, 6, 10, 5, 0]]]","[[[0, 12, 2, 0], [0, 7, 3, 11, 0], [0, 9, 1, 0]]]",[1590.22626058437],[1669.8569829807207],1400,2.27
12.10.2,12,1,1,endurance,high,high,3600,15.6464,700,31.2928,27.84853735,"[[[0, 12, 7, 1, 3, 11, 0]]]","[[[0, 4, 0], [0, 9, 6, 5, 0], [0, 8, 10, 2, 0]]]",[1578.0440189350584],[1670.9122410598097],1400,2.27
12.10.2,12,1,1,endurance,high,high,3600,15.6464,700,31.2928,27.84853735,"[[[0, 3, 11, 1, 7, 12, 0]]]","[[[0, 5, 6, 9, 0], [0, 8, 10, 2, 0], [0, 4, 0]]]",[1623.4794669853356],[1670.9122410598097],1400,2.27
12.10.2,12,1,1,endurance,high,high,3600,15.6464,700,31.2928,27.84853735,"[[[0, 1, 11, 3, 7, 12, 0]]]","[[[0, 4, 0], [0, 2, 10, 8, 0], [0, 9, 6, 5, 0]]]",[1622.6567882079628],[1670.9122410598097],1400,2.27
12.10.2,12,1,1,endurance,high,high,3600,15.6464,700,31.2928,27.84853735,"[[[0, 3, 11, 1, 7, 12, 0]]]","[[[0, 2, 10, 8, 0], [0, 5, 6, 9, 0], [0, 4, 0]]]",[1623.4794669853356],[1670.9122410598097],1400,2.27
12.10.2,12,1,1,endurance,high,high,3600,15.6464,700,31.2928,27.84853735,"[[[0, 1, 11, 3, 7, 12, 0]]]","[[[0, 4, 0], [0, 2, 10, 8, 0], [0, 9, 6, 5, 0]]]",[1622.6567882079628],[1670.9122410598097],1400,2.27
12.10.3,12,1,1,endurance,high,high,3600,15.6464,700,31.2928,29.80818822,"[[[0, 7, 6, 3, 2, 0]]]","[[[0, 11, 4, 9, 0], [0, 12, 8, 1, 0], [0, 5, 10, 0]]]",[1783.6117299251619],[1788.491293002548],1400,2.27
12.10.3,12,1,1,endurance,high,high,3600,15.6464,700,31.2928,29.80818822,"[[[0, 7, 6, 3, 2, 0]]]","[[[0, 11, 4, 9, 0], [0, 5, 10, 0], [0, 12, 8, 1, 0]]]",[1783.6117299251619],[1788.491293002548],1400,2.27
12.10.3,12,1,1,endurance,high,high,3600,15.6464,700,31.2928,29.80818822,"[[[0, 2, 3, 6, 7, 0]]]","[[[0, 11, 4, 9, 0], [0, 5, 10, 0], [0, 1, 8, 12, 0]]]",[1783.6117299251616],[1788.4912930025478],1400,2.27
12.10.3,12,1,1,endurance,high,high,3600,15.6464,700,31.2928,29.80818822,"[[[0, 7, 6, 3, 2, 0]]]","[[[0, 11, 4, 9, 0], [0, 10, 5, 0], [0, 1, 8, 12, 0]]]",[1783.6117299251619],[1788.4912930025478],1400,2.27
12.10.3,12,1,1,endurance,high,high,3600,15.6464,700,31.2928,29.80818822,"[[[0, 2, 3, 6, 7, 0]]]","[[[0, 11, 4, 9, 0], [0, 5, 10, 0], [0, 1, 8, 12, 0]]]",[1783.6117299251616],[1788.4912930025478],1400,2.27
12.10.4,12,1,1,endurance,high,high,3600,15.6464,700,31.2928,28.66597175,"[[[0, 12, 8, 2, 9, 10, 0]]]","[[[0, 5, 4, 0], [0, 3, 6, 0], [0, 11, 1, 7, 0]]]",[1659.855033410045],[1719.9583049917032],1400,2.27
12.10.4,12,1,1,endurance,high,high,3600,15.6464,700,31.2928,28.66597175,"[[[0, 12, 8, 9, 2, 10, 0]]]","[[[0, 5, 4, 0], [0, 11, 1, 7, 0], [0, 6, 3, 0]]]",[1598.6511297643458],[1719.958304991703],1400,2.27
12.10.4,12,1,1,endurance,high,high,3600,15.6464,700,31.2928,28.66597175,"[[[0, 12, 8, 2, 9, 10, 0]]]","[[[0, 7, 1, 11, 0], [0, 4, 5, 0], [0, 3, 6, 0]]]",[1659.855033410045],[1719.958304991703],1400,2.27
12.10.4,12,1,1,endurance,high,high,3600,15.6464,700,31.2928,28.66597175,"[[[0, 12, 8, 9, 2, 10, 0]]]","[[[0, 3, 6, 0], [0, 4, 5, 0], [0, 7, 1, 11, 0]]]",[1598.6511297643458],[1719.9583049917032],1400,2.27
12.10.4,12,1,1,endurance,high,high,3600,15.6464,700,31.2928,28.66597175,"[[[0, 12, 8, 2, 9, 10, 0]]]","[[[0, 11, 1, 7, 0], [0, 5, 4, 0], [0, 6, 3, 0]]]",[1659.855033410045],[1719.958304991703],1400,2.27
12.20.1,12,1,1,endurance,high,high,3600,15.6464,700,31.2928,137.3437017,"[[[0, 9, 6, 10, 12, 0], [0, 4, 11, 7, 2, 0]]]","[[[0, 1, 0], [0, 8, 5, 0], [0, 3, 0]]]",[8240.622101600888],[1685.2562009225867],1400,2.27
12.20.1,12,1,1,endurance,high,high,3600,15.6464,700,31.2928,137.3437017,"[[[0, 12, 10, 6, 9, 0], [0, 4, 11, 7, 2, 0]]]","[[[0, 8, 5, 0], [0, 3, 0], [0, 1, 0]]]",[8240.622101600888],[1685.2562009225867],1400,2.27
12.20.1,12,1,1,endurance,high,high,3600,15.6464,700,31.2928,137.3437017,"[[[0, 2, 7, 11, 4, 0], [0, 9, 6, 10, 12, 0]]]","[[[0, 5, 8, 0], [0, 1, 0], [0, 3, 0]]]",[8240.622101600888],[1685.2562009225867],1400,2.27
12.20.1,12,1,1,endurance,high,high,3600,15.6464,700,31.2928,137.3437017,"[[[0, 12, 10, 6, 9, 0], [0, 4, 11, 7, 2, 0]]]","[[[0, 5, 1, 0], [0, 8, 3, 0]]]",[8240.622101600888],[1222.7354730589618],1400,2.27
12.20.1,12,1,1,endurance,high,high,3600,15.6464,700,31.2928,137.3437017,"[[[0, 12, 10, 6, 9, 0], [0, 2, 7, 11, 4, 0]]]","[[[0, 5, 1, 0], [0, 3, 8, 0]]]",[8240.622101600888],[1222.735473058962],1400,2.27
12.20.2,12,1,1,endurance,high,high,3600,15.6464,700,31.2928,143.5848485,"[[[0, 8, 7, 3, 9, 0], [0, 1, 4, 2, 12, 5, 11, 0]]]","[[[0, 6, 0], [0, 10, 0]]]",[8615.090910921224],[1162.1860187677848],1400,2.27
12.20.2,12,1,1,endurance,high,high,3600,15.6464,700,31.2928,143.5848485,"[[[0, 9, 3, 7, 8, 0], [0, 1, 4, 2, 12, 5, 11, 0]]]","[[[0, 6, 0], [0, 10, 0]]]",[8615.090910921224],[1162.1860187677848],1400,2.27
12.20.2,12,1,1,endurance,high,high,3600,15.6464,700,31.2928,143.5848485,"[[[0, 8, 7, 3, 9, 0], [0, 1, 4, 2, 12, 5, 11, 0]]]","[[[0, 6, 0], [0, 10, 0]]]",[8615.090910921224],[1162.1860187677848],1400,2.27
12.20.2,12,1,1,endurance,high,high,3600,15.6464,700,31.2928,143.5848485,"[[[0, 9, 3, 7, 8, 0], [0, 1, 4, 2, 12, 5, 11, 0]]]","[[[0, 6, 0], [0, 10, 0]]]",[8615.090910921224],[1162.1860187677848],1400,2.27
12.20.2,12,1,1,endurance,high,high,3600,15.6464,700,31.2928,143.5848485,"[[[0, 9, 3, 7, 8, 0], [0, 1, 4, 2, 12, 5, 11, 0]]]","[[[0, 6, 0], [0, 10, 0]]]",[8615.090910921224],[1162.1860187677848],1400,2.27
12.20.3,12,1,1,endurance,high,high,3600,15.6464,700,31.2928,99.56716239,"[[[0, 7, 4, 5, 0], [0, 3, 11, 9, 8, 0]]]","[[[0, 2, 0], [0, 10, 1, 0], [0, 12, 6, 0]]]",[5974.02974337627],[1653.0410068209635],1400,2.27
12.20.3,12,1,1,endurance,high,high,3600,15.6464,700,31.2928,99.56716239,"[[[0, 8, 9, 11, 3, 0], [0, 5, 4, 7, 0]]]","[[[0, 2, 0], [0, 10, 0], [0, 6, 12, 0], [0, 1, 0]]]",[5974.02974337627],[2010.9373557526874],1400,2.27
12.20.3,12,1,1,endurance,high,high,3600,15.6464,700,31.2928,99.56716239,"[[[0, 5, 4, 7, 0], [0, 3, 11, 9, 8, 0]]]","[[[0, 2, 0], [0, 10, 1, 0], [0, 6, 12, 0]]]",[5974.02974337627],[1653.0410068209635],1400,2.27
12.20.3,12,1,1,endurance,high,high,3600,15.6464,700,31.2928,99.56716239,"[[[0, 7, 4, 5, 0], [0, 3, 11, 9, 8, 0]]]","[[[0, 2, 0], [0, 10, 1, 0], [0, 6, 12, 0]]]",[5974.02974337627],[1653.0410068209635],1400,2.27
12.20.3,12,1,1,endurance,high,high,3600,15.6464,700,31.2928,99.56716239,"[[[0, 8, 9, 11, 3, 0], [0, 5, 4, 7, 0]]]","[[[0, 2, 0], [0, 10, 1, 0], [0, 6, 12, 0]]]",[5974.02974337627],[1653.0410068209635],1400,2.27
12.20.4,12,1,1,endurance,high,high,3600,15.6464,700,31.2928,123.6332808,"[[[0, 2, 10, 5, 7, 11, 0], [0, 4, 1, 8, 6, 12, 0]]]","[[[0, 9, 3, 0]]]",[7417.996848485695],[432.370779838764],1400,2.27
12.20.4,12,1,1,endurance,high,high,3600,15.6464,700,31.2928,123.6332808,"[[[0, 12, 6, 8, 1, 4, 0], [0, 2, 10, 5, 7, 11, 0]]]","[[[0, 3, 9, 0]]]",[7417.9968484856945],[432.370779838764],1400,2.27
12.20.4,12,1,1,endurance,high,high,3600,15.6464,700,31.2928,123.6332808,"[[[0, 12, 6, 8, 1, 4, 0], [0, 11, 7, 5, 10, 2, 0]]]","[[[0, 9, 3, 0]]]",[7417.9968484856945],[432.370779838764],1400,2.27
12.20.4,12,1,1,endurance,high,high,3600,15.6464,700,31.2928,123.6332808,"[[[0, 12, 6, 8, 1, 4, 0], [0, 11, 7, 5, 10, 2, 0]]]","[[[0, 9, 3, 0]]]",[7417.9968484856945],[432.370779838764],1400,2.27
12.20.4,12,1,1,endurance,high,high,3600,15.6464,700,31.2928,123.6332808,"[[[0, 11, 7, 5, 10, 2, 0], [0, 12, 6, 8, 1, 4, 0]]]","[[[0, 9, 3, 0]]]",[7417.9968484856945],[432.370779838764],1400,2.27
12.5.1,12,1,1,endurance,high,high,3600,15.6464,700,31.2928,12.04565727,"[[[0, 7, 6, 12, 4, 10, 0]]]","[[[0, 1, 8, 2, 3, 0], [0, 5, 11, 9, 0]]]",[722.7394361159835],[710.4959756611465],1400,2.27
12.5.1,12,1,1,endurance,high,high,3600,15.6464,700,31.2928,12.04565727,"[[[0, 10, 4, 12, 6, 7, 0]]]","[[[0, 1, 2, 8, 3, 0], [0, 5, 11, 9, 0]]]",[722.7394361159836],[702.3620868968108],1400,2.27
12.5.1,12,1,1,endurance,high,high,3600,15.6464,700,31.2928,12.04565727,"[[[0, 10, 4, 12, 6, 7, 0]]]","[[[0, 1, 8, 2, 3, 0], [0, 5, 11, 9, 0]]]",[722.7394361159836],[710.4959756611465],1400,2.27
12.5.1,12,1,1,endurance,high,high,3600,15.6464,700,31.2928,12.04565727,"[[[0, 10, 4, 12, 6, 7, 0]]]","[[[0, 3, 2, 8, 1, 0], [0, 5, 9, 11, 0]]]",[722.7394361159836],[721.2543002210753],1400,2.27
12.5.1,12,1,1,endurance,high,high,3600,15.6464,700,31.2928,12.04565727,"[[[0, 10, 4, 12, 6, 7, 0]]]","[[[0, 3, 8, 2, 1, 0], [0, 5, 11, 9, 0]]]",[722.7394361159836],[702.3620868968108],1400,2.27
12.5.2,12,1,1,endurance,high,high,3600,15.6464,700,31.2928,11.37601075,"[[[0, 3, 7, 12, 2, 4, 10, 0]]]","[[[0, 5, 1, 9, 11, 6, 8, 0]]]",[678.4112770908401],[682.5606451824856],1400,2.27
12.5.2,12,1,1,endurance,high,high,3600,15.6464,700,31.2928,11.37601075,"[[[0, 3, 7, 12, 2, 10, 4, 0]]]","[[[0, 5, 1, 9, 11, 6, 8, 0]]]",[671.9001148748358],[682.5606451824856],1400,2.27
12.5.2,12,1,1,endurance,high,high,3600,15.6464,700,31.2928,11.37601075,"[[[0, 4, 10, 2, 12, 7, 3, 0]]]","[[[0, 5, 1, 9, 11, 6, 8, 0]]]",[671.9001148748358],[682.5606451824856],1400,2.27
12.5.2,12,1,1,endurance,high,high,3600,15.6464,700,31.2928,11.37601075,"[[[0, 3, 7, 12, 2, 4, 10, 0]]]","[[[0, 8, 6, 11, 9, 1, 5, 0]]]",[678.4112770908401],[682.5606451824856],1400,2.27
12.5.2,12,1,1,endurance,high,high,3600,15.6464,700,31.2928,11.37601075,"[[[0, 4, 10, 2, 12, 7, 3, 0]]]","[[[0, 5, 1, 9, 11, 6, 8, 0]]]",[671.9001148748358],[682.5606451824856],1400,2.27
12.5.3,12,1,1,endurance,high,high,3600,15.6464,700,31.2928,16.85116379,"[[[0, 12, 10, 3, 4, 6, 7, 0]]]","[[[0, 2, 9, 1, 11, 0], [0, 5, 8, 0]]]",[1002.3354515127002],[1011.0698275268996],1400,2.27
12.5.3,12,1,1,endurance,high,high,3600,15.6464,700,31.2928,16.85116379,"[[[0, 10, 12, 3, 4, 6, 7, 0]]]","[[[0, 5, 8, 0], [0, 11, 1, 9, 2, 0]]]",[1008.4672351209846],[1011.0698275268996],1400,2.27
12.5.3,12,1,1,endurance,high,high,3600,15.6464,700,31.2928,16.85116379,"[[[0, 10, 12, 3, 4, 6, 7, 0]]]","[[[0, 11, 1, 9, 2, 0], [0, 5, 8, 0]]]",[1008.4672351209846],[1011.0698275268996],1400,2.27
12.5.3,12,1,1,endurance,high,high,3600,15.6464,700,31.2928,16.85116379,"[[[0, 7, 6, 4, 3, 12, 10, 0]]]","[[[0, 2, 9, 1, 11, 0], [0, 5, 8, 0]]]",[1008.4672351209846],[1011.0698275268996],1400,2.27
12.5.3,12,1,1,endurance,high,high,3600,15.6464,700,31.2928,16.85116379,"[[[0, 7, 6, 4, 3, 12, 10, 0]]]","[[[0, 2, 9, 1, 11, 0], [0, 8, 5, 0]]]",[1008.4672351209846],[1011.0698275268996],1400,2.27
12.5.4,12,1,1,endurance,high,high,3600,15.6464,700,31.2928,15.43036672,"[[[0, 1, 5, 10, 3, 4, 0]]]","[[[0, 12, 2, 7, 6, 0], [0, 11, 0], [0, 8, 9, 0]]]",[894.6040691375474],[925.8220031419719],1400,2.27
12.5.4,12,1,1,endurance,high,high,3600,15.6464,700,31.2928,15.43036672,"[[[0, 1, 5, 10, 3, 4, 0]]]","[[[0, 11, 0], [0, 6, 7, 2, 12, 0], [0, 9, 8, 0]]]",[894.6040691375474],[925.8220031419719],1400,2.27
12.5.4,12,1,1,endurance,high,high,3600,15.6464,700,31.2928,15.43036672,"[[[0, 1, 5, 10, 3, 4, 0]]]","[[[0, 11, 0], [0, 8, 9, 0], [0, 6, 7, 2, 12, 0]]]",[894.6040691375474],[925.822003141972],1400,2.27
12.5.4,12,1,1,endurance,high,high,3600,15.6464,700,31.2928,15.43036672,"[[[0, 1, 5, 10, 3, 4, 0]]]","[[[0, 8, 9, 0], [0, 6, 7, 2, 12, 0], [0, 11, 0]]]",[894.6040691375474],[925.8220031419719],1400,2.27
12.5.4,12,1,1,endurance,high,high,3600,15.6464,700,31.2928,15.43036672,"[[[0, 1, 5, 10, 3, 4, 0]]]","[[[0, 12, 2, 7, 6, 0], [0, 11, 0], [0, 8, 9, 0]]]",[894.6040691375474],[925.8220031419719],1400,2.27
20.10.1,20,2,2,endurance,high,high,3600,15.6464,700,31.2928,19.84486729,"[[[0, 20, 4, 14, 1, 8, 6, 0]], [[0, 16, 3, 11, 19, 0]]]","[[[0, 7, 10, 0], [0, 9, 0]], [[0, 17, 12, 18, 0], [0, 15, 13, 5, 2, 0]]]","[1140.5324237028524, 1187.6608383560615]","[1190.6920375792722, 1166.097279378437]",1400,2.27
20.10.1,20,2,2,endurance,high,high,3600,15.6464,700,31.2928,19.84486729,"[[[0, 20, 4, 14, 8, 1, 6, 0]], [[0, 16, 3, 11, 19, 0]]]","[[[0, 10, 7, 0], [0, 9, 0]], [[0, 2, 5, 13, 15, 0], [0, 18, 12, 17, 0]]]","[1166.2548117427423, 1187.6608383560615]","[1190.6920375792722, 1166.0972793784367]",1400,2.27
20.10.1,20,2,2,endurance,high,high,3600,15.6464,700,31.2928,19.84486729,"[[[0, 19, 11, 3, 16, 0]], [[0, 20, 6, 8, 14, 1, 4, 0]]]","[[[0, 9, 0], [0, 10, 7, 0]], [[0, 17, 12, 18, 0], [0, 2, 5, 15, 13, 0]]]","[1187.6608383560617, 1091.4377683454588]","[1190.6920375792722, 1175.8468303705104]",1400,2.27
20.10.1,20,2,2,endurance,high,high,3600,15.6464,700,31.2928,19.84486729,"[[[0, 20, 19, 3, 16, 0]], [[0, 11, 1, 14, 8, 6, 4, 0]]]","[[[0, 17, 12, 18, 0], [0, 2, 5, 13, 15, 0]], [[0, 9, 0], [0, 10, 7, 0]]]","[1152.708000320678, 1123.53584086328]","[1166.097279378437, 1190.6920375792722]",1400,2.27
20.10.1,20,2,2,endurance,high,high,3600,15.6464,700,31.2928,19.84486729,"[[[0, 16, 3, 11, 19, 0]], [[0, 4, 6, 14, 1, 8, 20, 0]]]","[[[0, 15, 13, 5, 2, 0], [0, 17, 12, 18, 0]], [[0, 9, 0], [0, 10, 7, 0]]]","[1187.6608383560615, 1147.2367320429357]","[1166.097279378437, 1190.6920375792722]",1400,2.27
20.10.2,20,2,2,endurance,high,high,3600,15.6464,700,31.2928,20.91007246,"[[[0, 11, 20, 2, 8, 0]], [[0, 13, 3, 10, 0]]]","[[[0, 6, 19, 0], [0, 9, 12, 17, 0]], [[0, 16, 4, 7, 18, 0], [0, 1, 5, 15, 0], [0, 14, 0]]]","[1236.320567560445, 1178.8379004712272]","[1173.7808700721437, 1254.6043475032363]",1400,2.27
20.10.2,20,2,2,endurance,high,high,3600,15.6464,700,31.2928,21.31496528,"[[[0, 6, 19, 1, 0]], [[0, 8, 2, 20, 11, 0]]]","[[[0, 10, 3, 0], [0, 17, 12, 9, 0]], [[0, 13, 0], [0, 16, 4, 7, 18, 0], [0, 15, 5, 14, 0]]]","[1278.8979170067232, 1236.320567560445]","[1268.6931343777678, 1227.03565135103]",1400,2.27
20.10.2,20,2,2,endurance,high,high,3600,15.6464,700,31.2928,20.91007246,"[[[0, 11, 20, 2, 8, 0]], [[0, 13, 10, 3, 0]]]","[[[0, 12, 9, 17, 0], [0, 19, 6, 0]], [[0, 14, 0], [0, 16, 4, 7, 18, 0], [0, 1, 5, 15, 0]]]","[1236.320567560445, 1208.5017611885191]","[1175.6141907774922, 1254.6043475032363]",1400,2.27
20.10.2,20,2,2,endurance,high,high,3600,15.6464,700,31.2928,20.91007246,"[[[0, 10, 3, 13, 0]], [[0, 8, 2, 20, 11, 0]]]","[[[0, 18, 7, 4, 16, 0], [0, 1, 5, 15, 0], [0, 14, 0]], [[0, 6, 19, 0], [0, 17, 12, 9, 0]]]","[1178.8379004712272, 1236.320567560445]","[1254.6043475032363, 1173.7808700721437]",1400,2.27
20.10.2,20,2,2,endurance,high,high,3600,15.6464,700,31.2928,20.91007246,"[[[0, 8, 2, 20, 11, 0]], [[0, 13, 3, 10, 0]]]","[[[0, 15, 5, 1, 0], [0, 18, 7, 4, 16, 0], [0, 14, 0]], [[0, 6, 19, 0], [0, 17, 12, 9, 0]]]","[1236.320567560445, 1178.8379004712272]","[1254.6043475032363, 1173.7808700721437]",1400,2.27
20.10.3,20,2,2,endurance,high,high,3600,15.6464,700,31.2928,20.10292435,"[[[0, 7, 19, 9, 0]], [[0, 15, 11, 13, 1, 0]]]","[[[0, 16, 2, 17, 3, 6, 10, 0], [0, 12, 5, 0]], [[0, 20, 8, 0], [0, 4, 14, 18, 0]]]","[1206.1754607013595, 1163.2529823000511]","[1198.5587093929453, 1098.9565777810199]",1400,2.27
20.10.3,20,2,2,endurance,high,high,3600,15.6464,700,31.2928,20.10292435,"[[[0, 4, 12, 5, 6, 10, 0]], [[0, 7, 19, 9, 0]]]","[[[0, 14, 18, 0], [0, 15, 8, 20, 1, 0]], [[0, 3, 17, 2, 16, 0], [0, 11, 13, 0]]]","[1165.6081481314313, 1206.1754607013595]","[1131.2182312031996, 1173.9629651785744]",1400,2.27
20.10.3,20,2,2,endurance,high,high,3600,15.6464,700,31.2928,20.10292435,"[[[0, 6, 5, 4, 0]], [[0, 9, 19, 7, 0]]]","[[[0, 12, 14, 18, 0], [0, 1, 20, 8, 0]], [[0, 10, 17, 3, 2, 16, 0], [0, 15, 13, 11, 0]]]","[1096.8322208765824, 1206.1754607013595]","[1160.8395782301072, 1182.6016929081054]",1400,2.27
20.10.3,20,2,2,endurance,high,high,3600,15.6464,700,31.2928,20.10292435,"[[[0, 12, 5, 6, 0]], [[0, 7, 19, 9, 0]]]","[[[0, 13, 11, 0], [0, 14, 18, 0]], [[0, 16, 2, 3, 17, 10, 4, 0], [0, 1, 20, 8, 15, 0]]]","[1088.565904283348, 1206.1754607013595]","[1175.915787537443, 1173.4617111835064]",1400,2.27
20.10.3,20,2,2,endurance,high,high,3600,15.6464,700,31.2928,20.10292435,"[[[0, 10, 6, 5, 12, 4, 0]], [[0, 9, 19, 7, 0]]]","[[[0, 15, 13, 11, 0], [0, 17, 3, 2, 16, 0]], [[0, 14, 18, 0], [0, 8, 20, 1, 0]]]","[1165.6081481314313, 1206.1754607013595]","[1178.2708894610082, 1106.3457703567387]",1400,2.27
20.10.4,20,2,2,endurance,high,high,3600,15.6464,700,31.2928,22.09757926,"[[[0, 7, 13, 11, 1, 5, 4, 16, 15, 0]], [[0, 6, 2, 8, 14, 0]]]","[[[0, 12, 18, 17, 0], [0, 9, 3, 20, 0]], [[0, 19, 0], [0, 10, 0]]]","[1288.3163722363752, 1109.7213620648074]","[1316.6843403821972, 1325.8547556895428]",1400,2.27
20.10.4,20,2,2,endurance,high,high,3600,15.6464,700,31.2928,22.09757926,"[[[0, 7, 6, 14, 8, 2, 0]], [[0, 1, 11, 5, 4, 16, 15, 13, 0]]]","[[[0, 12, 18, 17, 0], [0, 20, 3, 9, 0]], [[0, 19, 0], [0, 10, 0]]]","[1182.2799365737867, 1303.6818312371786]","[1316.6843403821972, 1325.8547556895428]",1400,2.27
20.10.4,20,2,2,endurance,high,high,3600,15.6464,700,31.2928,22.09757926,"[[[0, 6, 8, 2, 14, 0]], [[0, 15, 16, 4, 5, 1, 11, 13, 7, 0]]]","[[[0, 10, 0], [0, 19, 0]], [[0, 12, 17, 18, 0], [0, 20, 3, 9, 0]]]","[1173.173005170125, 1288.3163722363752]","[1325.8547556895428, 1311.3278478749944]",1400,2.27
20.10.4,20,2,2,endurance,high,high,3600,15.6464,700,31.2928,22.09757926,"[[[0, 13, 6, 14, 2, 8, 0]], [[0, 11, 1, 5, 4, 16, 15, 0]]]","[[[0, 7, 20, 3, 9, 0], [0, 18, 17, 12, 0]], [[0, 19, 0], [0, 10, 0]]]","[1289.5750847578167, 1204.4686061804293]","[1311.5405829280357, 1325.8547556895428]",1400,2.27
20.10.4,20,2,2,endurance,high,high,3600,15.6464,700,31.2928,22.09757926,"[[[0, 13, 11, 1, 5, 4, 16, 15, 0]], [[0, 6, 8, 2, 14, 0]]]","[[[0, 10, 0], [0, 19, 0]], [[0, 18, 17, 12, 0], [0, 7, 20, 3, 9, 0]]]","[1210.5005089039453, 1173.173005170125]","[1325.8547556895428, 1311.5405829280357]",1400,2.27
20.20.1,20,2,2,endurance,high,high,3600,15.6464,700,31.2928,72.93326921,"[[[0, 12, 18, 13, 20, 8, 14, 15, 0], [0, 7, 0]], [[0, 1, 17, 10, 16, 6, 11, 4, 3, 19, 0]]]","[[[0, 5, 0], [0, 2, 0], [0, 9, 0]], []]","[4232.009342982194, 4375.996152509832]","[1828.3457388072552, -0.0]",1400,2.27
20.20.1,20,2,2,endurance,high,high,3600,15.6464,700,31.2928,72.93326921,"[[[0, 1, 17, 10, 16, 6, 11, 4, 3, 19, 0]], [[0, 15, 14, 8, 20, 13, 18, 0], [0, 9, 7, 0]]]","[[[0, 5, 0]], [[0, 2, 0], [0, 12, 0]]]","[4375.996152509832, 4249.412705880151]","[696.9111564634144, 1143.4853075622157]",1400,2.27
20.20.1,20,2,2,endurance,high,high,3600,15.6464,700,31.2928,72.93326921,"[[[0, 19, 3, 4, 11, 6, 16, 10, 17, 1, 0]], [[0, 14, 8, 20, 13, 18, 0], [0, 7, 0]]]","[[[0, 5, 0], [0, 9, 0]], [[0, 12, 15, 0], [0, 2, 0]]]","[4375.996152509833, 4198.320512835725]","[1176.4596973581363, 1304.3219943114552]",1400,2.27
20.20.1,20,2,2,endurance,high,high,3600,15.6464,700,31.2928,72.93326921,"[[[0, 14, 20, 13, 18, 8, 0], [0, 7, 0]], [[0, 1, 17, 10, 16, 6, 11, 4, 3, 19, 0]]]","[[[0, 5, 0], [0, 12, 0], [0, 15, 0], [0, 9, 0]], [[0, 2, 0]]]","[4362.305680771435, 4375.996152509832]","[2312.1499583125114, 651.8860414491187]",1400,2.27
20.20.1,20,2,2,endurance,high,high,3600,15.6464,700,31.2928,72.93326921,"[[[0, 12, 15, 14, 8, 20, 13, 18, 0], [0, 7, 0]], [[0, 19, 3, 4, 11, 6, 16, 10, 17, 1, 0]]]","[[[0, 5, 0]], [[0, 2, 0], [0, 9, 0]]]","[4247.451602652766, 4375.996152509833]","[696.9111564634144, 1131.4345823438407]",1400,2.27
20.20.2,20,2,2,endurance,high,high,3600,15.6464,700,31.2928,67.35519778,"[[[0, 16, 18, 3, 11, 7, 14, 9, 0]], [[0, 12, 20, 15, 10, 6, 0]]]","[[[0, 5, 2, 19, 0], [0, 1, 4, 0], [0, 17, 0], [0, 8, 0], [0, 13, 0]], []]","[3934.2703822566223, 4041.311867006855]","[2995.3105652649274, -0.0]",1400,2.27
20.20.2,20,2,2,endurance,high,high,3600,15.6464,700,31.2928,67.35519778,"[[[0, 6, 10, 15, 20, 12, 0]], [[0, 1, 16, 18, 3, 11, 7, 14, 9, 0]]]","[[[0, 4, 19, 5, 2, 0], [0, 17, 8, 0], [0, 13, 0]], []]","[4041.311867006855, 3945.7162187478016]","[1929.4831832419436, -0.0]",1400,2.27
20.20.2,20,2,2,endurance,high,high,3600,15.6464,700,31.2928,67.35519778,"[[[0, 6, 10, 15, 20, 12, 0]], [[0, 16, 18, 3, 11, 7, 14, 9, 4, 0]]]","[[[0, 8, 0], [0, 1, 0], [0, 2, 0], [0, 5, 0], [0, 13, 0], [0, 17, 19, 0]], []]","[4041.311867006855, 4004.5605189117236]","[3458.2077431017974, -0.0]",1400,2.27
20.20.2,20,2,2,endurance,high,high,3600,15.6464,700,31.2928,67.35519778,"[[[0, 12, 20, 15, 10, 6, 0]], [[0, 9, 14, 7, 11, 3, 18, 16, 1, 19, 0]]]","[[[0, 13, 0], [0, 17, 0]], [[0, 8, 0], [0, 4, 2, 5, 0]]]","[4041.311867006855, 3973.6885575706374]","[1274.4393153713693, 1093.7023497796395]",1400,2.27
20.20.2,20,2,2,endurance,high,high,3600,15.6464,700,31.2928,67.35519778,"[[[0, 16, 18, 3, 11, 7, 14, 9, 0]], [[0, 6, 10, 15, 20, 12, 0]]]","[[[0, 13, 0], [0, 1, 0], [0, 5, 2, 19, 0]], [[0, 4, 17, 8, 0]]]","[3934.2703822566223, 4041.311867006855]","[1870.5230972965583, 681.5966086272643]",1400,2.27
20.20.3,20,2,2,endurance,high,high,3600,15.6464,700,31.2928,84.49425056,"[[[0, 4, 19, 6, 14, 15, 3, 8, 9, 12, 0]], [[0, 20, 16, 0], [0, 13, 5, 10, 2, 11, 0]]]","[[[0, 18, 7, 0]], [[0, 17, 0], [0, 1, 0]]]","[4712.550739856155, 5069.655033539804]","[573.4583488714319, 981.1934364157763]",1400,2.27
20.20.3,20,2,2,endurance,high,high,3600,15.6464,700,31.2928,84.49425056,"[[[0, 4, 19, 6, 14, 15, 3, 8, 9, 12, 0]], [[0, 16, 20, 0], [0, 11, 2, 10, 5, 13, 0]]]","[[[0, 18, 1, 0], [0, 17, 0], [0, 7, 0]], []]","[4712.550739856155, 5069.655033539804]","[1713.610106552929, -0.0]",1400,2.27
20.20.3,20,2,2,endurance,high,high,3600,15.6464,700,31.2928,84.49425056,"[[[0, 4, 19, 6, 14, 15, 3, 8, 9, 12, 0]], [[0, 13, 5, 10, 2, 11, 0], [0, 20, 16, 0]]]","[[[0, 18, 7, 0]], [[0, 17, 0], [0, 1, 0]]]","[4712.550739856155, 5069.655033539804]","[573.4583488714319, 981.1934364157763]",1400,2.27
20.20.3,20,2,2,endurance,high,high,3600,15.6464,700,31.2928,86.14155213,"[[[0, 4, 19, 6, 14, 15, 3, 8, 9, 12, 0]], [[0, 20, 16, 0], [0, 7, 13, 5, 10, 2, 11, 0]]]","[[[0, 1, 18, 0], [0, 17, 0]], []]","[4712.550739856155, 5168.493127671593]","[1162.8147452174342, -0.0]",1400,2.27
20.20.3,20,2,2,endurance,high,high,3600,15.6464,700,31.2928,84.49425056,"[[[0, 13, 5, 10, 2, 11, 0], [0, 16, 20, 0]], [[0, 4, 19, 6, 14, 15, 3, 8, 9, 12, 0]]]","[[[0, 17, 0], [0, 1, 18, 0], [0, 7, 0]], []]","[5069.655033539804, 4712.550739856155]","[1713.610106552929, -0.0]",1400,2.27
20.20.4,20,2,2,endurance,high,high,3600,15.6464,700,31.2928,72.85502423,"[[[0, 8, 5, 7, 15, 6, 19, 16, 12, 0]], [[0, 17, 11, 14, 2, 0]]]","[[[0, 1, 4, 0], [0, 13, 9, 0], [0, 3, 0], [0, 18, 20, 0], [0, 10, 0]], []]","[4370.352230891433, 4371.301453971331]","[3038.1783393171872, -0.0]",1400,2.27
20.20.4,20,2,2,endurance,high,high,3600,15.6464,700,31.2928,72.85502423,"[[[0, 8, 5, 7, 15, 6, 19, 16, 12, 0]], [[0, 2, 14, 11, 17, 0]]]","[[[0, 3, 0], [0, 4, 1, 0], [0, 10, 0]], [[0, 9, 0], [0, 20, 0], [0, 13, 18, 0]]]","[4370.352230891433, 4371.301453971331]","[1676.7023055445893, 1438.8640042325974]",1400,2.27
20.20.4,20,2,2,endurance,high,high,3600,15.6464,700,31.2928,72.85502423,"[[[0, 17, 11, 14, 2, 0]], [[0, 8, 5, 7, 15, 6, 19, 16, 12, 0]]]","[[[0, 3, 0], [0, 4, 1, 0], [0, 13, 9, 0], [0, 18, 10, 0], [0, 20, 0]], []]","[4371.301453971331, 4370.352230891433]","[3122.21656037, -0.0]",1400,2.27
20.20.4,20,2,2,endurance,high,high,3600,15.6464,700,31.2928,72.85502423,"[[[0, 17, 11, 14, 2, 0]], [[0, 8, 5, 7, 15, 6, 19, 16, 12, 0]]]","[[[0, 3, 0], [0, 4, 1, 0], [0, 18, 10, 13, 0], [0, 9, 0], [0, 20, 0]], []]","[4371.301453971331, 4370.352230891433]","[3176.323134538178, -0.0]",1400,2.27
20.20.4,20,2,2,endurance,high,high,3600,15.6464,700,31.2928,72.85502423,"[[[0, 17, 11, 14, 2, 0]], [[0, 8, 5, 7, 15, 6, 19, 16, 12, 0]]]","[[[0, 13, 9, 0], [0, 4, 1, 0], [0, 18, 10, 0], [0, 3, 0], [0, 20, 0]], []]","[4371.301453971331, 4370.352230891433]","[3122.2165603700005, -0.0]",1400,2.27
20.5.1,20,2,2,endurance,high,high,3600,15.6464,700,31.2928,10.43339696,"[[[0, 17, 6, 13, 20, 0]], [[0, 11, 18, 10, 1, 9, 0]]]","[[[0, 2, 4, 8, 14, 0], [0, 12, 0]], [[0, 19, 15, 0], [0, 7, 5, 3, 16, 0]]]","[624.9425617414187, 626.0038177239053]","[623.5709752544943, 614.3789524247005]",1400,2.27
20.5.1,20,2,2,endurance,high,high,3600,15.6464,700,31.2928,10.43339696,"[[[0, 9, 1, 10, 18, 11, 0]], [[0, 20, 6, 17, 0]]]","[[[0, 7, 5, 3, 16, 0], [0, 19, 15, 0]], [[0, 4, 2, 8, 14, 13, 0], [0, 12, 0]]]","[626.0038177239053, 612.944534183637]","[614.3789524247005, 596.6080437818734]",1400,2.27
20.5.1,20,2,2,endurance,high,high,3600,15.6464,700,31.2928,10.43339696,"[[[0, 17, 6, 20, 0]], [[0, 11, 18, 10, 1, 9, 0]]]","[[[0, 16, 3, 5, 7, 0], [0, 19, 15, 0]], [[0, 13, 14, 8, 2, 4, 0], [0, 12, 0]]]","[612.9445341836368, 626.0038177239053]","[614.3789524247005, 596.6080437818734]",1400,2.27
20.5.1,20,2,2,endurance,high,high,3600,15.6464,700,31.2928,10.43339696,"[[[0, 20, 13, 6, 17, 0]], [[0, 11, 18, 10, 1, 9, 0]]]","[[[0, 16, 3, 5, 7, 0], [0, 19, 15, 0]], [[0, 14, 8, 4, 2, 0], [0, 12, 0]]]","[624.9425617414187, 626.0038177239053]","[614.3789524247005, 623.5709752544943]",1400,2.27
20.5.1,20,2,2,endurance,high,high,3600,15.6464,700,31.2928,10.44357425,"[[[0, 18, 10, 1, 9, 12, 0]], [[0, 17, 6, 13, 20, 0]]]","[[[0, 7, 3, 5, 2, 4, 0], [0, 19, 16, 0]], [[0, 15, 11, 0], [0, 14, 8, 0]]]","[626.6144547983874, 624.9425617414187]","[625.0901103606616, 620.7025288559023]",1400,2.27
20.5.2,20,2,2,endurance,high,high,3600,15.6464,700,31.2928,11.86600445,"[[[0, 7, 12, 18, 0]], [[0, 1, 17, 4, 20, 0]]]","[[[0, 10, 14, 16, 3, 0], [0, 15, 19, 0]], [[0, 13, 8, 9, 0], [0, 11, 5, 6, 2, 0]]]","[711.9602671858845, 701.6214265985254]","[705.6255386133737, 701.181319536171]",1400,2.27
20.5.2,20,2,2,endurance,high,high,3600,15.6464,700,31.2928,11.86600445,"[[[0, 1, 17, 20, 4, 0]], [[0, 7, 12, 18, 0]]]","[[[0, 2, 6, 5, 11, 0], [0, 8, 9, 13, 0]], [[0, 15, 19, 0], [0, 10, 14, 3, 16, 0]]]","[656.3366118935758, 711.9602671858845]","[701.1409044516121, 674.1196974637893]",1400,2.27
20.5.2,20,2,2,endurance,high,high,3600,15.6464,700,31.2928,11.86844971,"[[[0, 18, 15, 12, 7, 0]], [[0, 20, 4, 17, 1, 0]]]","[[[0, 16, 3, 14, 10, 0], [0, 19, 11, 0]], [[0, 5, 6, 2, 0], [0, 8, 9, 13, 0]]]","[712.1069823768553, 701.6214265985253]","[682.0756066699207, 609.5143878891816]",1400,2.27
20.5.2,20,2,2,endurance,high,high,3600,15.6464,700,31.2928,11.86600445,"[[[0, 18, 12, 7, 0]], [[0, 1, 17, 20, 4, 5, 0]]]","[[[0, 16, 3, 14, 10, 0], [0, 19, 15, 0]], [[0, 11, 6, 2, 0], [0, 9, 8, 13, 0]]]","[711.9602671858845, 663.1438940316079]","[674.1196974637893, 695.2650865410137]",1400,2.27
20.5.2,20,2,2,endurance,high,high,3600,15.6464,700,31.2928,11.86844971,"[[[0, 18, 15, 12, 7, 0]], [[0, 5, 4, 20, 17, 1, 0]]]","[[[0, 11, 6, 2, 0], [0, 13, 8, 9, 0]], [[0, 19, 10, 0], [0, 14, 16, 3, 0]]]","[712.1069823768553, 663.1438940316079]","[695.2650865410137, 633.3184540821271]",1400,2.27
20.5.3,20,2,2,endurance,high,high,3600,15.6464,700,31.2928,8.330205206,"[[[0, 18, 6, 1, 4, 12, 11, 16, 0]], [[0, 20, 7, 14, 0]]]","[[[0, 13, 10, 17, 2, 0]], [[0, 15, 5, 9, 8, 3, 0], [0, 19, 0]]]","[471.25147107941547, 499.81231236662194]","[424.6830027435992, 480.26025043071974]",1400,2.27
20.5.3,20,2,2,endurance,high,high,3600,15.6464,700,31.2928,8.330205206,"[[[0, 16, 11, 12, 4, 1, 6, 18, 0]], [[0, 14, 7, 20, 0]]]","[[[0, 13, 10, 17, 2, 0]], [[0, 3, 8, 9, 5, 15, 0], [0, 19, 0]]]","[471.2514710794155, 499.81231236662194]","[424.6830027435992, 480.26025043071974]",1400,2.27
20.5.3,20,2,2,endurance,high,high,3600,15.6464,700,31.2928,8.330205206,"[[[0, 14, 7, 20, 0]], [[0, 18, 6, 1, 4, 12, 11, 16, 0]]]","[[[0, 2, 17, 13, 10, 0]], [[0, 3, 8, 9, 5, 15, 0], [0, 19, 0]]]","[499.81231236662194, 471.25147107941547]","[422.16190688433426, 480.26025043071974]",1400,2.27
20.5.3,20,2,2,endurance,high,high,3600,15.6464,700,31.2928,8.330205206,"[[[0, 14, 7, 20, 0]], [[0, 16, 11, 12, 4, 1, 6, 18, 0]]]","[[[0, 15, 5, 9, 8, 3, 0], [0, 19, 0]], [[0, 2, 17, 13, 10, 0]]]","[499.81231236662194, 471.2514710794155]","[480.26025043071974, 422.16190688433426]",1400,2.27
20.5.3,20,2,2,endurance,high,high,3600,15.6464,700,31.2928,8.330205206,"[[[0, 20, 7, 14, 0]], [[0, 18, 6, 1, 4, 12, 11, 16, 0]]]","[[[0, 13, 10, 17, 2, 0]], [[0, 15, 5, 9, 8, 3, 0], [0, 19, 0]]]","[499.81231236662194, 471.25147107941547]","[424.6830027435992, 480.26025043071974]",1400,2.27
20.5.4,20,2,2,endurance,high,high,3600,15.6464,700,31.2928,8.639403363,"[[[0, 1, 12, 18, 10, 17, 8, 0]], [[0, 15, 14, 9, 4, 0]]]","[[[0, 7, 2, 3, 13, 5, 20, 0]], [[0, 16, 11, 0], [0, 19, 6, 0]]]","[499.42474181026586, 482.96428266216805]","[518.364201763161, 517.0551937484013]",1400,2.27
20.5.4,20,2,2,endurance,high,high,3600,15.6464,700,31.2928,8.639403363,"[[[0, 8, 17, 10, 18, 12, 1, 0]], [[0, 19, 14, 15, 0]]]","[[[0, 4, 9, 0], [0, 6, 11, 16, 0]], [[0, 20, 5, 13, 3, 2, 7, 0]]]","[499.42474181026586, 510.09040246144303]","[500.78217820570717, 518.3642017631608]",1400,2.27
20.5.4,20,2,2,endurance,high,high,3600,15.6464,700,31.2928,8.639403363,"[[[0, 14, 15, 9, 4, 0]], [[0, 8, 17, 10, 18, 12, 1, 0]]]","[[[0, 6, 19, 0], [0, 16, 11, 0]], [[0, 20, 5, 13, 3, 2, 7, 0]]]","[510.6583715120847, 499.42474181026586]","[517.0551937484013, 518.3642017631608]",1400,2.27
20.5.4,20,2,2,endurance,high,high,3600,15.6464,700,31.2928,8.639403363,"[[[0, 1, 12, 18, 10, 17, 8, 0]], [[0, 15, 14, 9, 4, 0]]]","[[[0, 7, 2, 3, 13, 5, 20, 0]], [[0, 16, 11, 0], [0, 19, 6, 0]]]","[499.42474181026586, 482.96428266216805]","[518.364201763161, 517.0551937484013]",1400,2.27
20.5.4,20,2,2,endurance,high,high,3600,15.6464,700,31.2928,8.639403363,"[[[0, 1, 12, 18, 10, 17, 8, 0]], [[0, 15, 14, 4, 9, 0]]]","[[[0, 7, 2, 3, 13, 5, 20, 0]], [[0, 16, 11, 0], [0, 6, 19, 0]]]","[499.42474181026586, 490.48560379024667]","[518.364201763161, 517.0551937484013]",1400,2.27
200.10.1,200,10,4,endurance,high,high,3600,15.6464,700,31.2928,24.0623974,"[[[0, 15, 154, 120, 163, 125, 115, 59, 87, 186, 142, 70, 162, 108, 109, 131, 0]], [[0, 89, 83, 124, 147, 34, 69, 102, 22, 137, 13, 63, 165, 127, 24, 90, 80, 0]], [[0, 132, 114, 113, 188, 43, 128, 74, 82, 96, 88, 158, 135, 199, 145, 62, 0]], [[0, 140, 1, 67, 187, 36, 164, 26, 116, 100, 75, 46, 18, 0]], [[0, 194, 166, 196, 148, 181, 157, 2, 41, 39, 44, 58, 151, 14, 3, 195, 0]], [[0, 161, 129, 155, 25, 184, 94, 149, 98, 45, 37, 55, 4, 150, 57, 68, 169, 0]], [[0, 86, 178, 190, 176, 152, 167, 139, 73, 30, 78, 122, 111, 9, 168, 33, 134, 197, 126, 50, 105, 0]], [[0, 47, 136, 20, 79, 156, 97, 92, 159, 123, 121, 189, 182, 175, 117, 130, 81, 0]], [[0, 38, 56, 118, 72, 6, 27, 133, 12, 192, 91, 141, 107, 17, 76, 104, 28, 160, 95, 11, 51, 171, 0]], [[0, 173, 146, 179, 60, 143, 49, 52, 198, 65, 101, 7, 10, 112, 54, 19, 16, 177, 0]]]","[[[0, 200, 191, 0], [0, 8, 48, 40, 103, 61, 0], [0, 21, 180, 0]], [[0, 119, 32, 5, 0], [0, 29, 144, 0], [0, 185, 0]], [[0, 193, 110, 23, 77, 84, 0], [0, 99, 66, 106, 0]], [[0, 153, 42, 31, 35, 0], [0, 172, 174, 53, 85, 64, 183, 0], [0, 71, 93, 170, 138, 0]]]","[1440.7943390776602, 1387.8899726416164, 1443.743843767042, 1443.037631498412, 1429.432693055402, 1429.5654886383004, 1442.8610065436987, 1418.7144741381796, 1425.6213667158906, 1442.3661539976224]","[1408.3553557464172, 1280.4426323322766, 1375.5420435409615, 1438.7365476514378]",1400,2.27
200.10.1,200,10,4,endurance,high,high,3600,15.6464,700,31.2928,24.0623974,"[[[0, 62, 145, 199, 135, 158, 88, 96, 82, 74, 128, 43, 188, 113, 114, 132, 0]], [[0, 105, 183, 84, 126, 197, 134, 110, 33, 168, 9, 111, 122, 78, 30, 73, 139, 167, 152, 176, 190, 29, 178, 86, 0]], [[0, 140, 1, 67, 187, 36, 164, 26, 116, 100, 75, 46, 18, 0]], [[0, 47, 136, 20, 156, 79, 97, 92, 159, 123, 121, 189, 34, 147, 124, 83, 89, 0]], [[0, 80, 90, 24, 69, 102, 13, 137, 22, 170, 138, 93, 71, 117, 175, 130, 81, 0]], [[0, 161, 195, 173, 3, 151, 58, 44, 39, 41, 2, 157, 181, 196, 148, 166, 194, 0]], [[0, 131, 109, 108, 162, 4, 48, 184, 37, 45, 98, 149, 94, 155, 169, 153, 129, 0]], [[0, 14, 146, 179, 60, 143, 49, 52, 198, 65, 101, 115, 59, 125, 163, 120, 16, 177, 154, 0]], [[0, 56, 72, 27, 133, 12, 192, 91, 141, 107, 17, 76, 104, 28, 160, 193, 95, 6, 11, 21, 51, 171, 0]], [[0, 15, 19, 54, 87, 10, 7, 99, 186, 142, 70, 150, 57, 68, 0]]]","[[[0, 185, 0], [0, 8, 112, 66, 106, 0], [0, 144, 31, 0]], [[0, 191, 200, 0], [0, 42, 55, 25, 35, 0], [0, 172, 53, 180, 38, 0]], [[0, 118, 23, 77, 64, 0], [0, 174, 40, 103, 61, 0]], [[0, 127, 63, 165, 182, 0], [0, 50, 85, 0], [0, 32, 119, 5, 0]]]","[1443.743843767042, 1440.8442972229516, 1443.037631498412, 1432.0338557547373, 1443.3964669707032, 1431.6692236913595, 1438.1025856024232, 1433.7375530909453, 1442.7625752968097, 1438.840091911744]","[1428.835217670269, 1366.7701939020278, 1370.7634197170332, 1439.6564555506336]",1400,2.27
200.10.1,200,10,4,endurance,high,high,3600,15.6464,700,31.2928,24.10062133,"[[[0, 105, 178, 29, 190, 176, 167, 139, 152, 191, 73, 30, 78, 122, 111, 9, 168, 77, 33, 197, 126, 21, 171, 180, 0]], [[0, 195, 3, 14, 5, 32, 119, 44, 39, 41, 2, 157, 181, 127, 24, 80, 83, 0]], [[0, 151, 58, 166, 148, 196, 165, 63, 13, 137, 22, 102, 69, 34, 147, 124, 0]], [[0, 68, 150, 4, 70, 142, 186, 99, 7, 10, 112, 59, 125, 15, 0]], [[0, 86, 62, 145, 199, 135, 158, 88, 96, 82, 74, 128, 43, 188, 113, 114, 132, 0]], [[0, 173, 146, 60, 143, 49, 52, 198, 65, 106, 66, 101, 115, 163, 120, 154, 161, 0]], [[0, 89, 81, 130, 175, 182, 117, 121, 123, 159, 12, 192, 27, 133, 92, 97, 79, 156, 20, 136, 47, 0]], [[0, 140, 1, 67, 187, 36, 164, 26, 116, 100, 75, 46, 18, 0]], [[0, 35, 129, 169, 155, 94, 149, 98, 45, 37, 184, 25, 57, 108, 109, 19, 16, 177, 131, 0]], [[0, 51, 11, 95, 160, 28, 104, 76, 134, 17, 107, 141, 91, 6, 56, 0]]]","[[[0, 144, 200, 0], [0, 61, 103, 40, 0], [0, 194, 0]], [[0, 85, 50, 193, 0], [0, 90, 189, 0], [0, 179, 185, 0]], [[0, 64, 84, 110, 23, 183, 0], [0, 8, 153, 42, 48, 55, 31, 0], [0, 38, 118, 72, 0]], [[0, 162, 87, 54, 0], [0, 170, 138, 93, 71, 0], [0, 174, 53, 172, 0]]]","[1439.96199971658, 1444.0122503439106, 1445.0036069920432, 1444.066832171337, 1445.794464655069, 1441.0733101456956, 1444.2437304801751, 1443.037631498412, 1439.2292288278256, 1446.0372796409742]","[1424.5606611680619, 1437.1026936197418, 1428.354991562847, 1421.7322161636037]",1400,2.27
200.10.1,200,10,4,endurance,high,high,3600,15.6464,700,31.2928,24.74646766,"[[[0, 18, 132, 114, 113, 43, 188, 103, 40, 45, 98, 149, 94, 0]], [[0, 46, 75, 100, 128, 26, 116, 164, 36, 74, 82, 158, 135, 199, 140, 0]], [[0, 32, 119, 44, 39, 41, 2, 157, 181, 196, 148, 166, 58, 151, 194, 0]], [[0, 171, 21, 11, 6, 95, 160, 28, 104, 76, 17, 107, 23, 134, 110, 33, 77, 168, 197, 126, 84, 180, 0]], [[0, 56, 51, 118, 72, 97, 192, 12, 27, 133, 92, 156, 79, 123, 121, 20, 136, 47, 0]], [[0, 35, 129, 153, 169, 155, 25, 184, 37, 57, 150, 4, 70, 142, 186, 54, 19, 177, 0]], [[0, 154, 120, 59, 10, 101, 106, 66, 7, 99, 87, 108, 109, 131, 161, 0]], [[0, 38, 178, 53, 62, 174, 145, 200, 190, 176, 152, 167, 139, 73, 191, 30, 78, 122, 111, 9, 85, 50, 29, 86, 172, 0]], [[0, 195, 15, 173, 3, 14, 179, 60, 143, 185, 49, 52, 198, 65, 115, 125, 163, 0]], [[0, 80, 124, 90, 24, 69, 102, 22, 137, 13, 63, 165, 34, 147, 182, 175, 117, 130, 81, 89, 0]]]","[[[0, 93, 138, 71, 170, 0], [0, 8, 42, 48, 55, 162, 16, 0], [0, 144, 31, 0]], [[0, 68, 0], [0, 1, 61, 187, 67, 0], [0, 88, 96, 0]], [[0, 159, 141, 0], [0, 183, 64, 193, 91, 0], [0, 105, 0]], [[0, 83, 146, 112, 0], [0, 5, 127, 189, 0]]]","[1483.8395576666437, 1484.788059430499, 1471.1919080107314, 1482.4051431152582, 1429.079395016584, 1467.105903093428, 1467.1191843976244, 1480.2872021950425, 1483.8707536447516, 1480.294525636305]","[1473.5594746234806, 1463.1893377774206, 1426.9089517335096, 1305.2231134312879]",1400,2.27
200.10.1,200,10,4,endurance,high,high,3600,15.6464,700,31.2928,24.62133437,"[[[0, 173, 163, 59, 10, 7, 101, 65, 198, 49, 52, 115, 125, 120, 16, 177, 0]], [[0, 171, 51, 21, 11, 193, 95, 160, 28, 104, 76, 17, 107, 23, 134, 110, 33, 77, 168, 197, 126, 0]], [[0, 3, 151, 58, 166, 41, 39, 44, 185, 143, 60, 179, 146, 14, 0]], [[0, 161, 15, 131, 68, 19, 54, 109, 108, 162, 87, 186, 142, 70, 4, 150, 57, 155, 169, 153, 129, 0]], [[0, 140, 46, 1, 199, 135, 158, 82, 187, 114, 40, 45, 98, 149, 94, 31, 0]], [[0, 147, 34, 22, 137, 138, 93, 71, 123, 121, 117, 175, 130, 0]], [[0, 56, 118, 72, 6, 27, 141, 91, 192, 12, 133, 92, 97, 159, 79, 156, 20, 136, 0]], [[0, 18, 75, 100, 74, 164, 116, 26, 43, 188, 113, 132, 0]], [[0, 89, 80, 124, 90, 24, 69, 102, 13, 63, 157, 2, 181, 196, 148, 194, 195, 0]], [[0, 86, 178, 53, 62, 174, 145, 200, 176, 190, 167, 139, 152, 191, 73, 30, 78, 111, 122, 9, 85, 50, 29, 105, 0]]]","[[[0, 81, 182, 83, 0], [0, 37, 0], [0, 8, 25, 103, 172, 0]], [[0, 61, 96, 88, 183, 0], [0, 127, 165, 170, 189, 0], [0, 47, 0]], [[0, 36, 128, 67, 0], [0, 35, 144, 154, 0], [0, 32, 119, 5, 0]], [[0, 184, 48, 55, 42, 0], [0, 112, 99, 106, 66, 0], [0, 84, 64, 180, 38, 0]]]","[1468.4313071941363, 1474.6200673577978, 1474.9703477811033, 1475.014176304015, 1470.8944040532765, 1477.280061962376, 1474.8846947615539, 1471.6535529240748, 1464.9473123569687, 1432.7796188880654]","[1460.774159543871, 1409.4706305940792, 1350.6071058737643, 1476.4687018629998]",1400,2.27
200.10.2,200,10,4,endurance,high,high,3600,15.6464,700,31.2928,25.14818184,"[[[0, 35, 199, 74, 119, 60, 135, 64, 182, 163, 15, 137, 158, 56, 26, 120, 27, 181, 0]], [[0, 66, 34, 110, 18, 112, 17, 82, 123, 104, 12, 150, 188, 0]], [[0, 179, 65, 3, 93, 100, 173, 96, 176, 22, 57, 2, 7, 195, 48, 180, 136, 187, 0]], [[0, 31, 190, 32, 144, 16, 47, 63, 156, 21, 40, 149, 95, 111, 78, 171, 94, 0]], [[0, 53, 8, 183, 160, 127, 33, 88, 184, 107, 155, 161, 55, 92, 51, 83, 175, 0]], [[0, 148, 141, 103, 45, 46, 117, 5, 11, 87, 147, 191, 44, 86, 69, 0]], [[0, 154, 174, 19, 30, 115, 85, 167, 131, 129, 113, 24, 84, 108, 10, 162, 126, 116, 99, 0]], [[0, 41, 128, 145, 1, 90, 91, 189, 200, 89, 125, 98, 58, 198, 164, 139, 70, 192, 143, 68, 132, 157, 0]], [[0, 14, 193, 76, 38, 133, 36, 102, 142, 197, 9, 172, 39, 97, 80, 121, 49, 130, 4, 79, 23, 0]], [[0, 61, 25, 20, 134, 186, 105, 152, 168, 37, 140, 50, 124, 169, 0]]]","[[[0, 165, 178, 122, 42, 159, 0], [0, 13, 170, 153, 0], [0, 29, 118, 196, 101, 0]], [[0, 81, 72, 67, 73, 0], [0, 109, 77, 6, 0], [0, 166, 0]], [[0, 138, 75, 71, 0], [0, 185, 177, 146, 0], [0, 106, 0], [0, 151, 0]], [[0, 43, 114, 0], [0, 62, 52, 194, 0], [0, 28, 59, 54, 0]]]","[1496.263338000684, 1508.890910665356, 1508.1270601047906, 1505.4207024244345, 1507.4342278301426, 1498.095575432134, 1508.178956314375, 1506.160665320173, 1504.490009622262, 1507.1958042223455]","[1501.7408918023234, 1491.0788213035748, 1507.8394284108883, 1495.906334485499]",1400,2.27
200.10.2,200,10,4,endurance,high,high,3600,15.6464,700,31.2928,24.4529366,"[[[0, 23, 86, 44, 191, 147, 87, 37, 5, 117, 134, 20, 61, 0]], [[0, 74, 153, 135, 178, 122, 64, 182, 96, 176, 22, 163, 15, 137, 60, 119, 114, 0]], [[0, 38, 133, 36, 130, 4, 80, 49, 172, 9, 197, 33, 127, 160, 88, 183, 8, 175, 0]], [[0, 14, 170, 19, 6, 30, 85, 115, 77, 26, 56, 158, 120, 27, 181, 109, 174, 154, 35, 0]], [[0, 199, 65, 3, 93, 100, 71, 173, 75, 57, 2, 7, 195, 48, 180, 0]], [[0, 13, 29, 116, 126, 162, 10, 83, 51, 92, 161, 55, 84, 24, 113, 129, 131, 99, 0]], [[0, 148, 25, 141, 103, 45, 46, 152, 168, 11, 140, 50, 169, 0]], [[0, 187, 136, 43, 190, 31, 78, 66, 67, 34, 110, 18, 17, 82, 112, 123, 89, 200, 189, 91, 0]], [[0, 41, 151, 128, 145, 1, 90, 164, 198, 188, 62, 58, 98, 125, 150, 70, 52, 139, 192, 143, 68, 132, 157, 79, 0]], [[0, 94, 171, 111, 95, 149, 177, 40, 21, 156, 63, 47, 144, 32, 138, 0]]]","[[[0, 194, 54, 72, 73, 0], [0, 104, 12, 0], [0, 179, 0]], [[0, 185, 0], [0, 101, 107, 118, 108, 196, 167, 0], [0, 159, 42, 166, 165, 0]], [[0, 155, 184, 0], [0, 81, 146, 16, 0], [0, 106, 193, 0]], [[0, 142, 102, 0], [0, 121, 97, 39, 28, 186, 105, 124, 59, 69, 0], [0, 76, 53, 0]]]","[1425.5070497982383, 1467.1761958308175, 1457.53069836832, 1465.03654393158, 1447.5452537753526, 1456.7389537661425, 1461.3203588915255, 1447.2582777235298, 1466.047180452426, 1464.3692900172025]","[1421.4492805744494, 1465.1773729305075, 1425.7772586471542, 1443.678128672868]",1400,2.27
200.10.2,200,10,4,endurance,high,high,3600,15.6464,700,31.2928,24.52724161,"[[[0, 99, 131, 129, 113, 24, 84, 55, 161, 92, 51, 83, 10, 162, 126, 116, 29, 0]], [[0, 38, 133, 36, 130, 4, 80, 49, 172, 9, 197, 33, 127, 160, 88, 183, 8, 53, 193, 175, 0]], [[0, 136, 32, 144, 16, 47, 63, 156, 21, 40, 149, 95, 111, 78, 94, 0]], [[0, 61, 141, 103, 45, 46, 152, 168, 11, 140, 50, 124, 169, 69, 0]], [[0, 91, 189, 200, 123, 104, 17, 112, 18, 110, 34, 66, 41, 0]], [[0, 199, 74, 153, 135, 178, 122, 64, 182, 96, 176, 22, 163, 15, 137, 60, 119, 114, 154, 0]], [[0, 151, 128, 90, 164, 198, 62, 188, 58, 98, 125, 150, 70, 52, 139, 192, 143, 68, 132, 157, 0]], [[0, 14, 170, 19, 6, 167, 85, 115, 30, 77, 26, 56, 158, 120, 27, 181, 109, 174, 106, 0]], [[0, 59, 148, 25, 20, 134, 117, 5, 37, 87, 147, 191, 44, 86, 0]], [[0, 179, 65, 3, 93, 100, 71, 173, 75, 57, 2, 7, 195, 48, 180, 190, 43, 187, 0]]]","[[[0, 138, 81, 171, 0], [0, 184, 107, 108, 196, 0], [0, 35, 159, 165, 166, 42, 0]], [[0, 76, 121, 97, 0], [0, 73, 67, 72, 145, 1, 0], [0, 194, 54, 0]], [[0, 142, 155, 118, 101, 0], [0, 23, 79, 0], [0, 146, 177, 185, 0], [0, 31, 0]], [[0, 89, 82, 12, 0], [0, 102, 39, 28, 105, 186, 0], [0, 13, 0]]]","[1452.024975690073, 1465.486965918291, 1468.4025188298235, 1470.3626390516058, 1462.9954656778027, 1471.6344966569552, 1448.1027154738065, 1459.7519188517342, 1467.3190343064234, 1467.635978625578]","[1446.4902578547944, 1436.5379615806464, 1444.3861681295548, 1433.4103071106993]",1400,2.27
200.10.2,200,10,4,endurance,high,high,3600,15.6464,700,31.2928,24.95002545,"[[[0, 136, 190, 185, 40, 177, 149, 21, 156, 63, 47, 16, 144, 32, 180, 3, 179, 0]], [[0, 65, 48, 195, 7, 2, 57, 22, 176, 96, 173, 71, 100, 93, 165, 0]], [[0, 29, 116, 126, 10, 55, 118, 108, 84, 24, 113, 129, 85, 115, 30, 109, 174, 154, 0]], [[0, 99, 14, 19, 167, 131, 196, 101, 162, 83, 51, 92, 161, 155, 107, 184, 88, 183, 8, 53, 175, 13, 0]], [[0, 61, 169, 50, 140, 11, 168, 152, 46, 45, 103, 141, 20, 25, 148, 0]], [[0, 4, 130, 80, 121, 49, 172, 9, 197, 33, 127, 160, 142, 102, 36, 133, 38, 193, 76, 0]], [[0, 69, 87, 147, 191, 70, 52, 139, 192, 143, 157, 0]], [[0, 199, 74, 153, 135, 122, 64, 182, 163, 15, 137, 158, 56, 26, 120, 27, 181, 119, 114, 0]], [[0, 94, 78, 66, 34, 110, 18, 112, 82, 17, 72, 111, 31, 187, 0]], [[0, 1, 90, 198, 164, 188, 62, 58, 125, 98, 150, 12, 104, 123, 89, 200, 189, 91, 145, 128, 151, 41, 0]]]","[[[0, 134, 0], [0, 73, 67, 95, 0], [0, 166, 42, 35, 0], [0, 79, 0]], [[0, 171, 81, 138, 43, 159, 0], [0, 146, 75, 178, 0], [0, 23, 132, 86, 0]], [[0, 170, 77, 60, 0], [0, 68, 54, 0], [0, 186, 105, 117, 124, 59, 0]], [[0, 97, 39, 28, 5, 37, 0], [0, 194, 44, 0], [0, 106, 6, 0]]]","[1486.4273886638596, 1496.9458790923231, 1490.8585184837589, 1496.7037525696774, 1479.980457189008, 1489.3975801996307, 1480.6923820222216, 1497.0015269285348, 1493.5590768357504, 1494.2786555281027]","[1487.7177076279297, 1473.901196101268, 1474.6291358851436, 1492.8270483684732]",1400,2.27
200.10.2,200,10,4,endurance,high,high,3600,15.6464,700,31.2928,24.36611238,"[[[0, 136, 43, 190, 138, 32, 144, 16, 47, 63, 156, 21, 40, 177, 149, 185, 81, 31, 0]], [[0, 154, 181, 120, 26, 56, 137, 15, 163, 182, 64, 122, 178, 135, 153, 119, 114, 35, 0]], [[0, 61, 69, 169, 141, 103, 117, 5, 140, 11, 87, 147, 191, 44, 86, 23, 0]], [[0, 59, 124, 50, 37, 168, 152, 46, 45, 134, 20, 25, 148, 0]], [[0, 193, 76, 38, 133, 36, 102, 160, 127, 33, 142, 197, 9, 172, 49, 80, 4, 130, 0]], [[0, 175, 53, 8, 183, 88, 184, 107, 155, 161, 55, 118, 92, 51, 83, 162, 10, 101, 126, 116, 29, 99, 0]], [[0, 79, 157, 132, 143, 192, 139, 52, 70, 150, 125, 98, 58, 188, 62, 198, 164, 90, 1, 128, 151, 41, 0]], [[0, 106, 174, 109, 19, 30, 115, 85, 129, 113, 24, 84, 108, 196, 131, 14, 0]], [[0, 179, 65, 3, 48, 195, 7, 2, 57, 176, 96, 173, 71, 100, 93, 74, 199, 0]], [[0, 187, 94, 171, 78, 66, 67, 34, 110, 18, 112, 17, 82, 123, 89, 200, 189, 91, 54, 0]]]","[[[0, 165, 166, 0], [0, 13, 28, 105, 186, 39, 97, 121, 0], [0, 111, 0]], [[0, 60, 0], [0, 194, 68, 145, 0], [0, 12, 104, 0]], [[0, 42, 22, 75, 0], [0, 73, 72, 95, 146, 0]], [[0, 167, 77, 158, 0], [0, 27, 6, 170, 0], [0, 159, 180, 0]]]","[1449.5745189502948, 1450.2682728195512, 1456.7897055432866, 1460.1131366743307, 1457.581948375447, 1417.887604402714, 1448.102237012812, 1461.9667427714203, 1459.661352559628, 1452.0405147206072]","[1444.862312425255, 1459.705157249388, 1380.7065458223392, 1456.677435211814]",1400,2.27
200.10.3,200,10,4,endurance,high,high,3600,15.6464,700,31.2928,24.1980716,"[[[0, 22, 63, 191, 38, 197, 95, 198, 42, 100, 59, 155, 18, 5, 0]], [[0, 132, 97, 84, 103, 122, 120, 161, 199, 182, 81, 169, 194, 0]], [[0, 172, 75, 8, 85, 56, 92, 72, 166, 195, 37, 52, 41, 162, 144, 158, 0]], [[0, 137, 127, 99, 91, 185, 34, 28, 74, 168, 10, 174, 66, 50, 200, 110, 79, 0]], [[0, 12, 49, 134, 156, 68, 130, 29, 112, 170, 188, 36, 47, 3, 23, 11, 0]], [[0, 27, 108, 126, 51, 87, 189, 54, 48, 181, 129, 90, 175, 105, 136, 121, 55, 106, 93, 0]], [[0, 183, 135, 16, 46, 178, 142, 70, 33, 21, 124, 40, 6, 15, 104, 193, 96, 76, 0]], [[0, 192, 149, 123, 164, 35, 153, 44, 128, 89, 7, 25, 143, 179, 150, 0]], [[0, 151, 180, 154, 62, 101, 114, 71, 157, 9, 88, 24, 173, 43, 165, 141, 167, 20, 39, 0]], [[0, 17, 58, 184, 140, 80, 82, 14, 1, 133, 13, 69, 190, 65, 186, 2, 0]]]","[[[0, 160, 4, 0], [0, 152, 32, 147, 60, 19, 0], [0, 187, 131, 125, 163, 159, 113, 98, 0]], [[0, 57, 116, 109, 177, 138, 64, 67, 77, 0], [0, 78, 31, 171, 119, 0], [0, 176, 30, 0]], [[0, 61, 73, 45, 139, 115, 0], [0, 196, 145, 146, 94, 0], [0, 53, 0]], [[0, 111, 148, 0], [0, 83, 117, 118, 107, 0], [0, 26, 102, 86, 0]]]","[1451.8842961890423, 1449.1275189463872, 1440.9026858412906, 1450.0390590585766, 1450.4586577155267, 1448.8603394653462, 1403.8565084374727, 1444.0232228072618, 1445.6314429643985, 1450.9526136074683]","[1395.5037854330837, 1424.3309398227784, 1406.5232227223921, 1411.5006437576435]",1400,2.27
200.10.3,200,10,4,endurance,high,high,3600,15.6464,700,31.2928,24.2421299,"[[[0, 3, 47, 36, 170, 112, 171, 130, 29, 68, 196, 156, 134, 49, 0]], [[0, 143, 25, 7, 200, 50, 66, 174, 10, 168, 34, 185, 91, 99, 127, 0]], [[0, 27, 79, 137, 26, 86, 102, 138, 150, 123, 149, 164, 177, 35, 128, 89, 44, 153, 191, 63, 22, 0]], [[0, 2, 186, 5, 65, 190, 69, 13, 133, 1, 14, 184, 80, 140, 97, 58, 160, 176, 30, 0]], [[0, 76, 96, 193, 98, 15, 6, 40, 124, 21, 33, 70, 142, 178, 159, 163, 46, 16, 135, 183, 0]], [[0, 136, 32, 147, 175, 90, 129, 181, 54, 48, 74, 189, 87, 51, 126, 67, 108, 0]], [[0, 23, 18, 155, 59, 100, 42, 73, 188, 198, 95, 197, 38, 0]], [[0, 17, 84, 103, 120, 161, 122, 118, 199, 182, 81, 169, 104, 4, 0]], [[0, 144, 162, 41, 52, 37, 195, 166, 72, 92, 56, 85, 154, 8, 172, 0]], [[0, 39, 106, 20, 167, 141, 165, 43, 173, 24, 88, 9, 157, 71, 114, 101, 62, 180, 187, 0]]]","[[[0, 119, 115, 57, 0], [0, 194, 148, 0], [0, 77, 110, 64, 179, 28, 60, 105, 0]], [[0, 82, 0], [0, 75, 125, 113, 131, 0], [0, 158, 151, 0]], [[0, 107, 83, 117, 132, 0], [0, 61, 12, 139, 145, 146, 0], [0, 93, 0]], [[0, 152, 55, 121, 19, 0], [0, 53, 94, 116, 109, 192, 0], [0, 11, 45, 31, 111, 78, 0]]]","[1451.7735804240772, 1454.527794115501, 1444.6124095543012, 1453.1467192895266, 1444.5092992401087, 1437.793258058983, 1445.217797637314, 1453.8142667375587, 1448.9351556603165, 1448.8639024798865]","[1353.4508662084386, 1399.5947036527841, 1444.592199226778, 1451.0534909264375]",1400,2.27
200.10.3,200,10,4,endurance,high,high,3600,15.6464,700,31.2928,24.45248912,"[[[0, 176, 17, 58, 14, 1, 133, 13, 69, 100, 42, 155, 59, 190, 65, 186, 2, 0]], [[0, 97, 184, 140, 117, 120, 161, 122, 103, 84, 0]], [[0, 194, 98, 142, 70, 33, 21, 124, 40, 6, 15, 107, 199, 182, 81, 104, 193, 96, 0]], [[0, 131, 75, 180, 8, 154, 62, 92, 72, 166, 195, 37, 52, 41, 46, 16, 0]], [[0, 23, 3, 188, 170, 112, 171, 130, 29, 68, 49, 94, 0]], [[0, 137, 26, 86, 102, 127, 64, 99, 91, 185, 34, 174, 10, 168, 74, 28, 51, 126, 67, 108, 77, 93, 0]], [[0, 57, 115, 63, 109, 44, 153, 191, 38, 197, 95, 198, 156, 134, 36, 47, 18, 5, 0]], [[0, 106, 55, 19, 32, 147, 175, 60, 90, 129, 181, 54, 48, 189, 87, 105, 136, 121, 0]], [[0, 192, 149, 164, 177, 35, 128, 89, 7, 50, 66, 200, 25, 143, 179, 110, 138, 150, 123, 27, 0]], [[0, 172, 144, 162, 85, 56, 71, 157, 9, 88, 24, 173, 43, 165, 141, 20, 39, 0]]]","[[[0, 116, 139, 145, 146, 61, 0], [0, 196, 73, 31, 45, 12, 53, 0], [0, 22, 0]], [[0, 169, 82, 0], [0, 30, 119, 11, 0], [0, 148, 78, 111, 0]], [[0, 79, 0], [0, 113, 159, 163, 178, 125, 135, 183, 0], [0, 158, 0], [0, 160, 0], [0, 4, 76, 0]], [[0, 187, 114, 101, 0], [0, 151, 167, 152, 0], [0, 132, 118, 83, 80, 0]]]","[1455.4674913183119, 1467.1493469490788, 1455.0711983139424, 1464.6925298178098, 1463.6046947177697, 1464.2022851840843, 1466.4903810422834, 1459.2042231388364, 1459.6039114750745, 1466.3856081500867]","[1416.4136395208413, 1455.3239687709272, 1400.6119158661063, 1466.7862062789927]",1400,2.27
200.10.3,200,10,4,endurance,high,high,3600,15.6464,700,31.2928,24.25700609,"[[[0, 77, 55, 136, 32, 175, 90, 129, 181, 54, 168, 74, 189, 87, 105, 121, 0]], [[0, 158, 16, 46, 70, 33, 21, 124, 40, 6, 15, 199, 182, 81, 169, 4, 193, 96, 0]], [[0, 11, 23, 3, 47, 68, 29, 130, 171, 112, 36, 61, 0]], [[0, 149, 164, 177, 35, 128, 89, 153, 197, 95, 38, 191, 63, 0]], [[0, 192, 123, 150, 138, 110, 64, 179, 143, 25, 7, 50, 66, 200, 185, 34, 91, 99, 126, 127, 102, 108, 86, 137, 79, 27, 0]], [[0, 93, 152, 106, 20, 141, 165, 43, 173, 71, 114, 92, 56, 85, 52, 41, 162, 144, 0]], [[0, 5, 18, 59, 155, 100, 42, 73, 31, 170, 45, 188, 198, 196, 156, 134, 49, 119, 12, 94, 0]], [[0, 2, 186, 65, 190, 69, 13, 133, 1, 14, 82, 80, 140, 184, 58, 17, 176, 0]], [[0, 151, 8, 154, 62, 72, 166, 157, 9, 88, 24, 180, 75, 172, 0]], [[0, 194, 104, 161, 120, 117, 122, 103, 84, 132, 0]]]","[[[0, 57, 116, 109, 44, 115, 0], [0, 146, 145, 139, 0], [0, 160, 0]], [[0, 26, 174, 10, 48, 28, 0], [0, 148, 78, 111, 0], [0, 167, 39, 0]], [[0, 53, 22, 0], [0, 125, 163, 159, 113, 178, 142, 98, 135, 0], [0, 131, 101, 195, 37, 187, 0]], [[0, 19, 147, 60, 51, 67, 0], [0, 30, 97, 83, 118, 107, 0], [0, 76, 183, 0]]]","[1454.220543017541, 1447.4634175498418, 1455.4203655525378, 1451.700495467836, 1450.4874567784047, 1452.5731919031425, 1447.526563342555, 1453.6395825201228, 1430.3285695205846, 1453.0881106950853]","[1452.1839608964976, 1440.8898473857873, 1402.643344399929, 1440.7203765909144]",1400,2.27
200.10.3,200,10,4,endurance,high,high,3600,15.6464,700,31.2928,24.15884231,"[[[0, 182, 199, 161, 120, 122, 103, 84, 97, 58, 0]], [[0, 94, 139, 29, 130, 68, 36, 47, 12, 0]], [[0, 53, 49, 134, 156, 196, 198, 188, 170, 112, 31, 42, 100, 155, 59, 18, 5, 23, 0]], [[0, 96, 193, 4, 194, 104, 81, 107, 15, 6, 40, 124, 21, 33, 70, 142, 46, 16, 183, 0]], [[0, 115, 63, 191, 38, 95, 197, 153, 128, 89, 138, 150, 123, 149, 192, 0]], [[0, 30, 17, 160, 1, 14, 184, 140, 80, 82, 133, 13, 69, 190, 65, 2, 186, 0]], [[0, 27, 86, 102, 110, 179, 143, 25, 7, 200, 50, 66, 174, 10, 168, 185, 91, 99, 127, 79, 0]], [[0, 131, 75, 8, 85, 56, 92, 72, 166, 195, 37, 52, 41, 162, 144, 158, 0]], [[0, 172, 187, 180, 154, 62, 101, 114, 71, 157, 9, 88, 24, 173, 43, 165, 141, 167, 20, 0]], [[0, 39, 106, 55, 136, 32, 175, 87, 189, 90, 129, 181, 74, 28, 34, 51, 126, 67, 108, 137, 0]]]","[[[0, 147, 60, 48, 54, 64, 0], [0, 35, 145, 146, 0]], [[0, 132, 83, 117, 118, 169, 0], [0, 76, 98, 113, 178, 159, 163, 125, 0], [0, 22, 57, 0]], [[0, 164, 177, 44, 109, 116, 0], [0, 148, 111, 78, 0], [0, 135, 151, 152, 77, 26, 0]], [[0, 121, 105, 19, 0], [0, 93, 0], [0, 176, 73, 171, 45, 61, 0], [0, 119, 3, 11, 0]]]","[1449.530538607773, 1447.0267975265547, 1447.6167426638135, 1437.5743459820942, 1444.517431358328, 1446.4237773043255, 1443.1975998692408, 1440.8534089247569, 1442.6458925203763, 1446.5041065017383]","[1395.219050198123, 1437.0793898353886, 1440.7185395150436, 1448.5946839321664]",1400,2.27
200.10.4,200,10,4,endurance,high,high,3600,15.6464,700,31.2928,25.34588051,"[[[0, 157, 13, 57, 53, 198, 56, 87, 59, 176, 136, 41, 177, 26, 173, 148, 35, 0]], [[0, 187, 12, 105, 22, 199, 45, 156, 25, 154, 139, 92, 95, 188, 160, 186, 0]], [[0, 46, 82, 195, 170, 55, 113, 76, 50, 165, 152, 28, 0]], [[0, 115, 96, 200, 17, 143, 4, 147, 126, 117, 83, 47, 180, 134, 14, 179, 124, 119, 185, 110, 108, 48, 69, 99, 142, 0]], [[0, 77, 172, 10, 30, 1, 90, 178, 8, 194, 130, 174, 161, 167, 64, 85, 169, 138, 118, 20, 51, 0]], [[0, 6, 140, 86, 65, 9, 66, 98, 144, 60, 80, 61, 94, 193, 111, 42, 0]], [[0, 104, 181, 78, 103, 73, 81, 89, 107, 31, 15, 164, 16, 153, 182, 75, 196, 24, 106, 0]], [[0, 190, 93, 54, 49, 175, 63, 72, 70, 37, 112, 71, 102, 68, 34, 97, 23, 0]], [[0, 43, 120, 151, 137, 58, 39, 127, 149, 0]], [[0, 158, 100, 163, 18, 36, 131, 171, 19, 155, 184, 166, 109, 114, 40, 116, 145, 101, 189, 0]]]","[[[0, 150, 67, 52, 0], [0, 141, 88, 192, 2, 0], [0, 79, 0]], [[0, 197, 123, 33, 0], [0, 38, 3, 7, 125, 32, 121, 0], [0, 122, 84, 133, 11, 0]], [[0, 168, 0], [0, 91, 129, 62, 0], [0, 183, 146, 191, 44, 0]], [[0, 21, 27, 135, 74, 0], [0, 5, 128, 0], [0, 159, 132, 29, 162, 0]]]","[1495.8838357905283, 1520.542113648879, 1520.504816580274, 1520.7528307302416, 1519.0605465899284, 1512.240440343853, 1516.5776436272213, 1488.329818188499, 1519.7394767956607, 1465.890257545877]","[1497.9532811793101, 1479.0472226247116, 1491.3467893057511, 1511.7826740092673]",1400,2.27
200.10.4,200,10,4,endurance,high,high,3600,15.6464,700,31.2928,25.17831749,"[[[0, 24, 104, 65, 94, 61, 33, 66, 98, 144, 60, 80, 193, 111, 42, 0]], [[0, 142, 46, 122, 28, 57, 53, 198, 82, 56, 195, 159, 170, 113, 124, 179, 134, 14, 29, 162, 52, 48, 69, 99, 115, 0]], [[0, 77, 23, 183, 97, 34, 102, 71, 148, 173, 26, 177, 41, 136, 59, 176, 133, 84, 35, 0]], [[0, 157, 13, 87, 152, 165, 50, 76, 55, 119, 185, 132, 110, 108, 79, 0]], [[0, 120, 18, 36, 131, 19, 171, 151, 27, 137, 62, 129, 163, 43, 0]], [[0, 75, 187, 22, 199, 127, 39, 58, 25, 156, 154, 45, 105, 12, 135, 100, 0]], [[0, 140, 86, 9, 141, 4, 126, 83, 47, 180, 117, 143, 17, 200, 96, 0]], [[0, 20, 118, 30, 1, 90, 54, 178, 64, 125, 85, 166, 184, 114, 40, 145, 101, 0]], [[0, 68, 146, 112, 70, 72, 49, 63, 175, 194, 130, 174, 161, 167, 138, 0]], [[0, 106, 182, 181, 78, 81, 73, 103, 5, 153, 16, 188, 95, 92, 139, 160, 128, 186, 196, 74, 0]]]","[[[0, 31, 107, 89, 0], [0, 11, 44, 191, 172, 190, 0], [0, 38, 169, 116, 0]], [[0, 3, 8, 93, 0], [0, 168, 0], [0, 10, 0], [0, 21, 158, 0]], [[0, 7, 32, 121, 109, 155, 149, 0], [0, 197, 164, 15, 91, 0], [0, 189, 0]], [[0, 37, 150, 67, 0], [0, 147, 2, 88, 192, 123, 6, 0], [0, 51, 0]]]","[1500.5623742535167, 1500.4521183651495, 1510.5497947508804, 1506.7204276717014, 1508.92850315221, 1505.9379607938827, 1477.174803030904, 1506.6395451700976, 1510.6990495945067, 1510.6428859231246]","[1485.8498788567497, 1496.6375094491248, 1471.4719344461482, 1494.471088287135]",1400,2.27
200.10.4,200,10,4,endurance,high,high,3600,15.6464,700,31.2928,25.2898112,"[[[0, 115, 99, 69, 48, 52, 108, 110, 198, 185, 119, 179, 124, 134, 14, 180, 47, 117, 126, 143, 17, 200, 140, 96, 0]], [[0, 24, 104, 86, 65, 9, 123, 33, 66, 98, 144, 60, 80, 61, 94, 193, 111, 42, 0]], [[0, 23, 97, 34, 68, 102, 112, 37, 70, 72, 63, 49, 54, 178, 90, 1, 30, 101, 189, 0]], [[0, 74, 43, 163, 129, 62, 151, 27, 137, 58, 39, 127, 12, 135, 100, 0]], [[0, 77, 157, 28, 87, 152, 136, 41, 59, 176, 177, 26, 148, 35, 0]], [[0, 75, 91, 187, 105, 22, 199, 25, 156, 154, 45, 139, 92, 95, 188, 160, 128, 186, 0]], [[0, 120, 36, 131, 171, 19, 184, 168, 166, 114, 40, 21, 0]], [[0, 51, 118, 138, 169, 7, 85, 125, 167, 161, 174, 130, 194, 175, 8, 64, 3, 20, 0]], [[0, 78, 5, 103, 81, 73, 89, 107, 31, 15, 164, 16, 153, 182, 196, 106, 0]], [[0, 79, 82, 195, 170, 55, 113, 76, 50, 165, 56, 53, 57, 0]]]","[[[0, 142, 0], [0, 141, 88, 192, 0], [0, 83, 147, 2, 4, 6, 0], [0, 145, 38, 0]], [[0, 133, 67, 150, 191, 0], [0, 181, 197, 0], [0, 190, 158, 0], [0, 122, 84, 0]], [[0, 11, 44, 173, 71, 0], [0, 13, 116, 0], [0, 149, 155, 18, 0]], [[0, 159, 29, 132, 162, 0], [0, 10, 183, 172, 0], [0, 109, 121, 32, 93, 146, 0], [0, 46, 0]]]","[1514.5052853732, 1516.9073184382398, 1517.3886722799123, 1511.2239936130206, 1512.0265114776596, 1511.1425134141678, 1515.3763544352814, 1514.5740487539863, 1505.1849547626398, 1510.550172924083]","[1463.4068778524072, 1498.0022143908225, 1498.2680595759819, 1509.6726514384409]",1400,2.27
200.10.4,200,10,4,endurance,high,high,3600,15.6464,700,31.2928,25.28751185,"[[[0, 158, 163, 149, 62, 120, 18, 36, 131, 171, 19, 155, 184, 166, 121, 114, 40, 145, 101, 189, 0]], [[0, 51, 30, 90, 178, 8, 175, 194, 130, 174, 161, 167, 125, 85, 7, 169, 138, 118, 20, 0]], [[0, 142, 57, 53, 82, 195, 159, 170, 124, 179, 14, 134, 180, 47, 83, 117, 126, 143, 17, 200, 96, 0]], [[0, 196, 182, 78, 81, 73, 31, 33, 66, 88, 141, 86, 104, 24, 0]], [[0, 23, 97, 34, 68, 102, 71, 112, 37, 70, 72, 63, 49, 54, 64, 1, 3, 10, 172, 0]], [[0, 187, 45, 156, 25, 154, 139, 92, 95, 188, 16, 153, 160, 128, 186, 0]], [[0, 106, 42, 181, 197, 111, 193, 80, 60, 144, 98, 61, 94, 9, 65, 140, 0]], [[0, 157, 13, 28, 152, 165, 50, 76, 113, 55, 185, 46, 0]], [[0, 91, 105, 22, 199, 127, 39, 58, 137, 27, 151, 129, 100, 43, 0]], [[0, 115, 99, 69, 48, 162, 108, 110, 198, 56, 87, 59, 176, 41, 136, 177, 26, 148, 35, 77, 0]]]","[[[0, 75, 52, 0], [0, 123, 192, 2, 4, 147, 0], [0, 44, 173, 67, 133, 122, 0]], [[0, 93, 116, 109, 0], [0, 119, 132, 29, 0], [0, 183, 0], [0, 79, 0]], [[0, 146, 191, 150, 0], [0, 164, 15, 107, 89, 6, 0], [0, 74, 135, 38, 0]], [[0, 103, 5, 12, 21, 0], [0, 168, 32, 0], [0, 190, 11, 84, 0]]]","[1494.8439054445637, 1504.686271815731, 1516.452121778422, 1516.2909804501262, 1504.5253108567708, 1517.2507110595022, 1512.2793366985925, 1516.9730593972026, 1512.6620312646376, 1507.4632547336823]","[1512.0258421168173, 1508.0166712423766, 1511.0666414261125, 1471.856460005934]",1400,2.27
200.10.4,200,10,4,endurance,high,high,3600,15.6464,700,31.2928,25.00500304,"[[[0, 74, 100, 163, 129, 62, 120, 18, 36, 171, 131, 19, 155, 109, 184, 166, 114, 40, 116, 145, 101, 0]], [[0, 97, 34, 68, 146, 54, 49, 175, 194, 130, 174, 161, 167, 125, 85, 7, 138, 118, 20, 51, 0]], [[0, 23, 102, 71, 112, 37, 70, 72, 63, 8, 178, 64, 90, 93, 1, 30, 190, 0]], [[0, 75, 91, 187, 105, 22, 199, 45, 156, 25, 154, 139, 92, 95, 188, 160, 128, 186, 0]], [[0, 77, 157, 13, 84, 148, 173, 26, 177, 176, 59, 41, 136, 87, 28, 57, 79, 46, 0]], [[0, 24, 115, 99, 48, 52, 108, 110, 198, 185, 119, 132, 124, 179, 134, 14, 180, 47, 83, 117, 143, 17, 200, 96, 0]], [[0, 12, 127, 39, 58, 137, 27, 151, 149, 43, 0]], [[0, 106, 104, 181, 78, 103, 73, 81, 193, 89, 107, 31, 15, 164, 16, 153, 5, 182, 196, 0]], [[0, 53, 165, 50, 76, 113, 55, 170, 195, 82, 0]], [[0, 42, 197, 111, 80, 60, 144, 98, 61, 94, 9, 65, 86, 140, 0]]]","[[[0, 11, 133, 152, 56, 159, 0], [0, 141, 88, 192, 2, 0], [0, 35, 0]], [[0, 38, 169, 121, 3, 0], [0, 172, 189, 135, 0], [0, 32, 168, 0], [0, 21, 0]], [[0, 158, 0], [0, 33, 66, 0], [0, 123, 147, 4, 6, 0], [0, 10, 183, 0]], [[0, 44, 150, 67, 191, 0], [0, 162, 29, 126, 0], [0, 142, 122, 69, 0]]]","[1493.55790429495, 1499.2260596601868, 1499.2013696804897, 1496.267180834274, 1495.646163337947, 1494.6854392655227, 1496.434547155278, 1496.3362275763554, 1500.3001822115361, 1496.330497143409]","[1476.9891351481517, 1491.413454804318, 1449.4182018270944, 1496.828227299707]",1400,2.27
200.20.1,200,10,4,endurance,high,high,3600,15.6464,700,31.2928,53.11966715,"[[[0, 152, 60, 110, 36, 101, 14, 158, 162, 114, 182, 93, 198, 55, 104, 120, 26, 118, 35, 0]], [[0, 54, 150, 41, 38, 103, 74, 159, 176, 8, 196, 121, 52, 126, 16, 43, 84, 9, 0]], [[0, 138, 128, 169, 7, 91, 88, 194, 131, 94, 141, 186, 86, 171, 119, 82, 32, 0]], [[0, 22, 65, 164, 99, 90, 87, 142, 183, 96, 133, 127, 149, 111, 76, 62, 24, 0]], [[0, 20, 69, 25, 109, 140, 17, 50, 68, 98, 72, 83, 167, 181, 89, 188, 0]], [[0, 48, 139, 11, 34, 30, 191, 57, 184, 44, 40, 6, 151, 134, 112, 0]], [[0, 132, 113, 97, 15, 39, 153, 77, 64, 108, 61, 135, 124, 63, 156, 180, 0]], [[0, 129, 42, 161, 107, 192, 148, 143, 168, 177, 5, 1, 67, 102, 105, 2, 115, 170, 49, 12, 0]], [[0, 193, 4, 92, 175, 18, 70, 37, 13, 136, 189, 75, 197, 58, 147, 157, 145, 33, 3, 200, 0]], [[0, 46, 85, 179, 71, 80, 116, 172, 199, 47, 27, 117, 56, 59, 100, 155, 0]]]","[[[0, 173, 130, 185, 0], [0, 106, 195, 66, 0], [0, 45, 10, 31, 0], [0, 81, 0], [0, 78, 21, 0]], [[0, 29, 0], [0, 73, 0], [0, 28, 166, 0], [0, 146, 23, 137, 0]], [[0, 95, 0], [0, 154, 0], [0, 174, 125, 0], [0, 79, 160, 0], [0, 187, 165, 0]], [[0, 163, 144, 0], [0, 51, 0], [0, 53, 0], [0, 122, 19, 0], [0, 178, 123, 190, 0]]]","[3176.2432821112307, 3178.0126414891406, 3177.2046270935357, 3180.804019778035, 3097.2795355207486, 3158.344618743194, 3187.180029171076, 3166.562264153596, 3140.646597908793, 3099.8992229237606]","[3177.8906377228723, 2346.242914533534, 2355.9911038037694, 2955.9089815618822]",1400,2.27
200.20.1,200,10,4,endurance,high,high,3600,15.6464,700,31.2928,52.52299921,"[[[0, 23, 46, 85, 179, 27, 71, 80, 116, 172, 199, 107, 192, 1, 117, 47, 56, 0]], [[0, 152, 122, 118, 26, 120, 104, 55, 198, 162, 114, 93, 182, 158, 14, 101, 36, 110, 60, 0]], [[0, 10, 106, 91, 88, 194, 131, 94, 141, 186, 86, 171, 119, 82, 32, 0]], [[0, 193, 42, 105, 157, 147, 189, 75, 197, 58, 168, 143, 148, 177, 5, 67, 102, 161, 146, 0]], [[0, 20, 69, 25, 109, 140, 17, 50, 68, 98, 30, 191, 34, 72, 83, 167, 181, 0]], [[0, 9, 169, 7, 15, 39, 77, 153, 108, 64, 97, 113, 132, 0]], [[0, 92, 3, 33, 145, 13, 136, 37, 70, 18, 175, 180, 156, 63, 124, 135, 61, 49, 0]], [[0, 48, 187, 112, 134, 151, 6, 40, 44, 57, 184, 139, 11, 89, 29, 137, 188, 0]], [[0, 65, 164, 99, 159, 41, 38, 103, 74, 8, 176, 121, 196, 52, 126, 16, 43, 84, 79, 0]], [[0, 154, 54, 150, 90, 87, 142, 183, 96, 133, 127, 149, 111, 76, 62, 24, 35, 0]]]","[[[0, 78, 21, 0], [0, 200, 0], [0, 190, 178, 123, 0], [0, 138, 31, 12, 0], [0, 115, 0]], [[0, 100, 0], [0, 125, 53, 0], [0, 45, 155, 19, 0], [0, 170, 0], [0, 4, 51, 59, 0]], [[0, 195, 128, 185, 0], [0, 2, 0], [0, 163, 166, 0], [0, 73, 0], [0, 95, 0]], [[0, 28, 144, 0], [0, 165, 0], [0, 130, 173, 0], [0, 174, 0], [0, 22, 81, 160, 0], [0, 66, 129, 0]]]","[3145.7813127455106, 3125.683700103265, 3150.7656451839175, 3146.977694451367, 3123.7189812887045, 3139.508091260558, 3134.348787023725, 3100.7686548520705, 3151.379952500338, 3146.308928095359]","[2985.1388982466724, 3146.620727235554, 2955.0285555350138, 3047.956784944389]",1400,2.27
200.20.1,200,10,4,endurance,high,high,3600,15.6464,700,31.2928,52.58870391,"[[[0, 65, 164, 99, 159, 41, 38, 103, 74, 8, 176, 121, 196, 52, 126, 16, 43, 84, 9, 0]], [[0, 26, 120, 104, 55, 149, 198, 162, 114, 93, 182, 158, 14, 101, 36, 110, 60, 0]], [[0, 152, 35, 118, 28, 24, 62, 76, 111, 127, 133, 96, 183, 142, 87, 90, 150, 54, 154, 0]], [[0, 169, 7, 91, 88, 194, 131, 94, 141, 186, 86, 171, 0]], [[0, 185, 89, 139, 11, 83, 30, 98, 68, 50, 17, 140, 109, 25, 179, 0]], [[0, 12, 49, 31, 135, 61, 108, 64, 153, 77, 39, 15, 119, 82, 32, 113, 97, 73, 132, 66, 0]], [[0, 144, 112, 134, 151, 6, 40, 44, 184, 57, 191, 34, 72, 167, 181, 20, 188, 0]], [[0, 4, 178, 2, 102, 105, 157, 147, 145, 37, 70, 18, 175, 180, 156, 63, 124, 170, 0]], [[0, 193, 19, 46, 27, 71, 80, 116, 172, 192, 107, 117, 199, 47, 56, 161, 42, 0]], [[0, 51, 67, 1, 5, 177, 148, 143, 168, 58, 197, 75, 189, 136, 13, 33, 3, 92, 0]]]","[[[0, 85, 0], [0, 21, 165, 0], [0, 79, 160, 0], [0, 115, 0], [0, 130, 29, 0]], [[0, 125, 53, 0], [0, 200, 123, 0], [0, 78, 163, 0], [0, 10, 138, 129, 174, 0], [0, 106, 0]], [[0, 45, 187, 0], [0, 59, 155, 190, 0], [0, 146, 0], [0, 81, 0], [0, 95, 0], [0, 173, 137, 0]], [[0, 122, 23, 0], [0, 22, 166, 0], [0, 100, 0], [0, 128, 195, 0], [0, 48, 0], [0, 69, 0]]]","[3155.32223454258, 3119.7315876890966, 3146.23480695987, 3154.52397838264, 3108.5123735624875, 3104.67236049585, 3153.3386586958127, 3137.6341489914353, 3128.011776900118, 3147.5267352123074]","[3142.8844332536273, 3019.1779141194693, 2997.245081307511, 3067.6056767254977]",1400,2.27
200.20.1,200,10,4,endurance,high,high,3600,15.6464,700,31.2928,52.56846815,"[[[0, 193, 42, 102, 67, 105, 145, 157, 147, 58, 197, 75, 189, 136, 13, 37, 70, 92, 0]], [[0, 132, 113, 97, 15, 39, 186, 141, 94, 86, 171, 119, 82, 32, 0]], [[0, 49, 64, 77, 153, 108, 61, 135, 124, 63, 156, 180, 175, 18, 33, 3, 0]], [[0, 51, 161, 107, 192, 1, 5, 177, 168, 143, 148, 172, 116, 199, 117, 47, 56, 155, 0]], [[0, 152, 122, 62, 76, 111, 198, 149, 127, 133, 96, 183, 142, 55, 120, 26, 166, 0]], [[0, 69, 181, 167, 83, 72, 50, 17, 140, 109, 80, 25, 71, 27, 179, 85, 46, 130, 23, 0]], [[0, 22, 79, 81, 160, 121, 196, 176, 8, 74, 103, 38, 41, 87, 104, 54, 150, 90, 159, 99, 164, 65, 0]], [[0, 20, 29, 89, 139, 11, 34, 191, 30, 98, 68, 57, 184, 151, 134, 0]], [[0, 169, 7, 131, 194, 88, 91, 43, 16, 52, 126, 84, 9, 10, 0]], [[0, 35, 24, 162, 114, 93, 182, 158, 14, 101, 36, 44, 40, 6, 110, 60, 0]]]","[[[0, 2, 125, 4, 0], [0, 53, 0], [0, 170, 0], [0, 188, 112, 0], [0, 115, 0]], [[0, 144, 48, 0], [0, 146, 59, 19, 0], [0, 12, 73, 138, 0], [0, 123, 190, 129, 0], [0, 178, 0], [0, 118, 0]], [[0, 137, 173, 0], [0, 78, 21, 0], [0, 195, 185, 0], [0, 100, 0], [0, 174, 0], [0, 28, 163, 0]], [[0, 154, 45, 0], [0, 66, 0], [0, 128, 0], [0, 31, 0], [0, 187, 165, 0], [0, 200, 0], [0, 106, 95, 0]]]","[3153.909200955322, 3112.761107947732, 3154.108088840884, 3153.5638918751474, 3135.6045011146293, 3139.107884909156, 3134.6845773413515, 3152.8085471970244, 3149.985771577417, 3095.451473119944]","[3110.558478013781, 2849.801229818253, 3133.806802921901, 3035.342741381407]",1400,2.27
200.20.1,200,10,4,endurance,high,high,3600,15.6464,700,31.2928,52.49971498,"[[[0, 193, 4, 42, 161, 105, 145, 157, 147, 58, 197, 75, 189, 136, 13, 37, 70, 33, 3, 200, 92, 0]], [[0, 188, 46, 85, 27, 199, 172, 148, 143, 168, 177, 5, 1, 192, 67, 102, 107, 117, 47, 56, 0]], [[0, 185, 139, 184, 57, 68, 50, 98, 30, 191, 11, 89, 48, 0]], [[0, 138, 195, 128, 95, 82, 119, 171, 86, 94, 141, 186, 39, 15, 113, 132, 66, 0]], [[0, 49, 73, 97, 64, 77, 153, 108, 61, 135, 124, 63, 156, 180, 175, 18, 2, 0]], [[0, 120, 55, 142, 183, 96, 133, 127, 149, 198, 111, 76, 62, 24, 163, 0]], [[0, 20, 69, 181, 167, 83, 34, 72, 17, 140, 109, 25, 80, 116, 71, 179, 19, 0]], [[0, 35, 166, 26, 54, 150, 90, 104, 87, 41, 38, 103, 74, 8, 196, 121, 176, 159, 99, 164, 65, 0]], [[0, 169, 7, 131, 194, 88, 91, 43, 16, 52, 126, 84, 9, 0]], [[0, 152, 118, 162, 114, 93, 182, 158, 14, 101, 36, 40, 44, 6, 151, 134, 110, 60, 187, 0]]]","[[[0, 146, 31, 0], [0, 123, 190, 0], [0, 53, 0], [0, 78, 21, 0], [0, 106, 0]], [[0, 29, 137, 0], [0, 28, 165, 122, 0], [0, 178, 155, 0], [0, 129, 12, 0], [0, 79, 0], [0, 22, 81, 0]], [[0, 100, 0], [0, 173, 130, 0], [0, 112, 0], [0, 160, 154, 0], [0, 23, 0], [0, 144, 0]], [[0, 45, 0], [0, 125, 115, 0], [0, 170, 0], [0, 10, 32, 0], [0, 59, 51, 0], [0, 174, 0]]]","[3125.6275157319888, 3146.418787524426, 3148.7439791260163, 3135.9263798752213, 3147.5783730431895, 3145.139647038468, 3130.461584838147, 3129.482632678677, 3149.9828987387964, 3124.0941979342783]","[3016.4452898762024, 3144.579801480856, 3100.738214988798, 3009.9350465561647]",1400,2.27
200.20.2,200,10,4,endurance,high,high,3600,15.6464,700,31.2928,51.83449054,"[[[0, 47, 165, 78, 45, 178, 97, 88, 56, 85, 136, 198, 115, 102, 73, 156, 166, 86, 185, 76, 0]], [[0, 177, 124, 12, 168, 123, 126, 111, 54, 4, 21, 118, 122, 57, 127, 16, 18, 39, 0]], [[0, 153, 159, 28, 90, 95, 65, 167, 14, 23, 129, 0]], [[0, 67, 2, 149, 77, 140, 119, 160, 71, 169, 180, 107, 10, 48, 109, 52, 0]], [[0, 80, 110, 92, 130, 60, 116, 30, 7, 82, 141, 9, 89, 34, 189, 120, 50, 44, 27, 40, 192, 59, 0]], [[0, 75, 55, 131, 106, 42, 173, 103, 68, 144, 108, 38, 29, 112, 195, 146, 49, 0]], [[0, 200, 113, 138, 145, 69, 155, 98, 170, 79, 152, 19, 20, 37, 182, 74, 72, 0]], [[0, 193, 99, 11, 33, 183, 17, 104, 187, 176, 197, 70, 24, 143, 121, 132, 0]], [[0, 25, 87, 43, 63, 8, 6, 171, 105, 83, 100, 5, 154, 175, 148, 117, 15, 0]], [[0, 91, 174, 96, 26, 164, 194, 58, 84, 135, 133, 158, 128, 101, 162, 41, 172, 0]]]","[[[0, 31, 0], [0, 179, 0], [0, 66, 93, 0], [0, 151, 0], [0, 3, 64, 0], [0, 190, 94, 163, 0]], [[0, 81, 0], [0, 199, 0], [0, 188, 0], [0, 13, 157, 196, 0], [0, 134, 36, 46, 0], [0, 53, 0]], [[0, 125, 0], [0, 186, 1, 0], [0, 191, 0], [0, 137, 0], [0, 22, 0], [0, 51, 161, 150, 0], [0, 147, 61, 0]], [[0, 62, 114, 0], [0, 32, 0], [0, 181, 35, 0], [0, 142, 139, 0], [0, 184, 0]]]","[3106.1739155593536, 3106.6241651655246, 3057.1276482125318, 3110.0694322845766, 3085.4461793807563, 3011.6629328638173, 3105.77219183346, 3102.271001972879, 3102.7398197195816, 3086.6183576810295]","[3053.7339916386572, 3075.4806648508943, 3064.754535511825, 2748.660462087286]",1400,2.27
200.20.2,200,10,4,endurance,high,high,3600,15.6464,700,31.2928,52.69234811,"[[[0, 28, 7, 167, 65, 95, 34, 9, 89, 120, 50, 32, 0]], [[0, 49, 91, 174, 96, 128, 135, 133, 158, 162, 160, 119, 140, 71, 169, 149, 2, 0]], [[0, 22, 151, 179, 25, 87, 43, 63, 171, 6, 8, 108, 38, 29, 194, 26, 101, 114, 0]], [[0, 153, 163, 159, 139, 191, 141, 90, 82, 14, 23, 170, 98, 155, 69, 129, 30, 116, 60, 130, 1, 0]], [[0, 57, 122, 118, 4, 21, 73, 102, 115, 198, 136, 85, 56, 54, 47, 0]], [[0, 99, 11, 33, 70, 24, 143, 121, 182, 37, 20, 19, 152, 79, 145, 138, 113, 200, 0]], [[0, 59, 44, 189, 168, 123, 12, 124, 126, 111, 88, 97, 178, 45, 78, 165, 0]], [[0, 36, 52, 134, 109, 107, 10, 48, 183, 17, 197, 176, 104, 187, 180, 77, 172, 41, 67, 0]], [[0, 131, 112, 106, 42, 173, 103, 68, 144, 84, 58, 164, 195, 55, 146, 0]], [[0, 51, 15, 185, 39, 18, 16, 127, 166, 156, 86, 154, 5, 100, 105, 83, 175, 148, 0]]]","[[[0, 190, 192, 0], [0, 193, 74, 0], [0, 94, 186, 92, 0], [0, 61, 80, 0], [0, 81, 0], [0, 188, 76, 0]], [[0, 31, 0], [0, 184, 0], [0, 35, 0], [0, 132, 46, 0], [0, 27, 0], [0, 110, 0]], [[0, 53, 147, 0], [0, 40, 177, 142, 0], [0, 199, 13, 0], [0, 3, 64, 0], [0, 93, 157, 196, 0]], [[0, 117, 181, 0], [0, 125, 0], [0, 66, 150, 161, 0], [0, 75, 137, 0], [0, 72, 62, 0]]]","[3153.3658764017437, 3147.731091284938, 3143.323690728933, 3157.075764139994, 3160.7425396459275, 3161.5408863655616, 3154.6241080745376, 3159.872220554685, 3155.8130985496778, 3160.914831033103]","[3096.036616141577, 3005.965945278009, 3044.144235278861, 2887.56654571023]",1400,2.27
200.20.2,200,10,4,endurance,high,high,3600,15.6464,700,31.2928,51.79209539,"[[[0, 15, 196, 13, 93, 148, 175, 154, 5, 100, 83, 105, 171, 6, 8, 63, 43, 179, 0]], [[0, 109, 48, 10, 107, 180, 169, 71, 160, 119, 140, 77, 149, 0]], [[0, 200, 113, 138, 69, 170, 98, 155, 79, 145, 152, 19, 20, 37, 182, 125, 0]], [[0, 53, 99, 11, 33, 183, 17, 104, 187, 176, 197, 70, 24, 143, 121, 0]], [[0, 163, 1, 92, 130, 30, 7, 82, 90, 141, 9, 89, 34, 189, 120, 50, 44, 27, 192, 59, 0]], [[0, 72, 2, 172, 41, 101, 162, 128, 158, 133, 135, 84, 58, 164, 26, 96, 174, 91, 0]], [[0, 153, 81, 80, 186, 60, 116, 129, 23, 14, 167, 65, 95, 28, 94, 0]], [[0, 177, 124, 12, 168, 123, 126, 111, 97, 88, 56, 85, 136, 54, 178, 78, 45, 188, 165, 184, 0]], [[0, 161, 150, 57, 122, 118, 4, 21, 198, 115, 102, 73, 156, 166, 127, 18, 16, 86, 185, 0]], [[0, 75, 131, 112, 106, 42, 173, 103, 68, 144, 108, 38, 29, 194, 195, 55, 146, 137, 0]]]","[[[0, 67, 61, 31, 0], [0, 114, 62, 0], [0, 181, 35, 0], [0, 199, 157, 0], [0, 46, 52, 0]], [[0, 64, 3, 0], [0, 51, 151, 0], [0, 47, 159, 139, 0], [0, 22, 117, 0], [0, 110, 0], [0, 147, 0]], [[0, 142, 40, 190, 0], [0, 74, 0], [0, 32, 0], [0, 87, 0], [0, 36, 134, 0]], [[0, 132, 0], [0, 193, 49, 0], [0, 25, 0], [0, 191, 0], [0, 39, 66, 0], [0, 76, 0]]]","[3102.7703666812586, 3107.525723581689, 3094.32351967544, 3100.470796540547, 3106.9995513843605, 3090.586249037328, 3066.7484516671975, 3107.113600854775, 3107.2843854041257, 3091.8503966863473]","[3088.537374168545, 2915.705135065988, 2997.894662423477, 2929.758786531819]",1400,2.27
200.20.2,200,10,4,endurance,high,high,3600,15.6464,700,31.2928,52.75123152,"[[[0, 172, 169, 180, 187, 104, 176, 197, 17, 48, 10, 109, 134, 52, 193, 53, 0]], [[0, 22, 117, 181, 148, 175, 83, 154, 5, 100, 73, 156, 166, 122, 127, 86, 16, 18, 39, 185, 0]], [[0, 184, 165, 78, 178, 111, 126, 124, 12, 123, 168, 189, 34, 9, 89, 120, 50, 44, 59, 0]], [[0, 45, 97, 88, 54, 56, 85, 136, 198, 115, 102, 21, 4, 118, 57, 0]], [[0, 80, 138, 113, 200, 20, 19, 152, 145, 79, 69, 155, 98, 170, 23, 129, 30, 116, 130, 110, 147, 0]], [[0, 60, 7, 14, 167, 65, 95, 141, 82, 90, 28, 0]], [[0, 49, 41, 64, 140, 119, 71, 160, 162, 133, 135, 158, 128, 96, 174, 101, 114, 91, 0]], [[0, 72, 2, 149, 77, 107, 183, 11, 99, 33, 70, 24, 143, 121, 37, 182, 132, 61, 153, 0]], [[0, 55, 195, 29, 38, 108, 42, 173, 103, 68, 144, 84, 58, 194, 164, 26, 146, 0]], [[0, 151, 131, 112, 106, 8, 6, 171, 105, 63, 43, 87, 25, 137, 0]]]","[[[0, 188, 15, 0], [0, 142, 40, 47, 0], [0, 1, 139, 0], [0, 35, 157, 0], [0, 125, 0]], [[0, 192, 0], [0, 159, 186, 0], [0, 32, 0], [0, 92, 94, 0], [0, 93, 66, 0]], [[0, 177, 27, 0], [0, 36, 46, 3, 0], [0, 74, 0], [0, 31, 67, 0], [0, 196, 13, 199, 0]], [[0, 150, 161, 0], [0, 62, 0], [0, 191, 0], [0, 179, 75, 0], [0, 81, 163, 190, 0], [0, 51, 76, 0]]]","[3145.3595605453866, 3161.82697829454, 3155.9594645700404, 3165.073891318265, 3112.128366578952, 3134.9843894109804, 3155.241372866956, 3139.1624008048543, 3158.4057607029376, 3119.5235807671]","[3101.125930493389, 3132.3263046278257, 3018.5473655711266, 3144.694325804752]",1400,2.27
200.20.2,200,10,4,endurance,high,high,3600,15.6464,700,31.2928,52.43382875,"[[[0, 130, 69, 155, 98, 170, 23, 167, 65, 95, 28, 153, 0]], [[0, 137, 179, 43, 63, 171, 6, 8, 112, 108, 38, 29, 194, 58, 164, 26, 195, 55, 0]], [[0, 110, 200, 113, 138, 145, 79, 152, 19, 20, 37, 143, 24, 70, 121, 182, 74, 0]], [[0, 142, 192, 40, 27, 44, 89, 9, 34, 141, 90, 82, 7, 14, 129, 30, 116, 60, 186, 1, 0]], [[0, 188, 54, 56, 85, 136, 198, 115, 102, 73, 21, 4, 118, 122, 57, 161, 0]], [[0, 174, 96, 128, 135, 84, 144, 68, 103, 173, 42, 106, 131, 75, 0]], [[0, 184, 165, 78, 45, 178, 88, 97, 111, 126, 124, 12, 123, 168, 189, 120, 50, 32, 0]], [[0, 53, 99, 11, 33, 183, 17, 197, 176, 104, 187, 180, 107, 10, 48, 109, 134, 52, 36, 46, 0]], [[0, 49, 91, 114, 101, 162, 158, 133, 160, 119, 140, 71, 169, 77, 149, 172, 41, 3, 0]], [[0, 51, 185, 39, 18, 16, 166, 156, 127, 86, 154, 5, 100, 105, 83, 175, 148, 117, 0]]]","[[[0, 72, 62, 0], [0, 199, 93, 0], [0, 2, 0], [0, 67, 64, 0], [0, 59, 190, 177, 0]], [[0, 159, 15, 0], [0, 151, 196, 66, 0], [0, 81, 92, 0], [0, 146, 0], [0, 87, 0]], [[0, 147, 61, 0], [0, 80, 0], [0, 191, 0], [0, 181, 35, 0], [0, 25, 0], [0, 94, 139, 163, 0]], [[0, 47, 0], [0, 157, 13, 22, 0], [0, 125, 0], [0, 193, 132, 0], [0, 76, 150, 0], [0, 31, 0]]]","[3145.361656329507, 3146.029724971092, 3140.3860783246273, 3119.540221940826, 3145.679039644626, 3136.065641830693, 3139.246643259553, 3144.894502330152, 3112.106082935831, 3134.5944322284804]","[2967.4090042482912, 3088.3936972977526, 2873.7188148050923, 3116.4529412212405]",1400,2.27
200.20.3,200,10,4,endurance,high,high,3600,15.6464,700,31.2928,52.17708033,"[[[0, 28, 159, 49, 111, 43, 11, 108, 168, 154, 93, 141, 163, 126, 198, 130, 94, 36, 0]], [[0, 181, 31, 67, 178, 156, 40, 195, 194, 58, 200, 59, 110, 177, 0]], [[0, 71, 19, 161, 175, 98, 162, 129, 65, 155, 42, 183, 115, 151, 78, 0]], [[0, 105, 124, 165, 10, 66, 121, 135, 193, 148, 85, 118, 12, 21, 132, 131, 69, 76, 51, 0]], [[0, 32, 17, 24, 1, 191, 139, 81, 102, 2, 114, 184, 9, 38, 122, 80, 79, 64, 54, 0]], [[0, 120, 107, 92, 153, 145, 100, 127, 174, 179, 63, 147, 189, 34, 134, 15, 0]], [[0, 176, 61, 196, 167, 186, 13, 157, 55, 150, 53, 6, 45, 5, 16, 109, 133, 0]], [[0, 29, 35, 96, 170, 37, 60, 84, 101, 70, 158, 113, 160, 89, 123, 166, 20, 99, 0]], [[0, 190, 73, 172, 74, 46, 119, 48, 88, 18, 138, 50, 22, 27, 75, 91, 192, 82, 83, 125, 86, 137, 44, 169, 144, 0]], [[0, 14, 106, 103, 77, 187, 142, 185, 146, 136, 56, 39, 4, 0]]]","[[[0, 197, 149, 0], [0, 87, 199, 0], [0, 188, 23, 0], [0, 97, 57, 0], [0, 128, 0]], [[0, 117, 68, 0], [0, 173, 47, 0], [0, 180, 143, 30, 0], [0, 8, 0], [0, 112, 26, 0]], [[0, 104, 0], [0, 33, 0], [0, 25, 0], [0, 140, 0], [0, 152, 0], [0, 95, 0], [0, 182, 0]], [[0, 90, 0], [0, 72, 164, 0], [0, 52, 116, 41, 7, 0], [0, 3, 171, 0], [0, 62, 0]]]","[3113.1529809918816, 3130.624819635096, 3127.4481906734122, 3090.2653235713956, 3117.4393522177434, 3056.864372268971, 3127.768842713828, 3130.295492947617, 3113.1247551881866, 3098.8255377415244]","[3078.1449118299433, 3057.7999909591417, 2828.593971210519, 2884.0505699678806]",1400,2.27
200.20.3,200,10,4,endurance,high,high,3600,15.6464,700,31.2928,51.41407544,"[[[0, 176, 61, 181, 31, 67, 196, 167, 186, 157, 13, 55, 150, 109, 25, 0]], [[0, 36, 68, 62, 117, 94, 130, 198, 108, 126, 163, 141, 93, 154, 168, 46, 48, 119, 74, 172, 73, 190, 33, 0]], [[0, 51, 76, 121, 69, 131, 132, 12, 118, 85, 148, 193, 113, 160, 72, 32, 0]], [[0, 54, 44, 83, 38, 114, 2, 102, 81, 29, 35, 96, 166, 123, 20, 1, 24, 99, 199, 197, 0]], [[0, 153, 90, 15, 134, 34, 174, 189, 179, 147, 63, 98, 175, 161, 65, 155, 42, 183, 111, 115, 151, 78, 0]], [[0, 16, 5, 53, 45, 6, 21, 135, 158, 70, 101, 84, 60, 37, 170, 89, 0]], [[0, 177, 200, 58, 194, 178, 156, 40, 195, 142, 59, 110, 0]], [[0, 11, 43, 129, 162, 19, 49, 159, 28, 71, 0]], [[0, 120, 92, 145, 180, 100, 127, 56, 185, 187, 146, 136, 77, 103, 39, 106, 4, 14, 0]], [[0, 144, 188, 79, 80, 122, 184, 9, 192, 91, 75, 27, 138, 88, 18, 50, 22, 82, 125, 86, 137, 64, 169, 87, 0]]]","[[[0, 165, 17, 0], [0, 107, 143, 0], [0, 182, 52, 23, 0], [0, 152, 0], [0, 164, 140, 0]], [[0, 173, 47, 149, 0], [0, 191, 139, 0], [0, 66, 0], [0, 10, 0], [0, 57, 0]], [[0, 105, 171, 0], [0, 3, 112, 0], [0, 128, 0], [0, 41, 7, 116, 0], [0, 30, 0]], [[0, 95, 0], [0, 8, 0], [0, 104, 0], [0, 97, 0], [0, 26, 124, 133, 0]]]","[3069.5567011679987, 3077.9627011836474, 3078.359788761937, 3035.617552258199, 2964.5472362297446, 3084.8445264412503, 3065.3599418108124, 3083.3446474058674, 3060.867595497268, 3082.744679396808]","[3039.1858068442684, 3081.206784638513, 2984.892188912704, 2810.8177579672974]",1400,2.27
200.20.3,200,10,4,endurance,high,high,3600,15.6464,700,31.2928,51.38767726,"[[[0, 51, 197, 99, 1, 24, 20, 123, 166, 96, 35, 29, 81, 102, 2, 114, 122, 80, 79, 23, 188, 54, 0]], [[0, 32, 72, 160, 113, 193, 148, 85, 118, 12, 132, 131, 69, 121, 10, 26, 124, 0]], [[0, 89, 170, 37, 60, 84, 101, 70, 158, 135, 21, 6, 45, 53, 5, 0]], [[0, 110, 58, 194, 178, 156, 40, 195, 142, 200, 59, 177, 0]], [[0, 61, 181, 31, 67, 196, 167, 186, 157, 13, 55, 150, 16, 109, 0]], [[0, 120, 78, 151, 115, 183, 42, 155, 161, 162, 175, 98, 63, 147, 179, 189, 174, 90, 0]], [[0, 111, 43, 11, 129, 65, 19, 49, 159, 28, 71, 34, 134, 15, 153, 92, 0]], [[0, 145, 180, 100, 127, 56, 136, 146, 187, 185, 77, 103, 39, 4, 106, 14, 107, 0]], [[0, 87, 169, 86, 125, 82, 22, 18, 88, 138, 50, 27, 75, 91, 192, 9, 184, 38, 83, 64, 144, 0]], [[0, 190, 36, 73, 172, 74, 48, 119, 46, 168, 154, 93, 141, 163, 108, 126, 198, 130, 94, 117, 62, 68, 0]]]","[[[0, 182, 41, 7, 52, 0], [0, 116, 0], [0, 149, 173, 47, 0], [0, 140, 171, 0], [0, 128, 164, 0]], [[0, 44, 137, 0], [0, 8, 0], [0, 66, 0], [0, 95, 176, 0], [0, 25, 0]], [[0, 143, 30, 0], [0, 105, 199, 0], [0, 33, 0], [0, 57, 97, 0], [0, 133, 112, 3, 0], [0, 104, 0]], [[0, 165, 0], [0, 152, 0], [0, 139, 0], [0, 17, 191, 0], [0, 76, 0]]]","[3081.584100778389, 3081.840474515465, 3083.2606354620657, 3076.716442901298, 3065.4131183800305, 3074.656786855917, 3052.3554606156736, 3062.2312737623142, 3078.4728475168386, 3070.5095588064237]","[3049.5878862384307, 3004.014517208567, 3033.9171990251034, 3074.0131455964683]",1400,2.27
200.20.3,200,10,4,endurance,high,high,3600,15.6464,700,31.2928,51.41407544,"[[[0, 16, 5, 53, 45, 6, 21, 135, 158, 70, 101, 84, 60, 37, 170, 89, 0]], [[0, 177, 110, 59, 200, 58, 194, 178, 156, 40, 195, 142, 187, 0]], [[0, 92, 153, 15, 134, 34, 174, 189, 179, 147, 63, 98, 175, 161, 65, 155, 42, 111, 183, 115, 151, 78, 0]], [[0, 54, 79, 80, 122, 114, 2, 102, 81, 29, 35, 96, 166, 123, 20, 1, 24, 116, 17, 99, 197, 51, 0]], [[0, 36, 149, 173, 47, 172, 74, 119, 48, 46, 168, 154, 93, 141, 163, 126, 108, 198, 130, 94, 62, 0]], [[0, 76, 121, 69, 131, 132, 12, 118, 85, 148, 193, 113, 160, 72, 32, 0]], [[0, 68, 117, 43, 11, 129, 162, 19, 49, 159, 28, 0]], [[0, 176, 61, 181, 31, 67, 196, 167, 186, 13, 157, 55, 150, 109, 3, 25, 0]], [[0, 120, 107, 145, 180, 143, 100, 127, 56, 136, 146, 185, 77, 103, 39, 4, 106, 14, 0]], [[0, 87, 169, 64, 44, 83, 38, 184, 9, 192, 91, 75, 27, 88, 18, 138, 50, 22, 82, 125, 86, 137, 144, 0]]]","[[[0, 133, 26, 0], [0, 112, 57, 0], [0, 190, 73, 0], [0, 140, 97, 0], [0, 165, 0], [0, 33, 0]], [[0, 124, 0], [0, 71, 0], [0, 128, 164, 0], [0, 152, 0], [0, 95, 0], [0, 182, 0]], [[0, 171, 0], [0, 191, 139, 0], [0, 104, 0], [0, 188, 23, 0], [0, 90, 30, 0]], [[0, 8, 0], [0, 199, 0], [0, 10, 52, 0], [0, 66, 0], [0, 41, 7, 105, 0]]]","[3084.8445264412503, 3039.2171375700923, 2982.2327691557084, 3062.5705423146323, 3082.656973196908, 3078.020865527372, 3082.9358455881647, 3074.2324578039197, 3040.544092018609, 3081.056104606311]","[3069.6526571049526, 3061.323089398248, 3080.2453660366505, 2863.702769253324]",1400,2.27
200.20.3,200,10,4,endurance,high,high,3600,15.6464,700,31.2928,51.49718748,"[[[0, 78, 151, 115, 111, 43, 11, 129, 65, 155, 42, 183, 159, 34, 134, 15, 0]], [[0, 107, 145, 100, 127, 56, 146, 185, 103, 77, 136, 39, 4, 51, 0]], [[0, 176, 61, 181, 31, 67, 196, 167, 186, 157, 13, 55, 150, 16, 25, 0]], [[0, 190, 137, 86, 125, 82, 22, 50, 138, 18, 88, 27, 75, 91, 192, 9, 184, 38, 83, 44, 87, 0]], [[0, 89, 170, 37, 60, 84, 101, 70, 158, 135, 21, 6, 45, 53, 5, 109, 0]], [[0, 120, 28, 49, 19, 175, 161, 162, 98, 63, 147, 179, 189, 174, 90, 153, 92, 0]], [[0, 144, 182, 99, 199, 1, 24, 20, 123, 166, 96, 35, 29, 81, 102, 2, 114, 122, 80, 79, 64, 169, 54, 0]], [[0, 32, 72, 160, 113, 193, 148, 85, 118, 12, 132, 131, 69, 121, 10, 104, 26, 0]], [[0, 59, 177, 110, 200, 58, 194, 178, 156, 40, 195, 142, 187, 14, 0]], [[0, 33, 73, 172, 74, 119, 48, 46, 168, 154, 93, 141, 163, 126, 108, 198, 130, 94, 117, 62, 68, 36, 0]]]","[[[0, 133, 3, 124, 0], [0, 23, 0], [0, 66, 0], [0, 106, 0], [0, 128, 0]], [[0, 116, 52, 0], [0, 71, 0], [0, 149, 173, 47, 0], [0, 197, 164, 41, 7, 17, 0], [0, 76, 0]], [[0, 188, 0], [0, 57, 97, 0], [0, 152, 0], [0, 30, 143, 180, 0], [0, 165, 0]], [[0, 8, 0], [0, 95, 0], [0, 112, 140, 0], [0, 171, 105, 0], [0, 191, 139, 0]]]","[3089.501560157518, 3068.631623644679, 3082.8746809175464, 3079.422405663879, 3089.831248523002, 3062.3532842537124, 3067.0666055213787, 3089.070146813845, 3057.860348870812, 3060.3377452930786]","[3087.8332586451015, 3079.198045077916, 3047.9082738637003, 3039.575113210085]",1400,2.27
200.20.4,200,10,4,endurance,high,high,3600,15.6464,700,31.2928,51.36465378,"[[[0, 132, 113, 18, 90, 144, 127, 4, 67, 37, 76, 84, 120, 145, 0]], [[0, 94, 14, 159, 19, 140, 168, 141, 88, 150, 81, 46, 189, 0]], [[0, 137, 124, 24, 15, 200, 135, 107, 11, 188, 114, 175, 126, 92, 170, 142, 73, 164, 0]], [[0, 191, 85, 66, 74, 65, 121, 199, 152, 56, 99, 3, 16, 192, 128, 2, 110, 0]], [[0, 29, 196, 185, 60, 33, 50, 12, 108, 158, 162, 51, 195, 156, 20, 70, 62, 151, 171, 125, 0]], [[0, 166, 131, 54, 130, 10, 68, 109, 161, 79, 182, 155, 100, 183, 160, 0]], [[0, 61, 180, 48, 147, 178, 174, 23, 31, 91, 111, 119, 198, 43, 87, 26, 42, 95, 30, 0]], [[0, 27, 1, 28, 63, 57, 89, 41, 49, 117, 163, 32, 72, 176, 123, 69, 184, 139, 59, 101, 96, 0]], [[0, 35, 169, 172, 190, 39, 133, 197, 86, 179, 187, 40, 17, 115, 58, 7, 105, 103, 25, 22, 0]], [[0, 71, 21, 64, 77, 186, 129, 106, 116, 78, 177, 55, 53, 165, 148, 97, 102, 0]]]","[[[0, 98, 6, 0], [0, 134, 0], [0, 167, 34, 45, 149, 0], [0, 112, 80, 0], [0, 138, 0]], [[0, 173, 154, 146, 0], [0, 136, 0], [0, 13, 5, 0], [0, 153, 9, 193, 0], [0, 118, 122, 0]], [[0, 143, 0], [0, 83, 0], [0, 194, 0], [0, 52, 38, 0], [0, 93, 8, 0]], [[0, 104, 0], [0, 75, 44, 0], [0, 157, 0], [0, 82, 47, 0], [0, 181, 0], [0, 36, 0]]]","[3069.800314213736, 3081.8792269655264, 3080.8081209213037, 3074.481678440527, 3025.479082133185, 3067.665618835943, 3063.076576250439, 3079.229765927133, 3055.693624900549, 3081.435759032094]","[2980.599038051725, 3010.5374276835687, 2848.9577314193593, 2899.661460823276]",1400,2.27
200.20.4,200,10,4,endurance,high,high,3600,15.6464,700,31.2928,51.70265102,"[[[0, 18, 144, 127, 4, 67, 37, 76, 84, 69, 123, 139, 59, 0]], [[0, 185, 60, 33, 50, 12, 108, 158, 162, 51, 20, 156, 195, 175, 114, 126, 107, 11, 92, 142, 196, 0]], [[0, 10, 68, 109, 79, 161, 174, 31, 23, 178, 147, 48, 0]], [[0, 110, 171, 70, 62, 151, 16, 3, 99, 56, 152, 199, 121, 65, 57, 63, 28, 191, 0]], [[0, 80, 119, 111, 91, 198, 43, 53, 55, 177, 78, 116, 165, 87, 26, 42, 148, 102, 0]], [[0, 35, 13, 143, 103, 105, 17, 40, 187, 179, 86, 197, 90, 184, 101, 132, 113, 133, 39, 190, 172, 36, 0]], [[0, 164, 1, 145, 120, 176, 72, 32, 163, 117, 49, 41, 89, 74, 66, 85, 192, 128, 2, 125, 29, 27, 0]], [[0, 71, 64, 141, 88, 140, 19, 159, 168, 77, 186, 106, 129, 14, 94, 95, 0]], [[0, 170, 200, 135, 188, 15, 24, 124, 46, 81, 150, 21, 189, 137, 0]], [[0, 44, 115, 58, 7, 130, 100, 155, 182, 180, 61, 183, 54, 83, 131, 166, 0]]]","[[[0, 45, 30, 0], [0, 173, 154, 146, 0], [0, 8, 22, 0], [0, 97, 118, 0], [0, 134, 0]], [[0, 153, 0], [0, 38, 0], [0, 167, 122, 34, 0], [0, 181, 0], [0, 193, 52, 104, 0]], [[0, 157, 0], [0, 75, 0], [0, 93, 47, 82, 0], [0, 138, 0], [0, 96, 169, 0]], [[0, 25, 0], [0, 160, 112, 6, 98, 0], [0, 9, 194, 0], [0, 136, 149, 0], [0, 73, 0], [0, 5, 0]]]","[3101.008932864583, 3099.327253853295, 3086.8774885064813, 3099.03286497418, 3102.159061499349, 3084.8563026216566, 3065.897304277617, 3101.000355062101, 3078.2319528676007, 3089.17817374855]","[3092.970143525524, 3081.068814502841, 3071.3278103578286, 3007.7051574810926]",1400,2.27
200.20.4,200,10,4,endurance,high,high,3600,15.6464,700,31.2928,51.36465378,"[[[0, 30, 95, 26, 87, 43, 198, 119, 111, 91, 23, 31, 174, 178, 147, 48, 180, 61, 0]], [[0, 131, 54, 130, 10, 100, 68, 109, 161, 79, 182, 155, 183, 157, 0]], [[0, 94, 14, 159, 19, 140, 168, 141, 88, 150, 81, 46, 189, 0]], [[0, 145, 120, 84, 76, 37, 67, 4, 127, 144, 90, 113, 132, 96, 0]], [[0, 110, 125, 2, 128, 16, 3, 192, 99, 56, 152, 199, 121, 65, 57, 63, 28, 1, 0]], [[0, 164, 29, 185, 118, 122, 60, 33, 50, 175, 114, 126, 11, 107, 188, 135, 200, 15, 24, 124, 137, 0]], [[0, 169, 172, 190, 39, 133, 197, 86, 179, 187, 40, 17, 58, 7, 115, 105, 103, 166, 0]], [[0, 27, 196, 142, 45, 170, 92, 12, 108, 158, 162, 51, 195, 156, 20, 70, 62, 151, 171, 0]], [[0, 102, 148, 165, 53, 55, 177, 78, 116, 106, 129, 186, 77, 64, 21, 71, 0]], [[0, 35, 59, 139, 184, 101, 18, 69, 123, 176, 72, 32, 163, 117, 49, 41, 89, 74, 66, 85, 191, 0]]]","[[[0, 104, 13, 0], [0, 36, 153, 0], [0, 193, 5, 0], [0, 8, 134, 0], [0, 160, 0], [0, 181, 0]], [[0, 22, 0], [0, 9, 194, 0], [0, 42, 6, 98, 97, 0], [0, 138, 0], [0, 25, 0]], [[0, 112, 80, 0], [0, 52, 38, 0], [0, 44, 0], [0, 75, 0], [0, 143, 0]], [[0, 83, 0], [0, 149, 73, 0], [0, 173, 154, 146, 0], [0, 47, 93, 82, 0], [0, 167, 136, 34, 0]]]","[3048.9721272117345, 3021.0757147043482, 3081.8792269655264, 3071.6626135048073, 3075.2725413403437, 3050.909795177226, 3041.6931038436683, 3062.9101577226393, 3075.5381670360293, 3051.346203704038]","[2849.8776954527193, 3038.328814669414, 2823.986108149569, 2757.851883446181]",1400,2.27
200.20.4,200,10,4,endurance,high,high,3600,15.6464,700,31.2928,51.86579709,"[[[0, 83, 54, 130, 68, 109, 79, 161, 174, 31, 23, 178, 147, 48, 0]], [[0, 166, 131, 9, 105, 103, 17, 115, 58, 7, 10, 100, 155, 182, 180, 61, 183, 52, 160, 0]], [[0, 13, 172, 190, 39, 187, 40, 179, 86, 197, 133, 18, 113, 132, 101, 184, 69, 123, 139, 176, 120, 47, 1, 0]], [[0, 193, 43, 119, 91, 111, 198, 53, 55, 177, 78, 165, 87, 26, 148, 42, 97, 102, 0]], [[0, 29, 185, 33, 50, 12, 108, 158, 162, 51, 20, 156, 195, 175, 114, 126, 107, 11, 92, 170, 0]], [[0, 35, 96, 59, 90, 144, 127, 4, 67, 37, 76, 84, 72, 145, 0]], [[0, 164, 73, 196, 142, 34, 122, 60, 171, 70, 62, 151, 16, 3, 99, 56, 192, 128, 2, 110, 125, 167, 0]], [[0, 191, 28, 154, 173, 63, 57, 89, 41, 49, 32, 163, 117, 121, 152, 199, 65, 74, 66, 85, 0]], [[0, 14, 129, 106, 116, 159, 19, 140, 168, 186, 77, 21, 189, 137, 0]], [[0, 149, 200, 135, 188, 15, 24, 124, 46, 81, 150, 88, 141, 64, 71, 94, 95, 30, 0]]]","[[[0, 93, 8, 0], [0, 6, 112, 0], [0, 22, 75, 0], [0, 138, 0], [0, 104, 0]], [[0, 44, 0], [0, 5, 80, 0], [0, 136, 134, 0], [0, 181, 0], [0, 45, 118, 0]], [[0, 27, 0], [0, 25, 0], [0, 82, 146, 0], [0, 194, 0], [0, 153, 36, 0]], [[0, 98, 0], [0, 143, 0], [0, 169, 0], [0, 38, 0], [0, 157, 0]]]","[3111.9478254506434, 3100.8657275739315, 3078.524510304822, 3076.7778272355667, 3111.74058650716, 3107.5369756428036, 3074.0245300902657, 3098.6558555580023, 3109.638761923255, 3098.8131043413973]","[2721.2298021567826, 3084.1991648424946, 2754.7811327841773, 2315.748110022417]",1400,2.27
200.20.4,200,10,4,endurance,high,high,3600,15.6464,700,31.2928,51.36465378,"[[[0, 94, 14, 159, 19, 140, 168, 141, 88, 150, 81, 46, 189, 0]], [[0, 73, 170, 92, 12, 108, 175, 114, 126, 11, 107, 188, 135, 200, 15, 24, 124, 137, 0]], [[0, 166, 183, 155, 182, 79, 161, 109, 68, 100, 10, 130, 54, 83, 104, 0]], [[0, 71, 21, 64, 77, 186, 129, 106, 116, 78, 177, 55, 53, 165, 95, 0]], [[0, 59, 184, 90, 144, 127, 4, 67, 37, 76, 84, 120, 145, 47, 1, 0]], [[0, 160, 61, 180, 48, 147, 178, 174, 31, 23, 91, 111, 119, 198, 43, 87, 26, 148, 97, 102, 30, 0]], [[0, 35, 36, 169, 172, 96, 132, 18, 113, 101, 69, 139, 123, 176, 72, 32, 163, 117, 49, 41, 89, 57, 63, 28, 191, 0]], [[0, 27, 29, 196, 185, 33, 50, 158, 162, 51, 195, 156, 20, 70, 62, 151, 16, 2, 110, 125, 0]], [[0, 142, 118, 122, 60, 171, 128, 192, 3, 99, 56, 152, 199, 121, 65, 74, 66, 85, 0]], [[0, 22, 190, 39, 133, 197, 86, 179, 187, 40, 17, 115, 58, 7, 103, 105, 131, 0]]]","[[[0, 45, 0], [0, 154, 173, 146, 0], [0, 193, 138, 0], [0, 82, 0], [0, 153, 0]], [[0, 134, 34, 167, 0], [0, 5, 42, 6, 112, 98, 0], [0, 93, 8, 0], [0, 25, 13, 0]], [[0, 157, 0], [0, 44, 75, 0], [0, 80, 164, 0], [0, 136, 0]], [[0, 143, 0], [0, 52, 0], [0, 194, 9, 0], [0, 181, 0], [0, 38, 0], [0, 149, 0]]]","[3081.8792269655264, 3074.858742722861, 3036.8840763055587, 3080.519845816711, 3077.997450721992, 3070.2626241896073, 3023.778473601641, 3046.570684899261, 3077.507792311326, 3037.4470694050574]","[2965.689534323575, 2648.424868035253, 2371.724096369899, 3015.325163031759]",1400,2.27
200.30.1,200,10,4,endurance,high,high,3600,15.6464,700,31.2928,99.30433344,"[[[0, 132, 0], [0, 121, 32, 140, 21, 61, 48, 45, 131, 111, 139, 186, 23, 27, 151, 99, 31, 137, 85, 0]], [[0, 33, 35, 0], [0, 158, 102, 55, 173, 17, 15, 66, 92, 168, 96, 18, 171, 91, 42, 152, 122, 179, 197, 0]], [[0, 193, 13, 187, 163, 130, 161, 74, 88, 20, 49, 84, 126, 159, 81, 103, 169, 157, 180, 59, 199, 0], [0, 128, 0]], [[0, 64, 0], [0, 142, 11, 105, 117, 83, 10, 93, 138, 57, 34, 110, 43, 52, 153, 29, 154, 194, 46, 7, 68, 0]], [[0, 38, 94, 3, 78, 116, 53, 89, 40, 24, 123, 166, 19, 0]], [[0, 76, 2, 72, 145, 65, 167, 12, 135, 73, 75, 119, 4, 8, 114, 129, 0], [0, 136, 97, 0]], [[0, 44, 127, 62, 164, 95, 25, 37, 109, 60, 177, 200, 47, 9, 125, 0], [0, 144, 107, 0]], [[0, 63, 182, 178, 79, 188, 108, 5, 51, 71, 143, 189, 56, 160, 14, 195, 196, 115, 190, 0], [0, 146, 87, 0]], [[0, 191, 156, 30, 50, 133, 70, 6, 141, 22, 174, 120, 175, 172, 0], [0, 54, 1, 0]], [[0, 124, 0], [0, 134, 41, 148, 104, 101, 185, 58, 149, 176, 184, 86, 155, 36, 162, 165, 147, 80, 16, 0]]]","[[[0, 26, 106, 0], [0, 39, 82, 0], [0, 170, 0], [0, 150, 0], [0, 183, 77, 0], [0, 69, 0], [0, 67, 0], [0, 28, 0], [0, 181, 0]], [[0, 112, 113, 0], [0, 90, 0], [0, 100, 0], [0, 198, 0], [0, 98, 0]], [], [[0, 118, 192, 0]]]","[5926.758412152972, 5901.770738018442, 5911.415204233459, 5958.26000648143, 4965.353744750959, 5872.933256457867, 5955.7723599518595, 5746.178269766747, 5909.831252516507, 5865.225960656112]","[5504.742574783137, 2948.867694260576, -0.0, 688.2764265774209]",1400,2.27
200.30.1,200,10,4,endurance,high,high,3600,15.6464,700,31.2928,98.77517343,"[[[0, 25, 37, 60, 109, 79, 188, 108, 5, 51, 71, 178, 182, 143, 63, 189, 56, 160, 196, 190, 124, 0]], [[0, 174, 13, 187, 88, 74, 161, 130, 163, 22, 141, 6, 70, 133, 50, 30, 156, 191, 150, 0], [0, 33, 129, 0]], [[0, 16, 80, 0], [0, 134, 142, 105, 11, 72, 145, 4, 8, 76, 2, 35, 128, 90, 118, 0]], [[0, 121, 32, 140, 21, 61, 48, 45, 131, 111, 139, 186, 95, 164, 62, 127, 44, 82, 132, 112, 0], [0, 97, 0]], [[0, 85, 99, 23, 27, 151, 31, 137, 0], [0, 159, 81, 49, 20, 84, 126, 193, 0]], [[0, 59, 197, 179, 66, 92, 96, 18, 171, 91, 122, 152, 42, 103, 169, 157, 180, 0], [0, 120, 175, 172, 0]], [[0, 52, 101, 185, 58, 176, 184, 86, 155, 36, 165, 147, 14, 195, 115, 9, 47, 177, 200, 125, 0], [0, 87, 0]], [[0, 64, 0], [0, 162, 149, 43, 110, 34, 57, 93, 138, 10, 83, 117, 41, 148, 104, 153, 29, 154, 194, 46, 7, 68, 0]], [[0, 19, 166, 123, 24, 40, 116, 53, 89, 168, 15, 17, 173, 55, 102, 158, 0], [0, 114, 0]], [[0, 144, 107, 75, 73, 12, 135, 78, 3, 94, 38, 65, 167, 119, 0], [0, 1, 54, 0]]]","[[[0, 98, 0], [0, 192, 0], [0, 170, 26, 0], [0, 113, 0], [0, 100, 0], [0, 136, 146, 0], [0, 28, 0], [0, 69, 0], [0, 181, 0]], [[0, 67, 39, 0], [0, 183, 77, 0]], [[0, 198, 0], [0, 199, 106, 0]], []]","[5038.007721140706, 5877.302207947565, 5879.580945814286, 5898.513763703886, 5915.404887828935, 5877.985814898892, 5434.741583361525, 5926.510405719737, 5926.08077417779, 5923.944937462273]","[5818.862805226119, 1224.3534268965527, 1166.2551565580075, -0.0]",1400,2.27
200.30.1,200,10,4,endurance,high,high,3600,15.6464,700,31.2928,94.95860272,"[[[0, 76, 8, 4, 145, 72, 134, 41, 148, 104, 153, 29, 154, 194, 46, 7, 0], [0, 129, 106, 33, 0]], [[0, 50, 133, 70, 6, 141, 22, 163, 130, 161, 74, 88, 20, 49, 84, 126, 187, 13, 193, 175, 172, 0], [0, 146, 0]], [[0, 112, 0], [0, 52, 101, 149, 176, 184, 86, 155, 36, 162, 165, 147, 160, 14, 195, 196, 97, 80, 0]], [[0, 103, 169, 81, 159, 174, 156, 30, 191, 121, 151, 27, 23, 99, 132, 85, 0], [0, 124, 26, 0]], [[0, 89, 53, 116, 78, 135, 73, 75, 12, 3, 94, 38, 65, 167, 119, 114, 0]], [[0, 158, 102, 173, 55, 17, 15, 168, 40, 24, 123, 166, 19, 144, 107, 0], [0, 1, 54, 120, 0]], [[0, 59, 197, 179, 66, 92, 96, 18, 171, 91, 122, 42, 152, 157, 180, 0], [0, 31, 137, 0]], [[0, 200, 47, 177, 60, 109, 79, 188, 108, 5, 51, 71, 178, 143, 182, 63, 189, 56, 9, 115, 190, 39, 0], [0, 87, 0]], [[0, 32, 140, 21, 61, 48, 45, 131, 111, 139, 186, 95, 37, 25, 164, 62, 127, 44, 125, 0]], [[0, 185, 58, 43, 110, 34, 57, 10, 93, 138, 83, 117, 105, 11, 142, 2, 35, 128, 118, 0]]]","[[[0, 82, 0], [0, 181, 0], [0, 170, 0], [0, 67, 0], [0, 136, 0], [0, 198, 0], [0, 98, 0], [0, 77, 0], [0, 64, 0]], [[0, 100, 68, 0], [0, 90, 0], [0, 69, 0], [0, 28, 0], [0, 192, 0], [0, 183, 0], [0, 16, 0], [0, 113, 0], [0, 199, 0]], [[0, 150, 0]], []]","[5628.268571546938, 5667.314303065475, 5566.295029727677, 5687.0165475565445, 5444.08302051133, 5678.727718163954, 5697.516163454795, 5230.406415609438, 5034.889172942953, 4998.323337249074]","[5386.342648527059, 5510.862283537061, 523.3817765906117, -0.0]",1400,2.27
200.30.1,200,10,4,endurance,high,high,3600,15.6464,700,31.2928,94.21401194,"[[[0, 54, 32, 140, 21, 61, 151, 0], [0, 97, 14, 195, 196, 190, 124, 146, 0]], [[0, 73, 75, 12, 135, 78, 3, 94, 38, 167, 65, 4, 145, 72, 76, 0]], [[0, 26, 0], [0, 56, 189, 63, 143, 182, 178, 71, 51, 5, 108, 188, 79, 109, 60, 37, 62, 127, 44, 125, 39, 0]], [[0, 160, 115, 9, 47, 177, 200, 164, 25, 95, 186, 139, 131, 48, 45, 111, 27, 23, 99, 132, 112, 0]], [[0, 180, 157, 169, 103, 81, 159, 126, 84, 49, 20, 187, 13, 174, 193, 120, 175, 69, 172, 0], [0, 80, 16, 0]], [[0, 41, 148, 104, 110, 34, 57, 93, 138, 10, 83, 117, 105, 11, 142, 2, 35, 0]], [[0, 88, 74, 161, 130, 163, 22, 141, 6, 70, 133, 50, 30, 156, 191, 121, 31, 137, 1, 0]], [[0, 183, 0], [0, 158, 102, 55, 173, 17, 15, 66, 92, 168, 24, 123, 166, 19, 144, 107, 119, 8, 114, 128, 90, 0]], [[0, 147, 165, 162, 36, 155, 184, 86, 176, 43, 149, 185, 58, 101, 52, 153, 29, 154, 134, 194, 46, 7, 68, 0]], [[0, 40, 116, 53, 89, 96, 18, 171, 91, 122, 152, 42, 179, 197, 59, 0]]]","[[[0, 192, 118, 0], [0, 198, 0], [0, 150, 0], [0, 136, 0], [0, 28, 0], [0, 181, 0], [0, 98, 0], [0, 113, 0], [0, 85, 82, 0]], [[0, 106, 199, 0], [0, 67, 0], [0, 33, 0], [0, 77, 0], [0, 87, 64, 129, 0], [0, 170, 0]], [[0, 100, 0]], []]","[5652.840716681177, 4914.530342792585, 5357.478965115037, 4876.4388271689695, 5628.253680046462, 5068.435947545132, 5222.756910601708, 5471.3417093236485, 4950.427277645752, 5099.395079576764]","[5532.17700101466, 3555.1790186157714, 664.5291794278261, -0.0]",1400,2.27
200.30.1,200,10,4,endurance,high,high,3600,15.6464,700,31.2928,101.6563184,"[[[0, 25, 37, 60, 109, 79, 188, 108, 5, 51, 71, 178, 182, 143, 63, 189, 56, 160, 14, 195, 196, 136, 124, 0], [0, 146, 0]], [[0, 158, 173, 55, 102, 17, 15, 168, 92, 66, 96, 18, 171, 91, 42, 152, 122, 179, 197, 59, 0], [0, 54, 1, 0]], [[0, 135, 78, 116, 53, 89, 40, 24, 123, 166, 19, 0], [0, 39, 97, 0]], [[0, 84, 20, 49, 88, 74, 161, 130, 163, 22, 141, 6, 70, 133, 50, 30, 156, 191, 120, 0], [0, 26, 0]], [[0, 121, 32, 140, 21, 61, 48, 45, 131, 111, 139, 186, 95, 164, 62, 127, 44, 0], [0, 114, 128, 118, 0]], [[0, 52, 101, 185, 58, 149, 176, 184, 86, 155, 36, 162, 165, 147, 80, 0], [0, 180, 157, 103, 169, 0]], [[0, 69, 159, 81, 126, 187, 13, 174, 193, 175, 172, 77, 0], [0, 112, 132, 99, 23, 27, 151, 31, 137, 0]], [[0, 144, 75, 73, 12, 3, 94, 38, 167, 65, 145, 72, 4, 8, 119, 107, 0], [0, 68, 35, 33, 129, 0]], [[0, 125, 200, 177, 47, 9, 115, 190, 0], [0, 46, 134, 41, 148, 104, 153, 29, 154, 194, 7, 0]], [[0, 43, 110, 34, 57, 10, 83, 93, 138, 117, 105, 11, 142, 2, 76, 0]]]","[[[0, 87, 0], [0, 170, 0], [0, 181, 0], [0, 199, 106, 0], [0, 192, 0], [0, 28, 0], [0, 82, 0]], [[0, 183, 85, 0], [0, 16, 0]], [[0, 100, 0], [0, 98, 0], [0, 113, 0], [0, 150, 0], [0, 90, 0]], [[0, 64, 0], [0, 198, 0], [0, 67, 0]]]","[5456.9545919037055, 5991.698992210508, 5920.278721305663, 5426.357778186581, 6098.009688976615, 6081.16135619403, 6057.912515154498, 6092.9899179236545, 6099.379106019969, 5058.526441111315]","[4163.411396396237, 1225.7359838465932, 2999.341646704759, 1458.2569392317598]",1400,2.27
200.30.2,200,10,4,endurance,high,high,3600,15.6464,700,31.2928,87.48664917,"[[[0, 78, 130, 120, 16, 166, 143, 192, 62, 98, 44, 20, 133, 85, 147, 140, 146, 0], [0, 178, 161, 0]], [[0, 57, 0], [0, 96, 190, 165, 114, 126, 87, 14, 41, 52, 31, 197, 196, 0]], [[0, 142, 169, 18, 0], [0, 155, 43, 113, 32, 149, 83, 17, 115, 70, 152, 104, 176, 27, 188, 3, 117, 132, 186, 0]], [[0, 66, 64, 124, 185, 99, 109, 50, 60, 139, 23, 105, 84, 48, 103, 92, 0]], [[0, 34, 11, 15, 81, 1, 194, 4, 102, 26, 30, 86, 174, 72, 138, 49, 46, 135, 67, 75, 0]], [[0, 8, 106, 22, 42, 144, 159, 200, 154, 36, 24, 63, 9, 45, 129, 82, 125, 134, 158, 0]], [[0, 118, 71, 123, 199, 97, 128, 163, 145, 95, 88, 93, 191, 180, 131, 77, 116, 189, 68, 198, 187, 10, 0]], [[0, 182, 137, 28, 153, 21, 119, 12, 156, 38, 127, 39, 136, 175, 90, 19, 0], [0, 177, 148, 54, 0]], [[0, 110, 94, 170, 58, 141, 25, 173, 168, 37, 53, 6, 164, 160, 100, 193, 167, 51, 80, 150, 47, 61, 0]], [[0, 172, 40, 7, 0], [0, 179, 108, 122, 74, 91, 35, 13, 151, 2, 157, 29, 111, 69, 121, 79, 59, 181, 56, 183, 0]]]","[[[0, 55, 89, 0], [0, 107, 195, 76, 0], [0, 65, 0], [0, 112, 33, 0], [0, 101, 0], [0, 184, 0], [0, 171, 0]], [[0, 73, 5, 0], [0, 162, 0]], [], []]","[5217.808933706713, 5048.876585147762, 5217.641999127485, 5249.198950289426, 4730.730109168003, 5064.158135193579, 5097.729054249794, 5238.613344725031, 5022.16034854973, 5244.188805027852]","[4093.374497935086, 1174.7215949992185, -0.0, -0.0]",1400,2.27
200.30.2,200,10,4,endurance,high,high,3600,15.6464,700,31.2928,104.9819296,"[[[0, 118, 71, 123, 199, 97, 128, 163, 145, 95, 88, 93, 191, 180, 131, 77, 79, 116, 135, 67, 0], [0, 33, 10, 56, 0]], [[0, 111, 29, 2, 157, 151, 13, 35, 91, 78, 130, 166, 16, 120, 122, 108, 179, 107, 0], [0, 178, 76, 146, 195, 0]], [[0, 109, 99, 185, 124, 64, 66, 143, 192, 62, 98, 84, 48, 103, 92, 0], [0, 177, 75, 0]], [[0, 57, 69, 121, 181, 59, 0], [0, 196, 31, 165, 87, 126, 114, 190, 96, 150, 0]], [[0, 85, 133, 20, 44, 105, 23, 50, 139, 60, 14, 41, 52, 0], [0, 86, 30, 171, 0]], [[0, 137, 28, 153, 21, 119, 12, 156, 38, 127, 175, 39, 136, 90, 19, 0], [0, 73, 5, 74, 0]], [[0, 9, 63, 24, 36, 154, 200, 159, 144, 22, 42, 106, 8, 45, 129, 82, 125, 182, 134, 40, 0], [0, 68, 0]], [[0, 161, 147, 140, 0], [0, 158, 34, 11, 15, 81, 1, 194, 4, 102, 26, 72, 138, 174, 49, 46, 189, 55, 183, 0]], [[0, 70, 152, 104, 37, 168, 173, 53, 6, 100, 160, 164, 25, 141, 58, 170, 94, 110, 51, 80, 61, 142, 0], [0, 197, 0]], [[0, 186, 132, 117, 3, 188, 27, 149, 83, 17, 115, 176, 193, 167, 47, 0], [0, 148, 32, 113, 155, 43, 54, 0]]]","[[[0, 89, 187, 0], [0, 65, 0], [0, 18, 0]], [[0, 101, 0], [0, 7, 0], [0, 198, 0]], [[0, 172, 0]], [[0, 169, 112, 0], [0, 162, 0], [0, 184, 0]]]","[6199.146100204355, 6254.336100497276, 6132.239329526662, 6285.356822502594, 6298.915774174289, 6107.343939602872, 6261.510975157247, 6291.671146598596, 6220.284590427096, 6270.189107664639]","[1488.9324322354055, 1367.0558885388555, 396.52325134306966, 1621.0833646399328]",1400,2.27
200.30.2,200,10,4,endurance,high,high,3600,15.6464,700,31.2928,100.3327287,"[[[0, 176, 6, 53, 173, 168, 37, 104, 152, 70, 115, 17, 83, 149, 3, 117, 132, 186, 184, 148, 0], [0, 196, 0]], [[0, 32, 113, 155, 43, 39, 136, 90, 175, 127, 38, 156, 12, 119, 21, 28, 137, 101, 0], [0, 135, 0]], [[0, 52, 41, 165, 126, 87, 14, 60, 139, 50, 23, 105, 84, 48, 103, 92, 0], [0, 172, 134, 0]], [[0, 44, 185, 99, 109, 124, 192, 62, 98, 20, 133, 85, 147, 140, 161, 0], [0, 183, 10, 198, 75, 0]], [[0, 199, 97, 128, 163, 145, 95, 88, 93, 191, 180, 131, 72, 138, 77, 189, 67, 89, 0]], [[0, 8, 106, 22, 42, 144, 159, 200, 154, 36, 24, 63, 9, 45, 129, 153, 82, 125, 182, 0], [0, 169, 0]], [[0, 47, 61, 142, 0], [0, 46, 49, 174, 86, 30, 26, 102, 4, 194, 1, 81, 15, 11, 34, 158, 0]], [[0, 64, 66, 143, 166, 16, 120, 130, 122, 179, 108, 78, 74, 91, 35, 13, 57, 56, 0]], [[0, 107, 76, 0], [0, 111, 29, 151, 2, 157, 123, 71, 118, 69, 121, 181, 59, 79, 116, 68, 187, 0]], [[0, 96, 190, 114, 110, 94, 170, 58, 141, 25, 164, 160, 100, 193, 27, 188, 167, 51, 80, 150, 112, 0], [0, 31, 178, 0]]]","[[[0, 55, 7, 0], [0, 197, 0], [0, 171, 0], [0, 18, 0], [0, 19, 0], [0, 65, 0], [0, 195, 33, 0], [0, 162, 0], [0, 146, 0], [0, 5, 73, 0]], [[0, 54, 40, 177, 0]], [], []]","[5618.770122250103, 5982.503594019005, 6011.174347056265, 5927.89596892114, 5423.0931312210505, 5875.5897488916835, 6019.963719436252, 5407.434710592625, 5997.729562633263, 6005.2422683365585]","[5580.149804861591, 647.5297457189415, -0.0, -0.0]",1400,2.27
200.30.2,200,10,4,endurance,high,high,3600,15.6464,700,31.2928,89.71764462,"[[[0, 179, 108, 122, 74, 78, 130, 120, 16, 166, 143, 66, 64, 192, 62, 98, 85, 92, 178, 0], [0, 172, 0]], [[0, 139, 60, 50, 23, 105, 109, 99, 124, 185, 44, 20, 133, 147, 140, 0]], [[0, 31, 96, 190, 165, 114, 126, 87, 14, 41, 52, 84, 48, 103, 0], [0, 68, 0]], [[0, 91, 35, 13, 151, 2, 157, 29, 111, 69, 121, 79, 116, 59, 181, 57, 56, 10, 183, 0], [0, 33, 0]], [[0, 9, 63, 24, 36, 154, 200, 159, 144, 42, 22, 106, 8, 45, 129, 82, 134, 182, 101, 40, 7, 0]], [[0, 30, 86, 174, 49, 138, 72, 26, 102, 4, 194, 1, 15, 81, 34, 11, 158, 65, 171, 0]], [[0, 169, 112, 0], [0, 61, 47, 150, 80, 51, 167, 193, 176, 115, 17, 83, 149, 3, 32, 113, 43, 155, 148, 0]], [[0, 118, 71, 123, 199, 97, 128, 163, 145, 95, 88, 93, 191, 180, 131, 77, 46, 189, 67, 135, 75, 0]], [[0, 177, 142, 18, 0], [0, 90, 175, 136, 39, 127, 38, 156, 12, 119, 21, 153, 125, 28, 137, 0]], [[0, 110, 94, 170, 58, 141, 25, 164, 160, 100, 6, 53, 173, 168, 37, 104, 152, 70, 27, 188, 117, 132, 186, 184, 0]]]","[[[0, 107, 196, 0], [0, 187, 55, 0], [0, 161, 195, 76, 0], [0, 162, 54, 0], [0, 89, 0], [0, 198, 0], [0, 5, 0], [0, 19, 0], [0, 197, 0]], [[0, 146, 0], [0, 73, 0]], [], []]","[5254.265274209224, 4801.194532395733, 5383.058677230191, 5115.510088134094, 5072.72654939665, 4621.477339365943, 5367.7411418687, 5104.589174904373, 5059.977248394624, 5013.944146980018]","[5296.895930610203, 1100.438671142345, -0.0, -0.0]",1400,2.27
200.30.2,200,10,4,endurance,high,high,3600,15.6464,700,31.2928,99.72859204,"[[[0, 35, 91, 74, 78, 130, 120, 16, 166, 143, 66, 64, 192, 62, 98, 20, 147, 0], [0, 183, 10, 198, 68, 55, 0]], [[0, 175, 127, 38, 156, 12, 119, 21, 9, 8, 45, 129, 125, 82, 153, 28, 137, 0], [0, 177, 142, 162, 0]], [[0, 63, 24, 36, 154, 200, 159, 144, 42, 22, 106, 81, 15, 1, 4, 194, 11, 34, 158, 65, 0], [0, 178, 161, 0]], [[0, 18, 148, 184, 169, 0], [0, 13, 111, 29, 151, 2, 157, 71, 123, 97, 128, 199, 118, 69, 57, 56, 0]], [[0, 135, 189, 77, 131, 180, 191, 93, 88, 145, 163, 95, 121, 79, 116, 59, 181, 0], [0, 134, 182, 172, 0]], [[0, 86, 30, 102, 26, 72, 138, 49, 174, 46, 67, 0], [0, 140, 122, 108, 179, 0]], [[0, 104, 37, 168, 173, 53, 6, 164, 25, 141, 58, 170, 110, 94, 160, 100, 193, 167, 51, 80, 150, 47, 0]], [[0, 103, 48, 84, 105, 23, 50, 109, 99, 124, 185, 44, 133, 85, 92, 0], [0, 31, 196, 0]], [[0, 7, 75, 0], [0, 149, 83, 17, 115, 152, 70, 176, 27, 188, 3, 32, 113, 155, 43, 39, 136, 90, 0]], [[0, 52, 41, 14, 139, 60, 87, 126, 114, 165, 190, 96, 0], [0, 186, 132, 117, 61, 0]]]","[[[0, 107, 195, 0], [0, 146, 0], [0, 89, 187, 0], [0, 5, 0], [0, 19, 54, 0], [0, 112, 197, 0], [0, 76, 73, 0], [0, 101, 0]], [[0, 171, 0], [0, 40, 33, 0]], [], []]","[5977.875086910652, 5927.643159358933, 5714.9056322288725, 5874.669952968036, 5979.333154476724, 5966.857342253035, 5365.395758956987, 5920.915200301255, 5810.550582795074, 5983.715522226982]","[4852.920270666735, 988.7875414790421, -0.0, -0.0]",1400,2.27
200.30.3,200,10,4,endurance,high,high,3600,15.6464,700,31.2928,111.578894,"[[[0, 188, 115, 134, 45, 56, 168, 106, 75, 20, 99, 157, 97, 162, 138, 0], [0, 46, 123, 144, 0]], [[0, 133, 71, 0], [0, 48, 158, 23, 25, 109, 86, 81, 74, 129, 151, 135, 137, 33, 142, 193, 9, 79, 8, 10, 173, 0]], [[0, 29, 32, 5, 118, 120, 54, 70, 92, 69, 122, 80, 112, 73, 189, 117, 4, 83, 0], [0, 52, 0]], [[0, 153, 72, 149, 136, 77, 166, 24, 15, 58, 21, 139, 196, 194, 0], [0, 60, 6, 187, 16, 66, 182, 0]], [[0, 104, 87, 95, 183, 26, 63, 127, 3, 0], [0, 108, 128, 61, 141, 159, 50, 94, 192, 0]], [[0, 35, 198, 0], [0, 180, 68, 36, 39, 51, 113, 89, 76, 132, 88, 125, 126, 190, 169, 91, 57, 172, 38, 0]], [[0, 124, 178, 184, 121, 140, 101, 110, 40, 42, 62, 30, 119, 111, 64, 197, 18, 161, 28, 0], [0, 154, 13, 90, 181, 0]], [[0, 100, 105, 37, 43, 156, 19, 131, 107, 53, 179, 150, 155, 185, 14, 17, 65, 0], [0, 176, 0]], [[0, 174, 98, 27, 22, 67, 167, 49, 164, 195, 59, 163, 85, 160, 78, 146, 84, 96, 11, 171, 143, 0], [0, 200, 116, 114, 34, 0]], [[0, 1, 175, 165, 82, 170, 0], [0, 12, 177, 31, 44, 2, 148, 145, 152, 186, 0]]]","[[[0, 41, 0], [0, 199, 0], [0, 147, 0], [0, 93, 0], [0, 130, 0]], [[0, 55, 0], [0, 102, 0]], [[0, 191, 0], [0, 47, 0]], [[0, 103, 0], [0, 7, 0]]]","[6683.805459540444, 6451.503551075604, 5973.025059064866, 6632.538595616805, 6694.733639322914, 6685.073542684862, 6691.874821810723, 6613.386518351346, 6647.103258614893, 6688.460275263447]","[3126.8544215909374, 1275.1308703115078, 1287.2059979290707, 1059.5101254874724]",1400,2.27
200.30.3,200,10,4,endurance,high,high,3600,15.6464,700,31.2928,112.8980047,"[[[0, 102, 182, 0], [0, 188, 115, 134, 45, 56, 168, 106, 20, 75, 59, 163, 85, 160, 78, 143, 46, 0]], [[0, 66, 148, 2, 44, 31, 48, 109, 86, 25, 23, 158, 177, 12, 0], [0, 144, 174, 98, 27, 22, 0]], [[0, 67, 167, 49, 164, 195, 99, 157, 97, 162, 0], [0, 72, 15, 58, 21, 139, 194, 196, 16, 145, 152, 186, 0]], [[0, 82, 1, 175, 165, 14, 185, 131, 107, 53, 179, 150, 155, 35, 0], [0, 124, 184, 64, 197, 18, 161, 178, 28, 103, 0]], [[0, 121, 42, 62, 30, 119, 111, 114, 34, 200, 116, 0], [0, 108, 128, 61, 141, 159, 50, 94, 192, 0]], [[0, 71, 147, 83, 170, 0], [0, 69, 92, 70, 54, 120, 118, 5, 32, 29, 63, 26, 183, 39, 51, 36, 0]], [[0, 176, 171, 11, 146, 84, 96, 0], [0, 104, 180, 68, 95, 87, 127, 3, 122, 80, 112, 73, 189, 117, 4, 0]], [[0, 19, 156, 100, 43, 37, 105, 77, 166, 24, 136, 149, 153, 60, 0], [0, 199, 187, 6, 0]], [[0, 65, 17, 198, 0], [0, 79, 9, 193, 142, 33, 137, 81, 74, 129, 151, 135, 40, 140, 101, 110, 8, 10, 173, 133, 0]], [[0, 123, 154, 13, 90, 138, 181, 0], [0, 76, 89, 113, 132, 88, 125, 126, 190, 169, 91, 57, 172, 38, 0]]]","[[[0, 55, 0], [0, 93, 0], [0, 47, 0], [0, 7, 0], [0, 52, 0], [0, 191, 0]], [[0, 41, 0], [0, 130, 0]], [], []]","[6766.941440675882, 6767.085414312103, 6765.257089343997, 6762.037063315059, 6754.7560282785125, 6704.13260900553, 6773.880281603597, 6769.113303729322, 6752.725851108281, 6762.39833162622]","[3647.089783646011, 1321.617999571437, -0.0, -0.0]",1400,2.27
200.30.3,200,10,4,endurance,high,high,3600,15.6464,700,31.2928,107.1040012,"[[[0, 60, 0], [0, 69, 92, 54, 120, 118, 5, 32, 29, 88, 132, 113, 51, 39, 36, 68, 180, 104, 0]], [[0, 1, 175, 165, 14, 185, 131, 107, 53, 179, 150, 155, 35, 147, 83, 0], [0, 28, 178, 184, 114, 34, 116, 0]], [[0, 182, 173, 10, 103, 0], [0, 138, 90, 154, 13, 45, 56, 134, 115, 188, 157, 97, 49, 167, 162, 144, 0]], [[0, 78, 160, 85, 163, 59, 75, 106, 168, 20, 99, 195, 164, 67, 22, 27, 98, 174, 176, 0], [0, 200, 124, 0]], [[0, 198, 65, 17, 82, 0], [0, 161, 110, 101, 140, 121, 18, 197, 64, 111, 42, 62, 30, 119, 146, 84, 96, 11, 171, 143, 0]], [[0, 52, 181, 123, 0], [0, 172, 38, 76, 89, 125, 190, 126, 169, 91, 57, 50, 159, 141, 61, 128, 94, 192, 7, 0]], [[0, 170, 130, 0], [0, 19, 156, 100, 43, 37, 105, 77, 166, 24, 136, 149, 72, 153, 0]], [[0, 87, 95, 183, 26, 63, 70, 127, 3, 122, 80, 112, 73, 189, 117, 4, 0], [0, 133, 191, 186, 66, 145, 152, 199, 0]], [[0, 12, 177, 48, 31, 44, 148, 2, 58, 21, 15, 139, 194, 196, 16, 187, 6, 0], [0, 108, 0]], [[0, 46, 0], [0, 40, 9, 193, 142, 33, 137, 135, 151, 81, 129, 74, 86, 109, 25, 23, 158, 79, 8, 0]]]","[[[0, 102, 0], [0, 55, 0], [0, 71, 0]], [[0, 41, 0], [0, 47, 0]], [[0, 93, 0]], []]","[6160.212187339988, 6412.579038915732, 6409.9842784468065, 6370.196717128244, 6426.2400691029425, 6418.639729168455, 6326.7618824310875, 6422.73993876912, 6298.868453643948, 5685.519591438252]","[1772.4194055999546, 1302.192419181113, 642.8507281259638, -0.0]",1400,2.27
200.30.3,200,10,4,endurance,high,high,3600,15.6464,700,31.2928,109.164052,"[[[0, 31, 48, 158, 23, 25, 109, 86, 81, 74, 129, 151, 135, 137, 33, 142, 193, 9, 79, 8, 10, 103, 0], [0, 133, 60, 0]], [[0, 138, 162, 167, 49, 164, 195, 99, 157, 97, 188, 115, 13, 154, 90, 181, 123, 0], [0, 28, 178, 184, 64, 197, 18, 161, 0]], [[0, 45, 134, 56, 168, 106, 20, 75, 59, 163, 85, 160, 78, 22, 27, 67, 98, 174, 143, 0], [0, 46, 52, 0]], [[0, 87, 95, 183, 26, 63, 70, 54, 120, 118, 5, 32, 29, 132, 89, 76, 172, 0], [0, 192, 108, 0]], [[0, 6, 187, 194, 196, 139, 21, 58, 15, 24, 166, 77, 136, 149, 72, 153, 0], [0, 116, 200, 34, 114, 124, 0]], [[0, 1, 175, 165, 14, 82, 130, 0], [0, 173, 177, 12, 44, 2, 148, 66, 182, 0]], [[0, 186, 152, 145, 16, 191, 0], [0, 110, 101, 140, 121, 40, 42, 62, 30, 119, 111, 146, 84, 96, 11, 171, 0]], [[0, 104, 38, 0], [0, 180, 68, 3, 127, 92, 69, 122, 80, 112, 73, 189, 117, 4, 47, 0]], [[0, 36, 39, 51, 113, 88, 125, 126, 190, 169, 91, 57, 50, 159, 141, 61, 128, 94, 0], [0, 83, 147, 17, 170, 0]], [[0, 105, 37, 43, 100, 156, 19, 107, 53, 131, 185, 179, 150, 155, 35, 65, 198, 0], [0, 176, 144, 0]]]","[[[0, 93, 0], [0, 7, 0], [0, 102, 0], [0, 41, 0], [0, 55, 0], [0, 71, 0], [0, 199, 0]], [], [], []]","[6227.158784609144, 6549.843118487626, 6003.387524749212, 6515.885843256905, 6483.775087825875, 6537.878754774194, 6548.874310329113, 6478.746031083316, 6530.110639194563, 6544.35460280932]","[4371.937717876143, -0.0, -0.0, -0.0]",1400,2.27
200.30.3,200,10,4,endurance,high,high,3600,15.6464,700,31.2928,112.9673374,"[[[0, 123, 181, 90, 115, 188, 97, 157, 99, 164, 67, 27, 22, 46, 0], [0, 1, 175, 136, 149, 153, 0]], [[0, 180, 68, 87, 95, 183, 26, 63, 118, 32, 29, 88, 125, 132, 89, 76, 38, 172, 0], [0, 124, 178, 184, 114, 34, 116, 0]], [[0, 60, 170, 0], [0, 5, 120, 54, 70, 92, 69, 127, 3, 122, 80, 112, 73, 189, 117, 4, 47, 0]], [[0, 187, 72, 24, 15, 58, 21, 139, 194, 196, 16, 145, 152, 186, 133, 0], [0, 104, 36, 39, 51, 113, 0]], [[0, 200, 0], [0, 45, 134, 56, 168, 106, 20, 75, 195, 59, 163, 85, 160, 78, 171, 143, 144, 0]], [[0, 192, 94, 50, 57, 91, 126, 190, 169, 159, 141, 61, 128, 13, 154, 108, 0], [0, 138, 162, 167, 49, 98, 174, 52, 0]], [[0, 199, 102, 6, 0], [0, 166, 77, 105, 37, 43, 100, 156, 19, 107, 53, 131, 165, 82, 0]], [[0, 28, 161, 18, 197, 64, 111, 119, 30, 62, 42, 40, 121, 140, 101, 110, 0], [0, 96, 84, 146, 11, 0]], [[0, 31, 48, 158, 23, 25, 109, 86, 81, 74, 129, 151, 135, 137, 33, 142, 193, 9, 79, 8, 10, 103, 0], [0, 71, 147, 83, 0]], [[0, 182, 66, 148, 2, 44, 12, 177, 173, 0], [0, 198, 35, 155, 150, 179, 185, 14, 65, 17, 0]]]","[[[0, 55, 0], [0, 41, 0], [0, 130, 0], [0, 191, 0], [0, 7, 0], [0, 176, 0]], [], [[0, 93, 0]], []]","[6777.186993989206, 6708.758568424504, 6740.155035016189, 6773.197586571436, 6774.779465152129, 6770.71965925641, 6774.918496994035, 6778.040244740434, 6376.772184234197, 6739.582600239566]","[3792.692748492009, -0.0, 642.8507281259638, -0.0]",1400,2.27
200.30.4,200,10,4,endurance,high,high,3600,15.6464,700,31.2928,103.0893052,"[[[0, 197, 50, 195, 137, 26, 0], [0, 82, 66, 181, 2, 127, 141, 152, 105, 59, 9, 75, 148, 12, 129, 126, 60, 158, 185, 0]], [[0, 64, 104, 149, 58, 21, 178, 110, 6, 72, 179, 118, 139, 173, 150, 121, 0], [0, 107, 44, 36, 87, 0]], [[0, 70, 1, 0], [0, 194, 114, 100, 39, 91, 55, 183, 78, 142, 52, 13, 45, 14, 22, 54, 168, 41, 161, 67, 175, 124, 151, 192, 0]], [[0, 18, 17, 120, 117, 153, 28, 86, 119, 170, 71, 188, 154, 163, 69, 90, 76, 186, 38, 83, 125, 143, 89, 0], [0, 80, 33, 0]], [[0, 25, 0], [0, 95, 146, 34, 112, 79, 56, 160, 63, 165, 193, 35, 171, 182, 53, 0]], [[0, 198, 37, 43, 57, 138, 122, 128, 123, 135, 92, 172, 68, 97, 159, 10, 184, 0], [0, 77, 5, 0]], [[0, 196, 11, 108, 115, 93, 140, 167, 94, 30, 106, 111, 116, 24, 20, 190, 200, 0], [0, 46, 61, 166, 0]], [[0, 51, 176, 32, 144, 162, 133, 15, 180, 7, 191, 29, 19, 49, 134, 47, 81, 8, 113, 132, 0]], [[0, 4, 0], [0, 65, 98, 145, 42, 48, 103, 130, 99, 169, 74, 102, 62, 131, 109, 177, 199, 0]], [[0, 3, 31, 84, 88, 155, 0], [0, 16, 187, 189, 96, 27, 85, 147, 174, 136, 164, 0]]]","[[[0, 23, 0], [0, 157, 0], [0, 101, 0], [0, 156, 0], [0, 40, 0], [0, 73, 0]], [], [], []]","[6179.052870772155, 6121.016081418914, 5972.204868334164, 6175.210202964182, 6142.675683257597, 6116.288104988218, 6184.539144436524, 5348.829872513771, 6087.561599567888, 6185.35831371928]","[3734.6625527564374, -0.0, -0.0, -0.0]",1400,2.27
200.30.4,200,10,4,endurance,high,high,3600,15.6464,700,31.2928,106.2085809,"[[[0, 26, 166, 0], [0, 27, 15, 133, 162, 144, 32, 176, 85, 147, 51, 187, 36, 44, 70, 0]], [[0, 65, 98, 145, 42, 48, 103, 130, 99, 169, 74, 62, 102, 131, 109, 0], [0, 89, 190, 0]], [[0, 113, 81, 8, 16, 189, 96, 180, 7, 191, 29, 19, 49, 134, 47, 132, 0], [0, 87, 68, 97, 159, 0]], [[0, 3, 60, 129, 12, 126, 77, 0], [0, 194, 64, 100, 39, 91, 55, 183, 78, 142, 52, 13, 45, 14, 22, 54, 114, 137, 0]], [[0, 35, 127, 2, 141, 152, 105, 59, 9, 75, 181, 66, 82, 148, 158, 185, 0], [0, 195, 0]], [[0, 25, 31, 84, 155, 0], [0, 33, 150, 173, 139, 118, 179, 72, 6, 110, 178, 21, 58, 149, 104, 0]], [[0, 174, 136, 164, 92, 172, 135, 123, 128, 122, 138, 43, 57, 37, 198, 0], [0, 80, 184, 197, 0]], [[0, 73, 0], [0, 196, 11, 108, 115, 93, 140, 167, 94, 30, 106, 111, 116, 24, 161, 41, 168, 67, 175, 124, 192, 0]], [[0, 53, 182, 171, 165, 193, 63, 160, 56, 79, 112, 34, 146, 95, 0], [0, 4, 20, 186, 38, 125, 0]], [[0, 18, 17, 120, 117, 153, 28, 86, 119, 88, 71, 170, 188, 154, 163, 69, 76, 90, 83, 143, 0], [0, 40, 121, 0]]]","[[[0, 156, 0], [0, 46, 107, 0], [0, 23, 0], [0, 1, 0], [0, 200, 157, 0], [0, 61, 5, 0], [0, 151, 0]], [[0, 10, 0], [0, 177, 0]], [[0, 101, 0]], [[0, 50, 0], [0, 199, 0]]]","[5923.01287355787, 6246.517201722756, 6340.731290559071, 6372.514851594001, 6156.153003110979, 6356.841081225099, 6359.673771494762, 6219.342593347526, 6354.57883248323, 6343.008663365216]","[4404.3815906214095, 1209.1462083003344, 564.4962025764665, 892.8811728159142]",1400,2.27
200.30.4,200,10,4,endurance,high,high,3600,15.6464,700,31.2928,106.4751341,"[[[0, 26, 155, 83, 186, 38, 20, 125, 4, 0], [0, 87, 159, 97, 68, 123, 128, 138, 122, 43, 57, 37, 198, 0]], [[0, 2, 127, 141, 152, 105, 9, 59, 117, 153, 28, 86, 120, 17, 18, 119, 84, 31, 25, 89, 0], [0, 195, 137, 0]], [[0, 133, 162, 144, 32, 176, 85, 147, 51, 174, 136, 164, 135, 172, 92, 70, 0]], [[0, 95, 56, 79, 160, 63, 0], [0, 194, 100, 39, 91, 55, 13, 45, 14, 22, 54, 114, 0]], [[0, 65, 98, 145, 42, 48, 103, 130, 99, 169, 74, 62, 102, 131, 109, 197, 0], [0, 107, 44, 36, 0]], [[0, 158, 60, 126, 129, 12, 148, 66, 75, 181, 82, 35, 193, 165, 171, 182, 53, 23, 61, 166, 0], [0, 77, 0]], [[0, 121, 40, 0], [0, 88, 71, 170, 188, 154, 163, 69, 76, 90, 106, 30, 111, 116, 24, 161, 124, 151, 0]], [[0, 183, 78, 142, 52, 11, 108, 115, 93, 140, 167, 94, 196, 168, 41, 67, 175, 190, 200, 0]], [[0, 64, 104, 149, 58, 21, 178, 110, 6, 72, 179, 118, 139, 173, 150, 33, 0], [0, 113, 81, 8, 0]], [[0, 16, 187, 189, 96, 27, 15, 180, 7, 191, 29, 19, 112, 34, 146, 49, 134, 47, 132, 0], [0, 157, 143, 0]]]","[[[0, 46, 0], [0, 177, 0], [0, 1, 0], [0, 192, 0], [0, 156, 0]], [[0, 185, 5, 0], [0, 184, 101, 0], [0, 3, 0]], [[0, 199, 0], [0, 73, 0]], [[0, 80, 10, 0], [0, 50, 0]]]","[6371.917755452816, 6351.108117446224, 5472.316157702371, 6388.508044697381, 6372.3353850708645, 6306.255436376345, 6294.5812532607315, 5172.795070807636, 6386.9917515651605, 6271.886970562791]","[2869.489161224666, 1580.1063093531066, 1168.6258777034632, 1002.2945760466666]",1400,2.27
200.30.4,200,10,4,endurance,high,high,3600,15.6464,700,31.2928,105.2672812,"[[[0, 80, 107, 0], [0, 27, 15, 133, 162, 144, 32, 176, 85, 147, 51, 174, 136, 164, 44, 36, 0]], [[0, 102, 74, 169, 99, 130, 103, 48, 42, 145, 98, 65, 0], [0, 137, 114, 124, 0]], [[0, 196, 11, 52, 108, 115, 93, 94, 140, 167, 30, 106, 111, 116, 24, 20, 125, 143, 0], [0, 5, 185, 3, 0]], [[0, 132, 47, 0], [0, 64, 104, 149, 58, 21, 178, 110, 6, 72, 179, 118, 139, 173, 150, 33, 0]], [[0, 141, 152, 105, 59, 9, 75, 181, 66, 148, 117, 153, 28, 86, 120, 129, 126, 77, 0], [0, 197, 26, 0]], [[0, 95, 134, 49, 146, 34, 19, 29, 191, 7, 180, 96, 189, 187, 16, 8, 81, 113, 0], [0, 40, 121, 195, 0]], [[0, 70, 92, 172, 135, 123, 128, 122, 138, 43, 57, 37, 198, 73, 0], [0, 87, 68, 97, 159, 0]], [[0, 82, 2, 127, 35, 193, 63, 160, 79, 112, 56, 165, 171, 182, 53, 61, 166, 0], [0, 184, 0]], [[0, 83, 38, 186, 76, 90, 69, 163, 154, 188, 71, 170, 119, 17, 18, 12, 60, 158, 0], [0, 177, 109, 62, 131, 0]], [[0, 194, 100, 39, 91, 55, 183, 78, 142, 13, 45, 14, 22, 54, 168, 41, 161, 67, 175, 190, 4, 0], [0, 89, 155, 88, 84, 31, 25, 0]]]","[[[0, 50, 0], [0, 156, 0], [0, 157, 0], [0, 46, 0], [0, 192, 151, 200, 0], [0, 23, 0], [0, 10, 0], [0, 101, 199, 0]], [[0, 1, 0]], [], []]","[6305.481347981689, 6316.0368691371195, 6273.086680258795, 6315.487898985799, 6050.772117828803, 6291.1648865773395, 6186.135149387566, 6083.852918355913, 6315.966734069636, 6308.804160736956]","[4758.279046003149, 688.1191815084928, -0.0, -0.0]",1400,2.27
200.30.4,200,10,4,endurance,high,high,3600,15.6464,700,31.2928,104.1584699,"[[[0, 194, 114, 124, 0], [0, 88, 119, 86, 28, 153, 59, 9, 75, 181, 66, 148, 117, 120, 17, 18, 12, 129, 126, 60, 158, 3, 0]], [[0, 20, 24, 116, 111, 106, 90, 76, 69, 163, 154, 188, 170, 71, 84, 31, 25, 0], [0, 33, 121, 0]], [[0, 30, 94, 167, 140, 93, 115, 108, 11, 52, 13, 45, 196, 14, 168, 41, 161, 67, 175, 190, 4, 200, 0], [0, 87, 184, 80, 0]], [[0, 65, 98, 145, 57, 43, 138, 122, 128, 123, 135, 92, 172, 68, 97, 159, 37, 198, 0], [0, 61, 5, 0]], [[0, 48, 103, 42, 130, 99, 169, 74, 179, 72, 118, 139, 173, 150, 40, 195, 50, 0], [0, 89, 0]], [[0, 6, 110, 58, 178, 21, 183, 78, 142, 55, 22, 54, 91, 39, 100, 149, 104, 64, 0], [0, 166, 185, 26, 0]], [[0, 143, 125, 38, 186, 83, 155, 0], [0, 53, 182, 165, 63, 160, 56, 79, 34, 112, 146, 134, 47, 81, 8, 113, 132, 0]], [[0, 82, 2, 105, 152, 141, 127, 35, 193, 171, 77, 0], [0, 137, 151, 0]], [[0, 131, 102, 62, 109, 0], [0, 95, 49, 19, 29, 191, 7, 180, 96, 189, 187, 16, 36, 44, 107, 0]], [[0, 197, 177, 199, 0], [0, 27, 15, 133, 162, 144, 32, 176, 85, 147, 51, 174, 136, 164, 70, 0]]]","[[[0, 157, 192, 0], [0, 23, 0], [0, 1, 0], [0, 156, 0], [0, 10, 0], [0, 73, 0], [0, 46, 0]], [[0, 101, 0]], [], []]","[6242.819906315784, 6249.508194928043, 6240.056458198635, 6101.71238637501, 5894.749536230754, 6231.40330922968, 6247.020164570993, 6001.1560889494895, 6206.561348222025, 6181.72989606574]","[4476.1192456645595, 564.4962025764665, -0.0, -0.0]",1400,2.27
200.40.1,200,10,4,endurance,high,high,3600,15.6464,700,31.2928,157.9037921,"[[[0, 10, 193, 7, 165, 174, 75, 0], [0, 171, 161, 5, 24, 72, 80, 136, 192, 48, 183, 122, 11, 0]], [[0, 37, 18, 158, 169, 187, 0], [0, 20, 17, 87, 84, 65, 32, 163, 83, 26, 59, 0]], [[0, 124, 157, 4, 79, 123, 177, 146, 9, 118, 179, 188, 13, 0], [0, 107, 115, 78, 197, 175, 125, 106, 189, 151, 168, 155, 129, 0]], [[0, 181, 111, 148, 110, 173, 198, 116, 199, 134, 180, 39, 73, 49, 0], [0, 109, 36, 143, 167, 53, 46, 105, 113, 89, 66, 55, 0]], [[0, 41, 162, 154, 100, 152, 0], [0, 52, 8, 185, 51, 103, 43, 182, 21, 68, 27, 196, 119, 147, 0]], [[0, 28, 15, 71, 99, 85, 25, 14, 0], [0, 44, 150, 140, 31, 67, 81, 153, 19, 142, 91, 70, 77, 88, 54, 12, 156, 0]], [[0, 94, 191, 98, 186, 69, 137, 139, 50, 102, 0], [0, 135, 128, 60, 58, 108, 0]], [[0, 62, 200, 22, 45, 132, 90, 130, 64, 92, 0], [0, 93, 178, 23, 61, 166, 33, 104, 82, 57, 76, 126, 176, 0]], [[0, 138, 141, 172, 35, 112, 114, 38, 160, 1, 86, 47, 74, 0], [0, 144, 56, 117, 149, 133, 95, 195, 190, 0]], [[0, 170, 120, 40, 97, 34, 127, 145, 101, 184, 16, 194, 6, 121, 159, 30, 0], [0, 131, 42, 164, 0]]]","[[[0, 29, 96, 0], [0, 63, 0]], [], [], [[0, 2, 3, 0]]]","[9461.54034579494, 9474.22752674896, 9391.288975717605, 9438.888112452873, 9451.554529754914, 9472.716754800507, 9461.984515709239, 9446.237310277316, 9469.040893846939, 9424.477533493675]","[1255.5807718401552, -0.0, -0.0, 458.80981679486865]",1400,2.27
200.40.1,200,10,4,endurance,high,high,3600,15.6464,700,31.2928,159.1789423,"[[[0, 95, 133, 199, 116, 198, 134, 180, 39, 190, 56, 144, 0], [0, 194, 16, 181, 111, 148, 110, 173, 42, 131, 0]], [[0, 179, 79, 123, 177, 23, 146, 9, 118, 92, 0], [0, 60, 58, 151, 189, 106, 125, 175, 197, 78, 115, 168, 121, 159, 0]], [[0, 55, 66, 89, 113, 105, 46, 36, 100, 152, 0], [0, 20, 17, 87, 84, 65, 32, 163, 83, 0]], [[0, 99, 172, 141, 138, 71, 15, 85, 28, 25, 14, 0], [0, 64, 90, 132, 45, 22, 200, 62, 0]], [[0, 176, 188, 130, 157, 4, 124, 2, 0], [0, 44, 150, 31, 140, 35, 112, 114, 38, 160, 1, 47, 74, 54, 12, 0]], [[0, 170, 120, 40, 97, 34, 127, 145, 101, 184, 107, 6, 155, 0], [0, 30, 63, 147, 117, 149, 195, 73, 164, 49, 0]], [[0, 77, 70, 187, 67, 81, 153, 19, 142, 91, 86, 0], [0, 93, 178, 61, 166, 33, 104, 82, 57, 76, 126, 0]], [[0, 94, 69, 186, 98, 72, 139, 174, 50, 0], [0, 10, 75, 193, 137, 7, 165, 0]], [[0, 108, 128, 162, 41, 53, 167, 143, 154, 109, 0], [0, 182, 43, 103, 51, 185, 8, 52, 68, 21, 27, 196, 119, 29, 3, 0]], [[0, 122, 183, 192, 48, 169, 158, 18, 37, 11, 0], [0, 191, 171, 161, 5, 24, 80, 136, 26, 59, 102, 156, 0]]]","[[[0, 13, 0], [0, 135, 0], [0, 129, 0], [0, 88, 0]], [[0, 96, 0]], [], []]","[9532.496479386438, 9539.434630222702, 9549.621270391966, 9462.247226581037, 9484.29452706082, 9509.326740235421, 9550.736539600424, 9548.549313885462, 9534.071407782374, 9506.692582281978]","[2177.6272994561605, 618.5820807791215, -0.0, -0.0]",1400,2.27
200.40.1,200,10,4,endurance,high,high,3600,15.6464,700,31.2928,157.8208066,"[[[0, 188, 118, 9, 79, 123, 177, 146, 176, 3, 0], [0, 182, 43, 103, 51, 185, 8, 52, 68, 21, 27, 196, 119, 29, 0]], [[0, 60, 58, 151, 106, 189, 125, 175, 197, 78, 115, 107, 6, 159, 129, 30, 0], [0, 147, 195, 95, 199, 116, 134, 180, 39, 73, 49, 144, 0]], [[0, 94, 191, 98, 186, 69, 137, 7, 50, 156, 0], [0, 128, 41, 162, 109, 0]], [[0, 37, 18, 158, 169, 20, 17, 48, 183, 11, 12, 0], [0, 59, 26, 136, 80, 83, 163, 32, 65, 84, 87, 192, 122, 0]], [[0, 171, 161, 5, 24, 72, 139, 174, 165, 193, 75, 10, 102, 0], [0, 36, 154, 108, 168, 155, 0]], [[0, 93, 178, 23, 61, 166, 33, 104, 82, 57, 76, 126, 0], [0, 100, 55, 66, 89, 113, 105, 46, 53, 167, 143, 0]], [[0, 198, 173, 110, 148, 111, 181, 42, 131, 16, 194, 164, 0], [0, 62, 200, 22, 45, 132, 28, 25, 14, 0]], [[0, 92, 64, 130, 90, 157, 4, 124, 179, 0], [0, 150, 44, 38, 114, 172, 141, 138, 99, 71, 15, 85, 0]], [[0, 112, 35, 140, 31, 67, 81, 153, 187, 70, 77, 0], [0, 56, 190, 117, 133, 149, 0]], [[0, 74, 86, 91, 142, 19, 160, 1, 47, 0], [0, 170, 120, 40, 97, 34, 127, 145, 101, 184, 121, 0]]]","[[[0, 63, 0], [0, 2, 13, 0], [0, 152, 0], [0, 96, 0], [0, 135, 0], [0, 88, 54, 0]], [], [], []]","[9461.858789490392, 9468.728693786637, 9441.916458760437, 9314.224113099946, 9369.400390526089, 9443.26054238347, 9421.204215713477, 9465.525958875452, 9469.248398858745, 9463.986205593748]","[3873.10671706591, -0.0, -0.0, -0.0]",1400,2.27
200.40.1,200,10,4,endurance,high,high,3600,15.6464,700,31.2928,158.1631016,"[[[0, 155, 168, 106, 189, 151, 58, 60, 128, 108, 0], [0, 111, 148, 110, 173, 198, 116, 199, 134, 180, 39, 73, 56, 144, 0]], [[0, 146, 23, 79, 123, 177, 9, 118, 179, 92, 0], [0, 15, 71, 138, 141, 172, 99, 85, 25, 0]], [[0, 86, 91, 142, 19, 153, 81, 67, 187, 70, 77, 88, 0], [0, 192, 48, 87, 17, 20, 169, 158, 18, 37, 11, 156, 0]], [[0, 170, 120, 40, 97, 34, 127, 145, 101, 184, 6, 129, 0], [0, 194, 16, 131, 181, 42, 164, 49, 0]], [[0, 80, 24, 5, 32, 65, 84, 163, 83, 136, 26, 59, 183, 122, 0], [0, 36, 143, 46, 105, 113, 89, 154, 109, 100, 152, 0]], [[0, 161, 171, 186, 69, 137, 7, 193, 75, 10, 102, 0], [0, 176, 188, 130, 90, 200, 28, 0]], [[0, 107, 115, 78, 125, 175, 197, 121, 159, 30, 0], [0, 94, 98, 191, 72, 139, 174, 165, 50, 0]], [[0, 182, 43, 103, 51, 185, 8, 52, 68, 21, 27, 196, 126, 63, 29, 3, 0], [0, 135, 162, 41, 53, 167, 66, 55, 0]], [[0, 147, 119, 133, 95, 149, 195, 117, 190, 0], [0, 44, 150, 31, 140, 35, 112, 114, 38, 160, 1, 47, 74, 0]], [[0, 64, 124, 4, 157, 132, 45, 22, 62, 0], [0, 93, 178, 61, 166, 33, 104, 82, 57, 76, 0]]]","[[[0, 96, 0], [0, 2, 13, 0], [0, 54, 12, 0], [0, 14, 0]], [], [], []]","[9451.368794681439, 9465.496704956053, 9425.355545224651, 9477.624649151356, 9484.992553680942, 9420.273188921745, 9478.313289165613, 9470.140894723769, 9489.786096157917, 9478.82128904897]","[2622.9337006008136, -0.0, -0.0, -0.0]",1400,2.27
200.40.1,200,10,4,endurance,high,high,3600,15.6464,700,31.2928,157.7066198,"[[[0, 55, 66, 89, 113, 105, 46, 41, 53, 167, 36, 100, 152, 0], [0, 174, 59, 26, 192, 17, 20, 169, 158, 18, 37, 11, 0]], [[0, 138, 141, 172, 112, 35, 140, 31, 0], [0, 149, 133, 117, 0]], [[0, 187, 153, 81, 67, 150, 44, 114, 38, 160, 1, 47, 156, 0], [0, 62, 200, 22, 45, 132, 90, 130, 64, 2, 0]], [[0, 136, 80, 83, 163, 5, 32, 65, 84, 87, 48, 183, 122, 0], [0, 108, 106, 189, 151, 58, 60, 128, 162, 143, 154, 109, 0]], [[0, 93, 178, 61, 166, 33, 104, 82, 57, 76, 126, 176, 3, 0], [0, 159, 121, 6, 107, 115, 197, 175, 125, 78, 168, 155, 30, 0]], [[0, 56, 190, 195, 95, 199, 116, 198, 134, 180, 39, 73, 0], [0, 72, 94, 69, 137, 7, 0]], [[0, 193, 165, 139, 75, 10, 0], [0, 170, 120, 40, 97, 34, 127, 145, 101, 184, 194, 16, 0]], [[0, 124, 4, 157, 79, 123, 177, 23, 146, 9, 118, 179, 188, 92, 0], [0, 131, 181, 111, 148, 110, 173, 42, 164, 0]], [[0, 161, 171, 186, 98, 191, 24, 50, 102, 0], [0, 88, 77, 70, 19, 142, 91, 86, 74, 0]], [[0, 182, 43, 103, 51, 185, 8, 52, 68, 21, 27, 196, 119, 147, 144, 0], [0, 14, 25, 99, 71, 15, 85, 28, 0]]]","[[[0, 135, 129, 0], [0, 63, 0], [0, 29, 96, 0], [0, 13, 0], [0, 49, 0], [0, 12, 54, 0]], [], [], []]","[9456.717073935226, 9462.397190153024, 9441.146447539379, 9456.145417963675, 9456.733189111505, 9462.193301109592, 9419.572313304561, 9439.556910269162, 9456.970689833855, 9400.153324587802]","[3746.005020229346, -0.0, -0.0, -0.0]",1400,2.27
200.40.2,200,10,4,endurance,high,high,3600,15.6464,700,31.2928,160.0283317,"[[[0, 148, 9, 93, 76, 22, 151, 97, 120, 153, 0], [0, 155, 121, 35, 137, 58, 199, 184, 115, 0]], [[0, 162, 38, 103, 105, 102, 56, 86, 104, 10, 172, 51, 16, 200, 24, 134, 0], [0, 111, 15, 164, 158, 27, 190, 66, 107, 44, 0]], [[0, 79, 112, 61, 117, 109, 189, 62, 32, 149, 37, 129, 193, 96, 0], [0, 179, 3, 88, 118, 28, 49, 48, 52, 0]], [[0, 50, 136, 4, 152, 167, 11, 0], [0, 122, 12, 85, 197, 125, 53, 57, 14, 0]], [[0, 174, 170, 29, 128, 68, 139, 72, 82, 5, 69, 0], [0, 80, 90, 180, 166, 126, 30, 140, 145, 116, 133, 42, 0]], [[0, 169, 178, 7, 168, 89, 176, 124, 119, 157, 160, 0], [0, 171, 21, 36, 99, 6, 123, 163, 127, 19, 191, 0]], [[0, 23, 130, 98, 67, 70, 8, 159, 0], [0, 18, 196, 74, 177, 198, 147, 154, 64, 114, 188, 95, 0]], [[0, 73, 183, 47, 20, 110, 0], [0, 182, 75, 144, 181, 81, 146, 138, 142, 33, 78, 175, 40, 0]], [[0, 132, 156, 141, 131, 187, 65, 77, 91, 0], [0, 13, 165, 31, 1, 113, 194, 84, 17, 186, 43, 92, 0]], [[0, 185, 87, 60, 100, 195, 71, 150, 26, 135, 41, 106, 192, 0], [0, 108, 59, 46, 143, 83, 55, 161, 173, 0]]]","[[[0, 54, 39, 0], [0, 2, 0], [0, 34, 0], [0, 101, 63, 0], [0, 25, 94, 0], [0, 45, 0]], [], [], []]","[9601.255185709213, 9593.845922442479, 9600.002029669511, 9601.699903448774, 9588.98316118012, 9588.064771759182, 9586.455150923663, 9601.079930920623, 9600.211545368304, 9558.217056931544]","[3367.121201749535, -0.0, -0.0, -0.0]",1400,2.27
200.40.2,200,10,4,endurance,high,high,3600,15.6464,700,31.2928,159.2327302,"[[[0, 200, 16, 51, 10, 104, 172, 38, 162, 159, 0], [0, 150, 71, 195, 100, 60, 87, 185, 56, 86, 102, 105, 103, 41, 106, 0]], [[0, 179, 88, 118, 28, 49, 48, 0], [0, 79, 112, 61, 117, 109, 165, 13, 1, 43, 92, 0]], [[0, 72, 82, 30, 140, 145, 116, 39, 0], [0, 114, 111, 15, 164, 27, 197, 125, 190, 53, 66, 107, 44, 95, 0]], [[0, 132, 84, 156, 187, 131, 141, 31, 113, 194, 17, 186, 0], [0, 23, 178, 169, 189, 62, 32, 37, 149, 129, 193, 96, 0]], [[0, 128, 80, 90, 180, 166, 126, 68, 139, 29, 170, 5, 52, 0], [0, 14, 57, 85, 122, 91, 25, 0]], [[0, 127, 163, 123, 6, 167, 36, 99, 11, 19, 0], [0, 199, 137, 58, 35, 121, 26, 135, 155, 83, 55, 161, 173, 192, 42, 0]], [[0, 143, 46, 59, 108, 0], [0, 158, 18, 196, 74, 154, 64, 188, 0]], [[0, 153, 120, 97, 151, 22, 76, 93, 184, 9, 115, 0], [0, 160, 157, 119, 124, 176, 89, 168, 7, 130, 98, 54, 0]], [[0, 147, 177, 198, 152, 4, 136, 21, 171, 50, 3, 0], [0, 110, 20, 183, 47, 65, 77, 12, 73, 0]], [[0, 182, 75, 144, 181, 81, 146, 138, 142, 33, 78, 175, 148, 40, 133, 0], [0, 24, 8, 70, 67, 0]]]","[[[0, 174, 0], [0, 69, 191, 0], [0, 94, 0], [0, 63, 0], [0, 134, 101, 0], [0, 45, 0], [0, 2, 0], [0, 34, 0]], [], [], []]","[9547.636658917552, 9553.96381180871, 9405.90641422978, 9551.649826277619, 9546.215788361196, 9517.93195721876, 9548.099547260936, 9520.852560396223, 9547.47943740945, 9362.067003630364]","[4604.668967025855, -0.0, -0.0, -0.0]",1400,2.27
200.40.2,200,10,4,endurance,high,high,3600,15.6464,700,31.2928,158.4632596,"[[[0, 136, 4, 21, 50, 0], [0, 169, 178, 7, 168, 89, 176, 124, 119, 157, 160, 8, 70, 0]], [[0, 13, 165, 31, 141, 131, 187, 156, 84, 194, 17, 92, 94, 0], [0, 14, 91, 122, 12, 77, 65, 47, 183, 73, 25, 0]], [[0, 159, 24, 200, 16, 51, 10, 104, 172, 38, 162, 192, 0], [0, 135, 26, 155, 121, 35, 58, 137, 199, 46, 143, 59, 108, 0]], [[0, 68, 126, 166, 180, 90, 80, 128, 5, 52, 0], [0, 170, 29, 139, 72, 82, 30, 140, 145, 116, 133, 0]], [[0, 9, 184, 93, 76, 22, 151, 97, 120, 175, 153, 148, 40, 45, 0], [0, 57, 85, 197, 125, 190, 53, 66, 107, 44, 0]], [[0, 150, 71, 195, 100, 60, 87, 185, 56, 86, 102, 105, 103, 41, 106, 173, 42, 0], [0, 161, 55, 83, 115, 39, 0]], [[0, 110, 20, 132, 113, 1, 43, 0], [0, 79, 112, 61, 117, 109, 189, 62, 32, 149, 37, 129, 186, 0]], [[0, 182, 75, 144, 181, 81, 146, 138, 142, 33, 78, 0], [0, 96, 193, 23, 130, 67, 98, 54, 0]], [[0, 19, 6, 123, 167, 36, 171, 99, 11, 0], [0, 152, 198, 147, 177, 74, 164, 15, 154, 64, 163, 127, 0]], [[0, 196, 18, 158, 27, 111, 114, 188, 95, 0], [0, 191, 179, 3, 88, 118, 28, 49, 48, 69, 0]]]","[[[0, 63, 101, 0], [0, 174, 0], [0, 134, 0], [0, 34, 0]], [], [[0, 2, 0]], []]","[9489.227759548592, 9466.109515595588, 9488.65141331286, 9466.929283271622, 9495.228038579691, 9398.874682720469, 9499.530289556347, 9507.795576638211, 9464.316746878907, 9464.681254299996]","[2219.5574845521487, -0.0, 550.2002918602122, -0.0]",1400,2.27
200.40.2,200,10,4,endurance,high,high,3600,15.6464,700,31.2928,158.7230601,"[[[0, 179, 3, 88, 118, 28, 49, 48, 52, 5, 42, 0], [0, 135, 26, 150, 71, 195, 100, 60, 87, 185, 41, 106, 0]], [[0, 122, 85, 197, 125, 190, 53, 66, 57, 107, 44, 14, 0], [0, 153, 120, 97, 151, 22, 76, 93, 184, 9, 115, 0]], [[0, 174, 72, 82, 126, 128, 68, 139, 29, 170, 2, 0], [0, 80, 90, 180, 166, 30, 140, 145, 116, 0]], [[0, 64, 154, 15, 164, 158, 27, 111, 114, 188, 95, 0], [0, 110, 20, 183, 47, 65, 77, 12, 91, 73, 92, 0]], [[0, 70, 8, 67, 98, 130, 0], [0, 18, 196, 74, 177, 147, 198, 152, 167, 123, 6, 11, 19, 0]], [[0, 108, 59, 46, 143, 83, 161, 173, 192, 0], [0, 109, 117, 61, 112, 79, 165, 13, 186, 0]], [[0, 162, 38, 103, 105, 102, 86, 56, 104, 10, 172, 51, 16, 200, 24, 159, 134, 0], [0, 160, 157, 119, 124, 176, 89, 168, 7, 178, 23, 54, 0]], [[0, 199, 58, 137, 35, 121, 155, 55, 0], [0, 99, 36, 136, 4, 21, 171, 50, 0]], [[0, 133, 191, 127, 163, 0], [0, 182, 75, 144, 181, 81, 146, 138, 142, 33, 78, 175, 148, 40, 45, 39, 0]], [[0, 194, 113, 1, 31, 141, 131, 187, 156, 84, 132, 17, 43, 0], [0, 96, 169, 189, 62, 32, 149, 37, 129, 193, 0]]]","[[[0, 34, 94, 0], [0, 69, 0], [0, 25, 0], [0, 63, 101, 0]], [], [], []]","[9511.936387992535, 9497.640989689418, 9514.528089161604, 9271.902803442501, 9520.912623116705, 9494.255660701656, 9523.38360440949, 9459.677970207642, 9504.788008971613, 9493.20176982864]","[2314.3868089299363, -0.0, -0.0, -0.0]",1400,2.27
200.40.2,200,10,4,endurance,high,high,3600,15.6464,700,31.2928,159.1752667,"[[[0, 81, 181, 144, 182, 75, 146, 138, 142, 145, 2, 0], [0, 25, 110, 20, 132, 194, 113, 17, 186, 34, 0]], [[0, 83, 155, 121, 35, 58, 137, 199, 46, 143, 59, 108, 0], [0, 40, 175, 120, 97, 151, 115, 0]], [[0, 185, 87, 60, 100, 195, 71, 150, 26, 135, 55, 161, 173, 192, 134, 0], [0, 24, 38, 162, 200, 16, 8, 70, 67, 98, 0]], [[0, 123, 167, 152, 198, 177, 147, 163, 127, 0], [0, 183, 47, 187, 131, 141, 31, 156, 84, 0]], [[0, 111, 15, 164, 27, 197, 125, 190, 53, 66, 107, 44, 14, 0], [0, 19, 11, 6, 36, 21, 4, 136, 50, 171, 99, 0]], [[0, 57, 85, 65, 77, 12, 122, 91, 73, 0], [0, 23, 178, 169, 189, 62, 32, 149, 37, 129, 193, 96, 0]], [[0, 191, 179, 3, 88, 118, 28, 49, 48, 5, 52, 0], [0, 158, 18, 196, 74, 154, 64, 114, 188, 95, 0]], [[0, 170, 29, 72, 82, 30, 140, 33, 78, 116, 133, 0], [0, 160, 157, 119, 124, 176, 89, 168, 7, 130, 0]], [[0, 139, 68, 126, 166, 180, 90, 80, 128, 69, 0], [0, 106, 41, 103, 105, 102, 86, 56, 104, 10, 51, 172, 0]], [[0, 184, 22, 76, 93, 9, 153, 148, 45, 0], [0, 109, 117, 61, 112, 79, 165, 13, 1, 43, 0]]]","[[[0, 101, 0], [0, 63, 0], [0, 174, 39, 0], [0, 159, 0], [0, 92, 94, 0], [0, 42, 0]], [], [], [[0, 54, 0]]]","[9540.31269346056, 9546.736567019521, 9485.55082397186, 9549.16557567603, 9532.084262519504, 9550.516004106541, 9534.61220999849, 9546.079522615255, 9546.913757578659, 9549.044504997728]","[2897.3054470770126, -0.0, -0.0, 267.72216469188777]",1400,2.27
200.40.3,200,10,4,endurance,high,high,3600,15.6464,700,31.2928,157.427908,"[[[0, 196, 184, 137, 34, 138, 193, 110, 13, 192, 119, 101, 140, 150, 0], [0, 66, 142, 25, 106, 40, 41, 22, 32, 10, 93, 70, 0]], [[0, 104, 188, 1, 61, 56, 37, 98, 0], [0, 15, 200, 100, 69, 116, 96, 16, 148, 20, 180, 0]], [[0, 144, 167, 185, 65, 195, 178, 46, 133, 0], [0, 54, 107, 77, 108, 146, 12, 115, 9, 43, 11, 28, 0]], [[0, 50, 92, 159, 165, 181, 52, 120, 94, 24, 0], [0, 73, 168, 60, 99, 134, 199, 131, 170, 174, 111, 160, 122, 190, 59, 0]], [[0, 49, 179, 29, 118, 103, 45, 113, 132, 0], [0, 191, 123, 156, 47, 145, 27, 35, 164, 67, 86, 0]], [[0, 89, 163, 157, 112, 78, 17, 139, 72, 0], [0, 175, 80, 8, 127, 26, 126, 125, 64, 87, 0]], [[0, 5, 95, 136, 36, 172, 76, 109, 21, 166, 2, 0], [0, 128, 23, 88, 171, 62, 177, 14, 114, 97, 0]], [[0, 7, 169, 91, 6, 197, 51, 155, 143, 74, 183, 33, 0], [0, 121, 30, 58, 147, 68, 90, 0]], [[0, 198, 130, 141, 38, 176, 19, 194, 71, 63, 31, 0], [0, 18, 154, 79, 102, 187, 182, 158, 42, 57, 149, 0]], [[0, 135, 162, 81, 186, 84, 39, 105, 151, 0], [0, 173, 48, 117, 55, 129, 85, 4, 124, 82, 153, 0]]]","[[[0, 75, 0], [0, 53, 0], [0, 161, 189, 0], [0, 152, 0], [0, 3, 0], [0, 44, 0], [0, 83, 0]], [], [], []]","[9444.808958570953, 9437.064460810423, 9435.880062621309, 9428.239591327892, 9436.303426906117, 9426.739459134296, 9444.251125121948, 9445.674480111193, 9403.833389967207, 9435.703084183688]","[3911.494407602234, -0.0, -0.0, -0.0]",1400,2.27
200.40.3,200,10,4,endurance,high,high,3600,15.6464,700,31.2928,157.1713157,"[[[0, 48, 117, 55, 129, 173, 124, 82, 126, 125, 87, 80, 175, 0], [0, 83, 135, 162, 81, 186, 84, 39, 105, 0]], [[0, 133, 46, 56, 61, 188, 113, 132, 0], [0, 15, 200, 100, 69, 116, 96, 16, 130, 20, 198, 0]], [[0, 141, 38, 147, 58, 30, 121, 65, 195, 178, 185, 167, 44, 0], [0, 151, 72, 17, 139, 0]], [[0, 66, 103, 40, 41, 106, 25, 142, 0], [0, 160, 111, 174, 170, 131, 199, 134, 99, 60, 168, 73, 50, 0]], [[0, 114, 14, 177, 197, 51, 155, 143, 74, 183, 33, 22, 32, 10, 93, 70, 23, 0], [0, 86, 67, 164, 35, 27, 145, 47, 156, 123, 154, 18, 191, 0]], [[0, 54, 107, 77, 108, 146, 12, 115, 9, 43, 11, 57, 149, 0], [0, 59, 120, 94, 148, 190, 122, 52, 0]], [[0, 150, 196, 184, 34, 138, 193, 13, 110, 137, 26, 127, 8, 0], [0, 45, 118, 29, 179, 49, 98, 0]], [[0, 78, 112, 157, 163, 85, 4, 89, 153, 64, 0], [0, 88, 171, 7, 169, 91, 6, 62, 0]], [[0, 158, 182, 187, 79, 102, 42, 97, 28, 0], [0, 92, 165, 181, 192, 119, 101, 140, 159, 189, 0]], [[0, 144, 31, 63, 19, 176, 90, 68, 194, 71, 0], [0, 95, 136, 36, 172, 5, 76, 109, 21, 166, 2, 37, 1, 104, 0]]]","[[[0, 75, 0], [0, 3, 0], [0, 152, 0], [0, 161, 53, 0], [0, 128, 0], [0, 24, 0], [0, 180, 0]], [], [], []]","[9418.866838995335, 9379.3774597357, 9422.348103620643, 9423.52091455826, 9411.178126124658, 9421.187216632456, 9413.015459430004, 9417.832375471928, 9430.278941675046, 9302.518131832818]","[3699.7446584002796, -0.0, -0.0, -0.0]",1400,2.27
200.40.3,200,10,4,endurance,high,high,3600,15.6464,700,31.2928,157.8021374,"[[[0, 3, 150, 140, 159, 0], [0, 129, 55, 117, 48, 173, 85, 4, 124, 82, 126, 125, 153, 64, 87, 80, 0]], [[0, 90, 68, 147, 38, 141, 176, 19, 194, 71, 31, 0], [0, 118, 179, 29, 103, 45, 188, 104, 0]], [[0, 7, 169, 6, 91, 197, 51, 155, 143, 74, 183, 33, 22, 32, 10, 70, 0], [0, 8, 127, 26, 137, 13, 110, 193, 138, 34, 184, 196, 175, 0]], [[0, 67, 164, 35, 27, 145, 47, 156, 123, 154, 18, 0], [0, 60, 73, 181, 192, 119, 101, 165, 92, 0]], [[0, 54, 107, 77, 108, 146, 12, 115, 42, 57, 28, 0], [0, 135, 162, 81, 186, 191, 86, 152, 0]], [[0, 88, 171, 62, 114, 43, 11, 97, 149, 0], [0, 95, 136, 36, 172, 5, 49, 98, 37, 56, 1, 75, 0]], [[0, 113, 66, 142, 41, 40, 106, 25, 93, 23, 0], [0, 177, 14, 9, 102, 79, 187, 182, 158, 0]], [[0, 167, 185, 178, 195, 65, 121, 58, 30, 0], [0, 168, 99, 134, 199, 131, 170, 174, 111, 160, 122, 190, 148, 0]], [[0, 24, 180, 59, 198, 20, 120, 94, 52, 50, 53, 0], [0, 15, 200, 100, 69, 116, 96, 16, 130, 63, 0]], [[0, 133, 46, 76, 109, 21, 166, 2, 61, 44, 0], [0, 89, 163, 157, 112, 78, 17, 139, 72, 84, 39, 105, 151, 0]]]","[[[0, 83, 0], [0, 128, 132, 144, 0], [0, 189, 161, 0]], [], [], []]","[9435.107779789118, 9461.248987819252, 9455.249050887534, 9468.128242344785, 9441.911008317022, 9466.2766192497, 9468.048843807006, 9464.569493941124, 9428.106743044978, 9410.557760443331]","[1883.0308548869775, -0.0, -0.0, -0.0]",1400,2.27
200.40.3,200,10,4,endurance,high,high,3600,15.6464,700,31.2928,156.7631209,"[[[0, 12, 146, 108, 77, 107, 54, 177, 14, 0], [0, 161, 181, 92, 80, 175, 0]], [[0, 44, 113, 66, 142, 104, 188, 75, 0], [0, 15, 200, 100, 69, 116, 96, 16, 190, 148, 94, 120, 180, 0]], [[0, 45, 118, 29, 179, 49, 98, 37, 1, 0], [0, 196, 184, 34, 138, 193, 110, 13, 137, 26, 127, 8, 0]], [[0, 191, 18, 154, 156, 123, 47, 145, 27, 35, 164, 67, 86, 152, 0], [0, 7, 169, 91, 6, 197, 51, 155, 143, 74, 183, 33, 22, 32, 10, 70, 88, 0]], [[0, 151, 186, 81, 162, 153, 135, 83, 0], [0, 141, 38, 147, 58, 30, 121, 65, 195, 178, 185, 46, 133, 167, 0]], [[0, 50, 52, 130, 20, 59, 24, 0], [0, 173, 48, 117, 55, 129, 85, 124, 82, 126, 125, 64, 87, 0]], [[0, 4, 163, 157, 89, 112, 78, 17, 139, 72, 84, 39, 105, 0], [0, 31, 63, 71, 194, 68, 90, 176, 19, 198, 0]], [[0, 171, 62, 114, 42, 11, 57, 149, 28, 0], [0, 172, 36, 136, 95, 5, 76, 109, 21, 166, 2, 61, 56, 0]], [[0, 43, 9, 115, 102, 79, 187, 182, 158, 97, 0], [0, 25, 106, 103, 40, 41, 93, 0]], [[0, 73, 168, 60, 99, 134, 199, 131, 170, 174, 111, 160, 122, 0], [0, 159, 165, 101, 119, 192, 140, 150, 0]]]","[[[0, 189, 53, 0], [0, 128, 23, 144, 0], [0, 132, 0], [0, 3, 0]], [], [], []]","[9375.80043504544, 9129.23790603125, 9405.787255113217, 9380.37383108083, 9404.451825575057, 9396.12305786579, 9385.097896654188, 9374.745462610073, 9389.085295406901, 9383.019537787155]","[2429.218670905305, -0.0, -0.0, -0.0]",1400,2.27
200.40.3,200,10,4,endurance,high,high,3600,15.6464,700,31.2928,156.8976224,"[[[0, 88, 171, 62, 177, 14, 114, 0], [0, 5, 172, 36, 136, 95, 49, 98, 188, 0]], [[0, 180, 20, 148, 190, 94, 120, 52, 0], [0, 15, 200, 100, 69, 116, 96, 16, 130, 198, 0]], [[0, 141, 38, 147, 58, 30, 121, 65, 195, 178, 185, 46, 133, 0], [0, 1, 61, 21, 76, 109, 166, 2, 37, 56, 104, 0]], [[0, 89, 163, 157, 112, 78, 17, 139, 72, 84, 39, 0], [0, 24, 159, 165, 181, 92, 50, 0]], [[0, 54, 107, 77, 108, 146, 12, 115, 9, 43, 11, 97, 28, 0], [0, 167, 90, 68, 176, 19, 194, 71, 63, 31, 0]], [[0, 66, 25, 106, 40, 41, 93, 142, 0], [0, 73, 168, 60, 99, 134, 199, 131, 170, 174, 111, 160, 122, 59, 0]], [[0, 154, 79, 102, 187, 182, 158, 42, 57, 149, 0], [0, 8, 127, 196, 184, 34, 138, 137, 26, 126, 125, 87, 80, 175, 0]], [[0, 191, 18, 123, 156, 47, 145, 27, 35, 164, 67, 86, 152, 0], [0, 7, 169, 91, 6, 197, 51, 155, 143, 74, 183, 33, 22, 32, 10, 70, 113, 0]], [[0, 135, 162, 81, 186, 105, 151, 83, 0], [0, 173, 48, 117, 55, 129, 85, 4, 124, 82, 153, 64, 0]], [[0, 118, 179, 29, 103, 45, 0], [0, 140, 101, 119, 192, 13, 110, 193, 150, 3, 0]]]","[[[0, 44, 23, 0], [0, 189, 53, 0], [0, 144, 161, 0], [0, 75, 0], [0, 132, 128, 0]], [], [], []]","[9392.03701737674, 9379.998914425541, 9402.438127533633, 9387.151669635923, 9344.217753255012, 9394.958044577445, 9396.73008682542, 9334.855999944075, 9357.690072602225, 9413.857345169441]","[2752.6259695258586, -0.0, -0.0, -0.0]",1400,2.27
200.40.4,200,10,4,endurance,high,high,3600,15.6464,700,31.2928,158.8593591,"[[[0, 44, 104, 166, 200, 199, 173, 8, 0], [0, 183, 150, 115, 122, 112, 155, 79, 87, 59, 121, 184, 131, 169, 40, 0]], [[0, 129, 96, 73, 83, 198, 98, 162, 15, 63, 0], [0, 42, 47, 30, 144, 53, 16, 118, 120, 163, 43, 0]], [[0, 191, 164, 103, 9, 190, 19, 156, 92, 55, 0], [0, 78, 152, 57, 85, 11, 76, 182, 0]], [[0, 56, 137, 45, 1, 116, 168, 97, 0], [0, 82, 91, 192, 13, 159, 151, 32, 105, 196, 84, 0]], [[0, 7, 48, 34, 188, 117, 189, 179, 136, 195, 193, 0], [0, 181, 108, 24, 135, 93, 90, 145, 100, 186, 31, 75, 143, 0]], [[0, 128, 3, 194, 106, 171, 133, 37, 0], [0, 176, 95, 167, 101, 25, 14, 140, 160, 12, 80, 0]], [[0, 161, 17, 88, 109, 41, 27, 69, 0], [0, 67, 33, 174, 35, 141, 68, 94, 28, 89, 139, 126, 0]], [[0, 86, 123, 2, 177, 54, 70, 26, 22, 5, 132, 146, 72, 0], [0, 38, 77, 36, 127, 124, 52, 58, 172, 64, 0]], [[0, 187, 180, 10, 74, 51, 185, 21, 46, 6, 0], [0, 61, 113, 119, 138, 158, 147, 18, 149, 148, 71, 0]], [[0, 107, 197, 125, 102, 130, 50, 62, 99, 142, 65, 0], [0, 81, 23, 111, 39, 175, 157, 4, 154, 60, 66, 170, 29, 165, 110, 0]]]","[[[0, 114, 0], [0, 153, 0]], [[0, 49, 0], [0, 20, 0], [0, 134, 0]], [[0, 178, 0]], []]","[9509.486372904925, 9515.304521258695, 9516.285533501641, 9492.01082409351, 9513.143180655257, 9531.561548414129, 9526.848158342716, 9481.53036645387, 9461.020087741375, 9444.991334315951]","[705.2640836789411, 1807.7919041908171, 670.9350292015763, -0.0]",1400,2.27
200.40.4,200,10,4,endurance,high,high,3600,15.6464,700,31.2928,156.3128353,"[[[0, 63, 17, 182, 15, 88, 109, 27, 69, 0], [0, 67, 33, 174, 35, 141, 68, 94, 28, 24, 108, 0]], [[0, 82, 91, 192, 13, 159, 125, 50, 62, 142, 196, 0], [0, 110, 165, 29, 3, 128, 194, 106, 70, 54, 0]], [[0, 22, 140, 160, 12, 5, 80, 146, 72, 0], [0, 129, 98, 198, 83, 73, 96, 90, 93, 135, 145, 100, 186, 181, 89, 153, 0]], [[0, 7, 48, 195, 34, 188, 117, 189, 179, 136, 193, 114, 0], [0, 164, 103, 9, 190, 19, 156, 92, 55, 0]], [[0, 14, 25, 101, 167, 95, 176, 87, 133, 37, 26, 2, 123, 0], [0, 168, 120, 16, 118, 163, 43, 0]], [[0, 170, 66, 60, 154, 4, 157, 175, 39, 111, 23, 81, 0], [0, 41, 152, 197, 151, 32, 107, 105, 84, 0]], [[0, 116, 45, 1, 53, 144, 30, 47, 137, 56, 134, 0], [0, 180, 10, 74, 51, 185, 21, 187, 102, 130, 99, 0]], [[0, 65, 161, 143, 31, 139, 191, 20, 126, 0], [0, 38, 77, 36, 127, 124, 52, 58, 172, 64, 42, 0]], [[0, 78, 57, 85, 11, 76, 162, 75, 0], [0, 132, 148, 149, 18, 147, 158, 138, 119, 113, 71, 61, 86, 0]], [[0, 44, 6, 173, 46, 104, 166, 200, 199, 8, 0], [0, 171, 183, 150, 115, 122, 112, 155, 79, 59, 121, 184, 131, 169, 177, 40, 0]]]","[[[0, 178, 0], [0, 49, 97, 0]], [], [], []]","[9336.458537670704, 9372.108657538636, 9366.898298910224, 9371.34129374041, 9270.969752845354, 9278.430993808255, 9343.514034384772, 9356.396275968875, 9378.770115004609, 9361.26637703623]","[1345.6350140326967, -0.0, -0.0, -0.0]",1400,2.27
200.40.4,200,10,4,endurance,high,high,3600,15.6464,700,31.2928,155.8501765,"[[[0, 195, 7, 48, 34, 188, 117, 179, 189, 16, 136, 193, 0], [0, 92, 156, 19, 190, 9, 103, 164, 0]], [[0, 186, 100, 145, 135, 90, 93, 96, 73, 83, 198, 98, 129, 31, 0], [0, 8, 46, 104, 166, 200, 199, 173, 6, 0]], [[0, 165, 29, 56, 45, 1, 168, 116, 0], [0, 67, 33, 174, 35, 141, 68, 94, 28, 24, 108, 181, 89, 75, 143, 153, 0]], [[0, 40, 2, 54, 70, 26, 37, 133, 169, 177, 123, 72, 86, 0], [0, 14, 25, 101, 167, 95, 79, 121, 184, 131, 0]], [[0, 126, 139, 191, 55, 61, 0], [0, 38, 77, 36, 127, 124, 52, 58, 172, 64, 42, 0]], [[0, 161, 63, 182, 88, 109, 27, 17, 0], [0, 82, 91, 192, 13, 159, 125, 50, 99, 142, 44, 65, 0]], [[0, 15, 162, 76, 11, 85, 57, 78, 69, 0], [0, 71, 113, 119, 138, 158, 147, 18, 149, 148, 132, 146, 0]], [[0, 137, 47, 30, 144, 53, 118, 120, 163, 43, 97, 0], [0, 41, 152, 197, 151, 32, 107, 105, 0]], [[0, 22, 140, 160, 12, 5, 80, 0], [0, 176, 87, 59, 112, 155, 122, 115, 150, 183, 171, 106, 194, 3, 128, 0]], [[0, 180, 10, 74, 51, 185, 21, 187, 102, 130, 62, 196, 84, 0], [0, 170, 66, 60, 154, 4, 157, 175, 39, 111, 23, 81, 110, 0]]]","[[[0, 178, 0], [0, 114, 134, 0], [0, 49, 0], [0, 20, 0]], [], [], []]","[9351.010592292412, 9308.623097957836, 9318.803557496223, 9077.564508410655, 9306.705599265799, 9291.012852935655, 9331.391859493106, 9344.26812013621, 9349.276169161305, 9253.207133975196]","[2533.4994997257027, -0.0, -0.0, -0.0]",1400,2.27
200.40.4,200,10,4,endurance,high,high,3600,15.6464,700,31.2928,155.5928421,"[[[0, 62, 130, 102, 187, 21, 185, 51, 74, 10, 180, 46, 173, 6, 114, 0], [0, 170, 66, 60, 154, 4, 157, 175, 39, 111, 23, 81, 110, 0]], [[0, 63, 17, 88, 109, 27, 105, 196, 84, 65, 0], [0, 141, 35, 174, 33, 67, 9, 103, 139, 126, 0]], [[0, 86, 61, 71, 132, 80, 22, 146, 72, 0], [0, 38, 77, 36, 127, 124, 52, 58, 172, 64, 29, 0]], [[0, 14, 25, 101, 167, 95, 176, 87, 133, 37, 26, 2, 0], [0, 123, 177, 54, 70, 169, 131, 171, 106, 194, 3, 128, 0]], [[0, 183, 150, 115, 122, 112, 155, 79, 59, 121, 184, 40, 0], [0, 7, 48, 199, 200, 166, 104, 8, 0]], [[0, 165, 56, 137, 45, 116, 49, 0], [0, 82, 91, 192, 13, 159, 125, 50, 142, 99, 44, 0]], [[0, 20, 191, 164, 190, 19, 156, 92, 55, 0], [0, 113, 119, 138, 158, 147, 18, 148, 149, 12, 160, 140, 5, 0]], [[0, 68, 94, 28, 24, 145, 135, 93, 90, 96, 73, 83, 198, 98, 162, 15, 75, 143, 0], [0, 89, 181, 108, 186, 100, 129, 31, 153, 0]], [[0, 42, 47, 30, 144, 53, 1, 168, 0], [0, 195, 136, 34, 188, 117, 189, 179, 16, 118, 120, 163, 193, 43, 97, 0]], [[0, 69, 78, 57, 85, 11, 76, 182, 161, 0], [0, 41, 152, 197, 151, 32, 107, 0]]]","[[[0, 134, 0], [0, 178, 0]], [], [], []]","[9315.4679569525, 9301.253385757978, 9329.361769808058, 9332.835439005055, 9335.570526764048, 9243.245976832088, 9330.405550627951, 9323.594996219614, 9330.151065092858, 9331.965726004993]","[1123.5380650263182, -0.0, -0.0, -0.0]",1400,2.27
200.40.4,200,10,4,endurance,high,high,3600,15.6464,700,31.2928,157.9081871,"[[[0, 192, 91, 82, 74, 10, 180, 0], [0, 63, 182, 162, 15, 31, 75, 143, 65, 0]], [[0, 56, 137, 47, 30, 144, 53, 1, 45, 29, 0], [0, 116, 168, 120, 118, 16, 179, 189, 117, 188, 34, 136, 43, 165, 110, 0]], [[0, 141, 35, 174, 33, 67, 9, 103, 139, 126, 0], [0, 97, 163, 48, 7, 195, 193, 0]], [[0, 86, 72, 146, 132, 80, 22, 26, 177, 2, 123, 0], [0, 38, 77, 36, 127, 124, 52, 58, 172, 64, 42, 0]], [[0, 6, 199, 200, 166, 104, 46, 173, 8, 0], [0, 186, 100, 96, 93, 90, 135, 145, 24, 28, 68, 94, 108, 181, 89, 0]], [[0, 69, 27, 109, 57, 78, 152, 41, 142, 0], [0, 113, 119, 138, 158, 147, 149, 18, 148, 71, 61, 0]], [[0, 81, 23, 111, 39, 175, 157, 4, 154, 60, 66, 170, 0], [0, 129, 73, 83, 198, 98, 76, 11, 85, 88, 17, 161, 0]], [[0, 55, 92, 156, 19, 190, 164, 191, 0], [0, 184, 121, 59, 87, 79, 155, 112, 122, 115, 150, 183, 171, 106, 3, 0]], [[0, 176, 95, 167, 101, 25, 14, 140, 160, 12, 5, 0], [0, 128, 194, 131, 169, 133, 37, 70, 54, 40, 0]], [[0, 125, 13, 159, 197, 151, 32, 107, 105, 196, 84, 0], [0, 44, 50, 130, 51, 185, 21, 187, 102, 62, 99, 0]]]","[[[0, 20, 0], [0, 134, 114, 0]], [[0, 49, 0]], [[0, 178, 0]], [[0, 153, 0]]]","[9465.041671413752, 9426.138613239667, 9440.852926067477, 9407.383187046027, 9466.894576057197, 9428.284804992829, 9474.491228650946, 9473.335421667263, 9442.025773485275, 9457.277295624217]","[1191.2615975763351, 671.3028729477916, 670.9350292015763, 479.7181968404859]",1400,2.27
50.10.1,50,3,3,endurance,high,high,3600,15.6464,700,31.2928,31.55627374,"[[[0, 45, 19, 49, 0]], [[0, 10, 22, 15, 14, 24, 50, 42, 4, 27, 9, 8, 0]], [[0, 40, 34, 7, 33, 6, 20, 18, 11, 12, 0]]]","[[[0, 30, 13, 3, 0], [0, 23, 44, 2, 0], [0, 31, 0], [0, 41, 48, 17, 0]], [[0, 1, 29, 26, 5, 0], [0, 28, 35, 21, 0], [0, 25, 47, 0]], [[0, 36, 37, 0], [0, 16, 43, 38, 0], [0, 46, 39, 32, 0]]]","[1893.3764241835136, 1875.11558483417, 1854.1730864699232]","[1867.4571341805931, 1854.592613523514, 1823.0112454121645]",1400,2.27
50.10.1,50,3,3,endurance,high,high,3600,15.6464,700,31.2928,31.55627374,"[[[0, 15, 24, 42, 13, 27, 9, 41, 0]], [[0, 45, 19, 49, 0]], [[0, 40, 2, 34, 7, 33, 6, 20, 18, 11, 12, 10, 0]]]","[[[0, 5, 29, 26, 39, 32, 0], [0, 1, 31, 0], [0, 36, 37, 0], [0, 8, 0]], [[0, 25, 47, 0], [0, 4, 3, 22, 30, 0], [0, 16, 35, 28, 0]], [[0, 50, 14, 21, 0], [0, 46, 38, 43, 0], [0, 17, 48, 0], [0, 23, 44, 0]]]","[1885.5243864876554, 1893.3764241835136, 1876.5253308484941]","[1829.0872951765198, 1795.6366639317462, 1829.1498949044064]",1400,2.27
50.10.1,50,3,3,endurance,high,high,3600,15.6464,700,31.2928,31.55627374,"[[[0, 49, 19, 45, 0]], [[0, 10, 11, 18, 6, 20, 33, 7, 34, 2, 40, 0]], [[0, 41, 8, 9, 27, 4, 42, 24, 14, 15, 0]]]","[[[0, 36, 26, 29, 0], [0, 22, 30, 17, 48, 0], [0, 31, 37, 0]], [[0, 16, 12, 28, 35, 21, 0], [0, 23, 39, 0], [0, 3, 47, 50, 0]], [[0, 1, 5, 0], [0, 25, 13, 0], [0, 43, 44, 32, 0], [0, 46, 38, 0]]]","[1893.3764241835138, 1889.7958462204838, 1892.5089682052833]","[1851.9262829089225, 1832.0794424703504, 1869.2683943663762]",1400,2.27
50.10.1,50,3,3,endurance,high,high,3600,15.6464,700,31.2928,31.55627374,"[[[0, 45, 19, 49, 0]], [[0, 41, 9, 27, 4, 42, 24, 15, 35, 0]], [[0, 40, 34, 7, 33, 20, 6, 18, 11, 12, 0]]]","[[[0, 38, 43, 46, 0], [0, 2, 16, 28, 30, 0], [0, 47, 25, 0]], [[0, 5, 23, 44, 0], [0, 29, 26, 39, 0], [0, 13, 48, 1, 0], [0, 10, 8, 0]], [[0, 17, 31, 32, 0], [0, 22, 3, 50, 14, 21, 0], [0, 36, 37, 0]]]","[1893.3764241835136, 1810.2448323599567, 1867.7817720835387]","[1829.1178829128999, 1869.440681861454, 1870.0506470671853]",1400,2.27
50.10.1,50,3,3,endurance,high,high,3600,15.6464,700,31.2928,31.55627374,"[[[0, 40, 2, 34, 7, 33, 20, 6, 18, 11, 12, 0]], [[0, 45, 19, 49, 0]], [[0, 8, 9, 27, 4, 42, 24, 15, 14, 50, 3, 0]]]","[[[0, 35, 28, 21, 0], [0, 5, 29, 26, 39, 0], [0, 16, 44, 32, 0]], [[0, 36, 37, 31, 0], [0, 47, 13, 0], [0, 17, 30, 22, 10, 0]], [[0, 38, 46, 43, 0], [0, 25, 48, 0], [0, 41, 23, 1, 0]]]","[1871.2560118838626, 1893.3764241835136, 1886.7098508609042]","[1867.1370020901263, 1817.115212518454, 1672.6914536069855]",1400,2.27
50.10.2,50,3,3,endurance,high,high,3600,15.6464,700,31.2928,25.86368972,"[[[0, 28, 43, 37, 50, 42, 45, 10, 17, 0]], [[0, 20, 49, 46, 7, 33, 2, 8, 47, 0]], [[0, 19, 4, 44, 35, 40, 48, 3, 0]]]","[[[0, 34, 6, 41, 12, 0], [0, 38, 30, 18, 22, 0], [0, 36, 0]], [[0, 39, 24, 0], [0, 31, 14, 0], [0, 27, 1, 15, 32, 0]], [[0, 21, 13, 26, 23, 0], [0, 29, 16, 5, 9, 25, 0], [0, 11, 0]]]","[1546.541292399604, 1543.8027617588473, 1545.1204889657313]","[1523.1430279916458, 1551.8213832018114, 1538.6143927988282]",1400,2.27
50.10.2,50,3,3,endurance,high,high,3600,15.6464,700,31.2928,25.95557033,"[[[0, 3, 48, 40, 26, 35, 44, 4, 0]], [[0, 20, 49, 46, 7, 33, 2, 8, 47, 0]], [[0, 28, 43, 37, 50, 42, 45, 10, 25, 17, 0]]]","[[[0, 36, 0], [0, 12, 41, 6, 34, 0], [0, 29, 9, 5, 16, 0]], [[0, 27, 1, 15, 32, 11, 0], [0, 22, 38, 30, 18, 0]], [[0, 19, 21, 31, 0], [0, 13, 23, 14, 0], [0, 24, 39, 0]]]","[1557.3342200703573, 1543.8027617588473, 1548.6297193734258]","[1548.4416663127977, 1359.7687163958972, 1525.9858758553737]",1400,2.27
50.10.2,50,3,3,endurance,high,high,3600,15.6464,700,31.2928,25.95529823,"[[[0, 3, 48, 40, 26, 35, 4, 0]], [[0, 27, 20, 46, 7, 33, 2, 8, 47, 0]], [[0, 11, 34, 16, 5, 37, 43, 9, 25, 17, 0]]]","[[[0, 32, 15, 1, 49, 0], [0, 28, 29, 0], [0, 22, 18, 30, 38, 0]], [[0, 21, 13, 44, 23, 0], [0, 24, 39, 0], [0, 31, 19, 14, 0]], [[0, 45, 42, 50, 10, 0], [0, 12, 41, 6, 0], [0, 36, 0]]]","[1557.3178935070973, 1538.9664342853682, 1465.6826019310447]","[1524.5291451254066, 1537.697511396998, 1503.8473808482297]",1400,2.27
50.10.2,50,3,3,endurance,high,high,3600,15.6464,700,31.2928,25.95529823,"[[[0, 10, 45, 50, 37, 5, 9, 25, 17, 0]], [[0, 3, 48, 40, 26, 35, 4, 0]], [[0, 11, 27, 20, 46, 7, 33, 2, 8, 47, 0]]]","[[[0, 29, 0], [0, 34, 12, 41, 6, 0], [0, 32, 15, 1, 49, 36, 0]], [[0, 22, 18, 30, 38, 0], [0, 28, 42, 43, 16, 0], [0, 31, 0]], [[0, 19, 21, 13, 23, 0], [0, 39, 24, 0], [0, 14, 44, 0]]]","[1556.7609914654238, 1557.3178935070973, 1553.709671900459]","[1541.1626621437208, 1488.1193926537733, 1533.7023634940983]",1400,2.27
50.10.2,50,3,3,endurance,high,high,3600,15.6464,700,31.2928,25.95529823,"[[[0, 4, 35, 26, 40, 48, 3, 0]], [[0, 47, 8, 2, 33, 7, 46, 49, 20, 27, 0]], [[0, 17, 25, 9, 43, 37, 5, 16, 29, 11, 28, 0]]]","[[[0, 42, 50, 45, 10, 0], [0, 36, 15, 32, 1, 0], [0, 19, 0]], [[0, 24, 39, 0], [0, 21, 13, 23, 44, 0], [0, 14, 31, 0]], [[0, 38, 30, 18, 22, 0], [0, 34, 6, 41, 12, 0]]]","[1557.3178935070973, 1544.8554615787334, 1523.0307665300068]","[1540.0307666147808, 1488.5597669911992, 1340.2541492584742]",1400,2.27
50.10.3,50,3,3,endurance,high,high,3600,15.6464,700,31.2928,25.22611983,"[[[0, 7, 34, 44, 3, 36, 4, 12, 2, 40, 32, 0]], [[0, 20, 14, 29, 15, 13, 41, 0]], [[0, 46, 8, 22, 21, 27, 48, 24, 1, 30, 5, 19, 0]]]","[[[0, 25, 37, 10, 0], [0, 42, 39, 18, 6, 0]], [[0, 33, 23, 0], [0, 45, 28, 11, 9, 0], [0, 35, 0]], [[0, 49, 50, 31, 0], [0, 47, 16, 43, 38, 17, 0], [0, 26, 0]]]","[1490.865571934678, 1512.4058810954446, 1513.567189981597]","[1345.9953468208942, 1495.7008507064186, 1499.6766728018729]",1400,2.27
50.10.3,50,3,3,endurance,high,high,3600,15.6464,700,31.2928,25.29144453,"[[[0, 5, 30, 1, 27, 48, 24, 21, 22, 8, 46, 0]], [[0, 19, 20, 14, 29, 15, 13, 41, 16, 0]], [[0, 7, 34, 44, 3, 36, 4, 12, 2, 40, 32, 0]]]","[[[0, 43, 38, 28, 0], [0, 45, 11, 9, 50, 49, 0]], [[0, 33, 23, 0], [0, 10, 25, 37, 0], [0, 17, 47, 0]], [[0, 31, 26, 0], [0, 6, 35, 0], [0, 18, 39, 42, 0]]]","[1490.7594653306144, 1517.486671782368, 1490.865571934678]","[1371.1040914912437, 1494.0965600032252, 1511.7820871898407]",1400,2.27
50.10.3,50,3,3,endurance,high,high,3600,15.6464,700,31.2928,25.20676468,"[[[0, 20, 14, 29, 15, 13, 41, 0]], [[0, 32, 40, 2, 12, 36, 4, 3, 44, 34, 7, 0]], [[0, 46, 8, 22, 21, 42, 27, 48, 24, 1, 0]]]","[[[0, 25, 37, 10, 0], [0, 50, 31, 49, 0], [0, 26, 0]], [[0, 35, 18, 39, 0], [0, 19, 16, 43, 38, 17, 0], [0, 6, 0]], [[0, 45, 9, 11, 28, 0], [0, 47, 5, 30, 0], [0, 23, 33, 0]]]","[1512.4058810954446, 1500.898744923416, 1508.771746749268]","[1491.7984347258239, 1511.6825674234158, 1499.947499490278]",1400,2.27
50.10.3,50,3,3,endurance,high,high,3600,15.6464,700,31.2928,25.37887403,"[[[0, 7, 28, 11, 9, 31, 3, 12, 40, 0]], [[0, 19, 20, 14, 29, 15, 13, 41, 0]], [[0, 46, 22, 21, 42, 27, 48, 24, 1, 8, 0]]]","[[[0, 23, 33, 0], [0, 39, 18, 35, 0], [0, 5, 30, 0]], [[0, 26, 0], [0, 17, 38, 43, 16, 47, 0], [0, 32, 49, 2, 4, 36, 0]], [[0, 10, 37, 25, 0], [0, 34, 45, 50, 44, 0], [0, 6, 0]]]","[1522.732441878115, 1513.6045945352942, 1492.7437330941345]","[1494.3577853066793, 1481.5804525411263, 1500.815174815016]",1400,2.27
50.10.3,50,3,3,endurance,high,high,3600,15.6464,700,31.2928,25.54764693,"[[[0, 22, 1, 24, 48, 27, 42, 21, 8, 46, 0]], [[0, 20, 14, 29, 15, 13, 41, 16, 47, 0]], [[0, 7, 34, 44, 3, 12, 36, 4, 2, 40, 32, 0]]]","[[[0, 50, 9, 49, 0], [0, 25, 37, 10, 0], [0, 6, 0]], [[0, 5, 30, 19, 0], [0, 23, 33, 0], [0, 35, 18, 39, 0]], [[0, 26, 45, 11, 31, 0], [0, 28, 38, 43, 0], [0, 17, 0]]]","[1521.3679487860884, 1532.858815685102, 1497.9801570355578]","[1529.680447070424, 1526.371818136902, 1479.2347235894981]",1400,2.27
50.10.4,50,3,3,endurance,high,high,3600,15.6464,700,31.2928,24.26429702,"[[[0, 13, 44, 23, 42, 49, 17, 40, 35, 11, 0]], [[0, 20, 38, 14, 36, 21, 6, 10, 46, 48, 0]], [[0, 29, 33, 4, 45, 0]]]","[[[0, 22, 8, 7, 43, 0], [0, 31, 37, 25, 0], [0, 24, 0]], [[0, 28, 18, 50, 26, 0], [0, 34, 1, 16, 39, 2, 0], [0, 15, 0]], [[0, 47, 27, 3, 0], [0, 32, 30, 0], [0, 12, 5, 41, 19, 9, 0]]]","[1384.441223066468, 1433.7741735470095, 1455.8578212932475]","[1446.5436595102333, 1451.2810031736226, 1445.602965573111]",1400,2.27
50.10.4,50,3,3,endurance,high,high,3600,15.6464,700,31.2928,24.26429702,"[[[0, 29, 33, 4, 45, 0]], [[0, 13, 44, 23, 42, 49, 17, 12, 40, 35, 11, 0]], [[0, 20, 24, 14, 36, 21, 6, 10, 46, 48, 0]]]","[[[0, 27, 50, 26, 43, 0], [0, 38, 16, 34, 1, 39, 2, 0], [0, 15, 0]], [[0, 47, 0], [0, 9, 19, 5, 41, 0], [0, 18, 7, 8, 28, 0]], [[0, 32, 25, 37, 0], [0, 31, 30, 0], [0, 3, 22, 0]]]","[1455.8578212932475, 1446.7665741075896, 1439.9789916955594]","[1445.8451048076085, 1424.987508042435, 1448.9964475972445]",1400,2.27
50.10.4,50,3,3,endurance,high,high,3600,15.6464,700,31.2928,24.26429702,"[[[0, 45, 4, 33, 29, 0]], [[0, 11, 35, 17, 49, 40, 42, 23, 44, 13, 0]], [[0, 20, 14, 36, 21, 6, 10, 46, 48, 0]]]","[[[0, 37, 25, 32, 0], [0, 22, 3, 28, 0], [0, 47, 27, 26, 50, 0]], [[0, 2, 39, 1, 34, 16, 0], [0, 8, 7, 18, 43, 0], [0, 24, 0]], [[0, 15, 0], [0, 38, 30, 31, 0], [0, 9, 19, 5, 41, 12, 0]]]","[1455.8578212932475, 1449.3980841396078, 1432.4292491870478]","[1447.3149801864802, 1426.2250086288257, 1432.3149734962133]",1400,2.27
50.10.4,50,3,3,endurance,high,high,3600,15.6464,700,31.2928,24.43472684,"[[[0, 20, 15, 28, 3, 9, 19, 5, 41, 12, 17, 35, 11, 0]], [[0, 40, 49, 42, 23, 44, 45, 13, 0]], [[0, 36, 29, 6, 10, 0]]]","[[[0, 21, 33, 4, 0], [0, 38, 39, 16, 1, 34, 0], [0, 24, 22, 0]], [[0, 48, 0], [0, 27, 26, 50, 47, 0], [0, 31, 37, 25, 0]], [[0, 2, 14, 46, 0], [0, 43, 18, 7, 8, 0], [0, 32, 30, 0]]]","[1462.7228174806394, 1466.083610494933, 1449.1769425642906]","[1454.7472984325948, 1451.5787957399257, 1459.4027931952273]",1400,2.27
50.10.4,50,3,3,endurance,high,high,3600,15.6464,700,31.2928,24.26429702,"[[[0, 29, 33, 4, 45, 0]], [[0, 35, 12, 17, 40, 49, 42, 23, 44, 11, 0]], [[0, 48, 46, 10, 6, 21, 36, 14, 38, 24, 20, 0]]]","[[[0, 32, 30, 0], [0, 27, 18, 7, 8, 0], [0, 47, 28, 3, 0]], [[0, 26, 50, 43, 0], [0, 34, 1, 16, 39, 2, 0], [0, 13, 0]], [[0, 15, 22, 0], [0, 5, 41, 19, 9, 0], [0, 31, 37, 25, 0]]]","[1455.8578212932475, 1405.6042100981736, 1440.1505960597394]","[1422.4186419323169, 1441.015390111622, 1434.6883931708435]",1400,2.27
50.20.1,50,3,3,endurance,high,high,3600,15.6464,700,31.2928,70.40472406,"[[[0, 29, 9, 23, 21, 11, 2, 13, 44, 4, 38, 20, 0]], [[0, 1, 22, 7, 37, 5, 6, 17, 14, 32, 33, 19, 40, 0]], [[0, 36, 50, 16, 28, 35, 27, 43, 10, 42, 8, 45, 39, 0]]]","[[[0, 46, 48, 18, 0], [0, 47, 0], [0, 24, 34, 26, 0], [0, 41, 3, 12, 0], [0, 25, 0], [0, 31, 0]], [[0, 49, 0], [0, 15, 30, 0]], []]","[4208.685850923054, 4224.283443496239, 4194.705590894106]","[3576.552997344998, 1338.53450366066, -0.0]",1400,2.27
50.20.1,50,3,3,endurance,high,high,3600,15.6464,700,31.2928,69.70151866,"[[[0, 7, 22, 1, 8, 42, 10, 43, 39, 0]], [[0, 27, 35, 16, 50, 36, 38, 28, 4, 44, 13, 33, 19, 0]], [[0, 5, 37, 6, 17, 14, 32, 23, 21, 11, 2, 9, 29, 40, 0]]]","[[[0, 18, 15, 30, 0], [0, 12, 3, 41, 0], [0, 26, 34, 24, 0], [0, 31, 47, 0], [0, 20, 46, 48, 0], [0, 49, 0]], [[0, 45, 25, 0]], []]","[4167.692813463375, 4182.09111960489, 4176.579740572381]","[3983.0783402836087, 698.4685300149267, -0.0]",1400,2.27
50.20.1,50,3,3,endurance,high,high,3600,15.6464,700,31.2928,70.08053741,"[[[0, 38, 4, 44, 13, 33, 2, 11, 21, 23, 32, 40, 0]], [[0, 36, 50, 16, 28, 35, 27, 43, 10, 42, 8, 45, 39, 0]], [[0, 1, 22, 7, 37, 5, 6, 17, 14, 9, 29, 19, 12, 0]]]","[[[0, 3, 41, 0], [0, 15, 48, 30, 0], [0, 26, 34, 25, 0], [0, 49, 0], [0, 18, 24, 0], [0, 20, 46, 0]], [[0, 31, 47, 0]], []]","[4204.832244836565, 4194.705590894106, 4099.37598520813]","[3890.4535902102166, 622.3222105706254, -0.0]",1400,2.27
50.20.1,50,3,3,endurance,high,high,3600,15.6464,700,31.2928,69.90080808,"[[[0, 38, 4, 44, 13, 33, 2, 11, 21, 23, 29, 40, 0]], [[0, 19, 9, 32, 14, 17, 6, 5, 37, 7, 22, 1, 31, 0]], [[0, 36, 50, 16, 28, 35, 27, 43, 10, 42, 8, 39, 0]]]","[[[0, 18, 15, 46, 0], [0, 47, 0], [0, 12, 3, 41, 0], [0, 20, 48, 30, 0], [0, 49, 0], [0, 45, 0]], [[0, 26, 0], [0, 34, 25, 24, 0]], []]","[4193.0767076274715, 4075.3022678515385, 4194.048484882342]","[3824.0146662178736, 1293.867452983144, -0.0]",1400,2.27
50.20.1,50,3,3,endurance,high,high,3600,15.6464,700,31.2928,70.40472406,"[[[0, 36, 50, 28, 16, 35, 27, 43, 10, 42, 8, 39, 0]], [[0, 29, 9, 23, 21, 11, 2, 13, 44, 4, 38, 20, 0]], [[0, 1, 22, 7, 37, 5, 6, 17, 14, 32, 33, 19, 40, 0]]]","[[[0, 49, 0], [0, 46, 18, 15, 0], [0, 31, 47, 0], [0, 41, 12, 3, 0]], [[0, 24, 26, 34, 0]], [[0, 45, 25, 0], [0, 48, 30, 0]]]","[4212.548614147052, 4208.685850923054, 4224.283443496239]","[2617.0990750543883, 676.2653161123327, 1369.1303853287195]",1400,2.27
50.20.2,50,3,3,endurance,high,high,3600,15.6464,700,31.2928,70.66470022,"[[[0, 14, 44, 22, 18, 42, 25, 40, 7, 19, 38, 46, 0]], [[0, 41, 37, 20, 13, 21, 35, 8, 9, 30, 15, 0]], [[0, 24, 27, 5, 26, 45, 29, 2, 16, 33, 36, 48, 47, 3, 0]]]","[[[0, 10, 0], [0, 32, 50, 28, 0], [0, 4, 17, 0], [0, 49, 43, 0], [0, 39, 34, 0], [0, 1, 6, 0], [0, 11, 0]], [], [[0, 31, 12, 0], [0, 23, 0]]]","[4125.038403699325, 4178.809070238715, 4239.8820130716895]","[4077.303509805655, -0.0, 1040.0079908753873]",1400,2.27
50.20.2,50,3,3,endurance,high,high,3600,15.6464,700,31.2928,70.66470022,"[[[0, 35, 15, 30, 9, 8, 21, 13, 20, 37, 41, 44, 22, 0]], [[0, 42, 18, 25, 40, 7, 19, 38, 31, 0], [0, 46, 0]], [[0, 24, 27, 5, 26, 45, 29, 2, 16, 33, 36, 48, 47, 3, 0]]]","[[[0, 11, 0], [0, 28, 49, 34, 0], [0, 10, 23, 17, 0], [0, 12, 0]], [[0, 43, 0], [0, 6, 0], [0, 4, 39, 14, 0]], [[0, 32, 50, 0], [0, 1, 0]]]","[4233.633340885188, 4060.60620416666, 4239.8820130716895]","[2496.396738329797, 1643.267474822375, 1288.3546029393892]",1400,2.27
50.20.2,50,3,3,endurance,high,high,3600,15.6464,700,31.2928,70.66470022,"[[[0, 35, 15, 30, 9, 8, 21, 13, 20, 37, 41, 44, 22, 14, 0]], [[0, 24, 27, 5, 26, 45, 29, 2, 16, 33, 36, 48, 47, 3, 0]], [[0, 38, 19, 7, 40, 25, 18, 42, 12, 31, 46, 0]]]","[[[0, 17, 34, 6, 0], [0, 23, 10, 0], [0, 28, 1, 32, 0], [0, 43, 11, 0], [0, 50, 0], [0, 4, 39, 0]], [[0, 49, 0]], []]","[4239.314378699648, 4239.8820130716895, 4205.8666443118655]","[3576.3292730772732, 293.2043759675373, -0.0]",1400,2.27
50.20.2,50,3,3,endurance,high,high,3600,15.6464,700,31.2928,70.66470022,"[[[0, 24, 27, 5, 26, 45, 29, 2, 16, 33, 36, 48, 47, 3, 0]], [[0, 41, 37, 20, 13, 21, 35, 8, 9, 30, 15, 49, 0]], [[0, 44, 22, 18, 42, 25, 40, 7, 19, 38, 10, 0]]]","[[[0, 50, 43, 0], [0, 23, 12, 0], [0, 11, 0]], [[0, 31, 32, 17, 0], [0, 46, 0]], [[0, 34, 6, 0], [0, 1, 28, 0], [0, 14, 4, 39, 0]]]","[4239.8820130716895, 4179.104471526894, 4153.267302213454]","[1774.6227781111197, 865.5517408531225, 1885.4295138283353]",1400,2.27
50.20.2,50,3,3,endurance,high,high,3600,15.6464,700,31.2928,70.901057,"[[[0, 41, 37, 20, 13, 21, 35, 8, 9, 30, 15, 36, 0]], [[0, 38, 19, 7, 40, 25, 42, 18, 22, 44, 39, 0]], [[0, 3, 47, 48, 33, 16, 2, 29, 45, 26, 5, 27, 24, 31, 0]]]","[[[0, 43, 11, 0], [0, 14, 4, 17, 0], [0, 6, 28, 0], [0, 1, 0]], [[0, 32, 34, 49, 0], [0, 46, 10, 23, 12, 0]], [[0, 50, 0]]]","[4254.063419768557, 4101.861927914131, 4117.515646524968]","[2632.010080475413, 1260.4808792781405, 603.130301056717]",1400,2.27
50.20.3,50,3,3,endurance,high,high,3600,15.6464,700,31.2928,78.53164534,"[[[0, 37, 11, 12, 43, 48, 17, 30, 41, 19, 0]], [[0, 36, 0], [0, 24, 44, 7, 4, 38, 40, 32, 1, 50, 0]], [[0, 8, 6, 46, 34, 9, 22, 13, 18, 31, 14, 28, 2, 29, 33, 0]]]","[[[0, 27, 0], [0, 16, 23, 0], [0, 42, 0], [0, 21, 25, 0], [0, 47, 39, 0], [0, 49, 0]], [[0, 26, 3, 0], [0, 35, 45, 15, 0]], [[0, 10, 0], [0, 20, 5, 0]]]","[4711.898720148452, 4407.078273359836, 4195.961667069507]","[3725.4088008774233, 1334.595662164062, 1273.8220992731667]",1400,2.27
50.20.3,50,3,3,endurance,high,high,3600,15.6464,700,31.2928,88.47255917,"[[[0, 8, 6, 46, 18, 9, 34, 31, 22, 13, 14, 28, 2, 33, 0], [0, 47, 35, 0]], [[0, 40, 32, 38, 4, 7, 44, 37, 11, 12, 43, 36, 0]], [[0, 1, 50, 24, 0], [0, 19, 41, 30, 48, 17, 0]]]","[[[0, 27, 0], [0, 39, 0], [0, 21, 0], [0, 15, 0], [0, 26, 3, 0], [0, 25, 0], [0, 20, 5, 0], [0, 42, 0], [0, 29, 10, 0]], [[0, 23, 16, 0], [0, 45, 0], [0, 49, 0]], []]","[5019.185163501137, 4559.612953650561, 5308.35355036785]","[5256.501833406864, 1948.4011413296014, -0.0]",1400,2.27
50.20.3,50,3,3,endurance,high,high,3600,15.6464,700,31.2928,78.53164534,"[[[0, 2, 28, 14, 31, 34, 9, 18, 13, 22, 46, 6, 8, 36, 0]], [[0, 50, 1, 40, 32, 38, 4, 7, 44, 24, 47, 0], [0, 33, 0]], [[0, 37, 11, 12, 43, 48, 17, 30, 41, 19, 0]]]","[[[0, 29, 27, 0], [0, 42, 0], [0, 20, 21, 0], [0, 3, 26, 0], [0, 25, 0], [0, 35, 0], [0, 39, 0], [0, 5, 0]], [[0, 15, 45, 0], [0, 49, 0], [0, 23, 16, 0], [0, 10, 0]], []]","[4476.910736970465, 4605.563106021952, 4711.898720148452]","[4709.449960086302, 2627.179027960576, -0.0]",1400,2.27
50.20.3,50,3,3,endurance,high,high,3600,15.6464,700,31.2928,78.92955551,"[[[0, 44, 7, 4, 38, 32, 40, 1, 50, 24, 0], [0, 36, 0]], [[0, 8, 6, 46, 18, 13, 22, 9, 34, 31, 14, 28, 2, 16, 23, 29, 33, 0]], [[0, 37, 11, 12, 43, 48, 17, 30, 41, 19, 10, 0]]]","[[[0, 20, 42, 0], [0, 25, 0], [0, 21, 5, 0], [0, 35, 15, 0]], [[0, 49, 0], [0, 27, 0], [0, 45, 26, 39, 0]], [[0, 47, 3, 0]]]","[4410.5345134329855, 4003.4276113483943, 4735.773330738902]","[2615.677462281851, 1877.9694198340312, 684.4583978360682]",1400,2.27
50.20.3,50,3,3,endurance,high,high,3600,15.6464,700,31.2928,78.92955551,"[[[0, 37, 11, 12, 43, 48, 17, 30, 41, 19, 10, 0]], [[0, 40, 32, 1, 38, 4, 7, 44, 24, 50, 15, 39, 45, 0]], [[0, 36, 0], [0, 6, 8, 46, 18, 13, 22, 9, 34, 31, 14, 28, 2, 33, 0]]]","[[[0, 21, 25, 0], [0, 35, 47, 0], [0, 23, 16, 0], [0, 20, 42, 0], [0, 27, 29, 0], [0, 26, 3, 0], [0, 49, 0]], [[0, 5, 0]], []]","[4735.773330738902, 4439.657569465069, 4469.469044768072]","[4513.3552509800365, 619.2027080091151, -0.0]",1400,2.27
50.20.4,50,3,3,endurance,high,high,3600,15.6464,700,31.2928,75.5266429,"[[[0, 18, 11, 40, 30, 5, 12, 22, 31, 15, 48, 34, 0]], [[0, 38, 41, 19, 14, 46, 26, 17, 35, 13, 49, 21, 27, 39, 0]], [[0, 33, 24, 28, 9, 10, 20, 47, 42, 2, 3, 32, 37, 29, 6, 44, 8, 0]]]","[[[0, 45, 1, 0], [0, 50, 43, 0], [0, 36, 25, 0], [0, 16, 7, 0], [0, 23, 4, 0]], [], []]","[4531.5985742643925, 4529.6603036857105, 4484.548102859475]","[3030.3194152752835, -0.0, -0.0]",1400,2.27
50.20.4,50,3,3,endurance,high,high,3600,15.6464,700,31.2928,93.2523139,"[[[0, 33, 24, 28, 9, 2, 47, 42, 10, 20, 3, 32, 37, 29, 6, 8, 0], [0, 36, 4, 16, 23, 0]], [[0, 17, 26, 46, 14, 19, 41, 38, 0], [0, 44, 48, 15, 31, 22, 34, 0]], [[0, 12, 5, 30, 40, 11, 18, 39, 27, 21, 49, 13, 35, 0], [0, 25, 43, 45, 0]]]","[[[0, 7, 0], [0, 1, 0], [0, 50, 0]], [], []]","[5551.5636477818325, 5595.138833849147, 5442.983398625659]","[1764.988735660908, -0.0, -0.0]",1400,2.27
50.20.4,50,3,3,endurance,high,high,3600,15.6464,700,31.2928,90.76021021,"[[[0, 44, 8, 0], [0, 30, 5, 40, 11, 18, 39, 27, 21, 49, 13, 35, 0]], [[0, 43, 0], [0, 3, 20, 10, 9, 28, 24, 33, 38, 41, 19, 14, 46, 26, 17, 0]], [[0, 42, 2, 47, 32, 37, 29, 6, 48, 15, 31, 22, 12, 34, 23, 16, 0]]]","[[[0, 36, 1, 0], [0, 4, 0], [0, 7, 0], [0, 45, 0], [0, 25, 0]], [[0, 50, 0]], []]","[5445.612612358332, 5135.864958346263, 4519.998529512107]","[2371.189944156736, 450.7284858041324, -0.0]",1400,2.27
50.20.4,50,3,3,endurance,high,high,3600,15.6464,700,31.2928,94.82061331,"[[[0, 35, 0], [0, 13, 49, 21, 27, 39, 18, 11, 40, 30, 5, 12, 0]], [[0, 6, 29, 37, 32, 47, 2, 42, 3, 20, 10, 9, 28, 24, 33, 43, 0], [0, 1, 0]], [[0, 44, 48, 15, 31, 22, 34, 8, 0], [0, 25, 38, 41, 19, 14, 46, 26, 17, 0]]]","[[[0, 7, 0], [0, 4, 23, 0], [0, 50, 45, 36, 16, 0]], [], []]","[5689.236798694392, 5571.710909460014, 5663.251331117446]","[1904.0378412781306, -0.0, -0.0]",1400,2.27
50.20.4,50,3,3,endurance,high,high,3600,15.6464,700,31.2928,90.75725794,"[[[0, 44, 0], [0, 35, 13, 49, 21, 27, 39, 18, 11, 40, 5, 30, 0]], [[0, 10, 20, 3, 32, 37, 29, 6, 15, 48, 22, 31, 12, 34, 0], [0, 16, 23, 4, 0]], [[0, 45, 8, 36, 0], [0, 47, 42, 2, 9, 28, 24, 33, 38, 41, 19, 14, 46, 26, 17, 0]]]","[[[0, 50, 0], [0, 1, 0], [0, 25, 0], [0, 43, 0], [0, 7, 0]], [], []]","[5445.435476421601, 5434.039713545431, 5412.155247056781]","[2472.8610540629534, -0.0, -0.0]",1400,2.27
50.30.1,50,3,3,endurance,high,high,3600,15.6464,700,31.2928,147.8963971,"[[[0, 24, 12, 9, 28, 13, 41, 26, 0], [0, 34, 17, 39, 8, 5, 33, 2, 22, 19, 0]], [[0, 48, 35, 50, 44, 47, 37, 3, 25, 4, 10, 0], [0, 20, 1, 49, 16, 18, 40, 6, 0]], [[0, 30, 38, 45, 15, 21, 43, 29, 7, 0], [0, 46, 42, 32, 27, 36, 0]]]","[[[0, 11, 0], [0, 31, 0], [0, 23, 0], [0, 14, 0]], [], []]","[8854.929939502334, 8873.783828187867, 8870.84509844943]","[2504.168033939032, -0.0, -0.0]",1400,2.27
50.30.1,50,3,3,endurance,high,high,3600,15.6464,700,31.2928,147.8963971,"[[[0, 34, 17, 39, 8, 5, 33, 2, 22, 19, 0], [0, 24, 12, 9, 28, 13, 41, 0]], [[0, 48, 35, 50, 44, 47, 37, 3, 25, 4, 10, 0], [0, 20, 1, 49, 16, 18, 40, 6, 0]], [[0, 46, 42, 32, 27, 36, 0], [0, 30, 38, 45, 15, 21, 43, 29, 0]]]","[[[0, 26, 23, 0], [0, 11, 0], [0, 14, 0], [0, 31, 7, 0]], [], []]","[8852.16698082737, 8873.783828187867, 8869.91841963703]","[2570.9563579530295, -0.0, -0.0]",1400,2.27
50.30.1,50,3,3,endurance,high,high,3600,15.6464,700,31.2928,147.8963971,"[[[0, 46, 42, 32, 27, 36, 0], [0, 30, 38, 45, 15, 21, 43, 29, 7, 0]], [[0, 19, 22, 2, 33, 5, 8, 39, 17, 34, 0], [0, 24, 12, 9, 28, 13, 41, 0]], [[0, 48, 35, 50, 44, 47, 37, 3, 25, 4, 10, 0], [0, 20, 1, 49, 16, 18, 40, 6, 0]]]","[[[0, 26, 23, 0], [0, 11, 0], [0, 31, 0], [0, 14, 0]], [], []]","[8870.84509844943, 8852.16698082737, 8873.783828187867]","[2568.984132189411, -0.0, -0.0]",1400,2.27
50.30.1,50,3,3,endurance,high,high,3600,15.6464,700,31.2928,147.8963971,"[[[0, 48, 35, 50, 44, 47, 37, 3, 25, 4, 10, 0], [0, 20, 1, 49, 16, 18, 40, 6, 0]], [[0, 34, 17, 39, 5, 8, 33, 2, 22, 19, 0], [0, 24, 12, 9, 28, 13, 41, 0]], [[0, 30, 38, 45, 15, 21, 43, 29, 0], [0, 46, 42, 32, 27, 36, 0]]]","[[[0, 7, 14, 0], [0, 23, 26, 0], [0, 11, 31, 0]], [], []]","[8873.783828187867, 8872.163991407397, 8869.91841963703]","[1942.7690490110936, -0.0, -0.0]",1400,2.27
50.30.1,50,3,3,endurance,high,high,3600,15.6464,700,31.2928,147.8963971,"[[[0, 34, 17, 39, 5, 8, 33, 2, 0], [0, 12, 9, 28, 13, 24, 22, 19, 41, 26, 0]], [[0, 46, 42, 32, 27, 36, 0], [0, 30, 38, 45, 15, 21, 43, 29, 7, 0]], [[0, 10, 4, 25, 3, 37, 47, 44, 50, 35, 48, 0], [0, 6, 40, 18, 16, 49, 1, 20, 0]]]","[[[0, 31, 0]], [[0, 11, 0]], [[0, 23, 0], [0, 14, 0]]]","[8803.546241148744, 8870.84509844943, 8873.783828187867]","[683.1707784935966, 669.8127884937645, 1151.1844669516709]",1400,2.27
50.30.2,50,3,3,endurance,high,high,3600,15.6464,700,31.2928,133.6660192,"[[[0, 40, 24, 18, 15, 0], [0, 16, 26, 49, 44, 14, 46, 11, 4, 27, 0]], [[0, 31, 6, 28, 3, 21, 30, 0], [0, 36, 38, 10, 32, 45, 23, 47, 8, 17, 1, 0]], [[0, 41, 19, 12, 37, 7, 35, 34, 0], [0, 5, 9, 48, 22, 43, 20, 2, 33, 0]]]","[[[0, 39, 0], [0, 29, 42, 0], [0, 50, 0], [0, 13, 25, 0]], [], []]","[7919.847728569064, 8019.961154560939, 8007.1526781693265]","[2416.910702017473, -0.0, -0.0]",1400,2.27
50.30.2,50,3,3,endurance,high,high,3600,15.6464,700,31.2928,133.9533606,"[[[0, 46, 14, 44, 49, 26, 16, 0], [0, 27, 15, 40, 18, 24, 11, 4, 0]], [[0, 33, 2, 20, 43, 9, 48, 22, 31, 0], [0, 5, 6, 28, 3, 21, 30, 35, 34, 7, 0]], [[0, 36, 38, 10, 32, 45, 23, 47, 8, 17, 1, 0], [0, 19, 37, 12, 41, 0]]]","[[[0, 39, 50, 0], [0, 29, 42, 0], [0, 25, 13, 0]], [], []]","[8027.477715258086, 8023.509940590149, 8037.201633097809]","[1833.4051694327113, -0.0, -0.0]",1400,2.27
50.30.2,50,3,3,endurance,high,high,3600,15.6464,700,31.2928,133.9533606,"[[[0, 36, 38, 10, 32, 45, 23, 47, 8, 17, 1, 0], [0, 19, 37, 12, 41, 0]], [[0, 5, 6, 28, 3, 21, 30, 35, 34, 7, 0], [0, 15, 40, 18, 24, 11, 4, 27, 0]], [[0, 16, 26, 49, 44, 14, 46, 0], [0, 31, 50, 22, 48, 9, 43, 20, 2, 33, 0]]]","[[[0, 42, 29, 0], [0, 13, 25, 0], [0, 39, 0]], [], []]","[8037.201633097809, 7944.862448323842, 8026.399288008009]","[1812.4140254421663, -0.0, -0.0]",1400,2.27
50.30.2,50,3,3,endurance,high,high,3600,15.6464,700,31.2928,133.9533606,"[[[0, 5, 6, 28, 3, 21, 30, 35, 34, 7, 0], [0, 31, 22, 48, 9, 43, 20, 2, 33, 0]], [[0, 36, 38, 10, 32, 45, 23, 47, 8, 17, 1, 0], [0, 41, 12, 37, 19, 0]], [[0, 16, 26, 49, 44, 14, 46, 11, 4, 0], [0, 15, 18, 24, 40, 27, 0]]]","[[[0, 25, 13, 0]], [], [[0, 39, 50, 0], [0, 29, 42, 0]]]","[8023.509940590149, 8037.201633097809, 7996.079679439619]","[681.5804986638395, -0.0, 1151.8246707688718]",1400,2.27
50.30.2,50,3,3,endurance,high,high,3600,15.6464,700,31.2928,133.6660192,"[[[0, 19, 41, 12, 37, 7, 35, 34, 0], [0, 5, 9, 48, 22, 43, 20, 2, 33, 0]], [[0, 4, 24, 18, 40, 15, 0], [0, 16, 26, 49, 44, 14, 46, 11, 0]], [[0, 36, 38, 10, 32, 45, 23, 47, 8, 17, 1, 0], [0, 30, 21, 3, 28, 6, 31, 0]]]","[[[0, 27, 42, 0], [0, 29, 0], [0, 50, 39, 0], [0, 25, 13, 0]], [], []]","[8003.809125278998, 7895.37891189054, 8019.961154560939]","[2304.33987207657, -0.0, -0.0]",1400,2.27
50.30.3,50,3,3,endurance,high,high,3600,15.6464,700,31.2928,148.4683835,"[[[0, 24, 47, 19, 33, 32, 5, 37, 1, 38, 0], [0, 4, 9, 39, 34, 31, 49, 35, 0]], [[0, 2, 17, 44, 23, 18, 40, 27, 22, 0], [0, 45, 28, 30, 16, 20, 25, 15, 46, 0]], [[0, 7, 36, 26, 13, 10, 3, 11, 0], [0, 8, 41, 48, 29, 6, 43, 12, 0]]]","[[[0, 21, 0], [0, 42, 0]], [[0, 50, 14, 0]], []]","[8837.026293641142, 8826.357482259922, 8908.103012671027]","[975.6276123553421, 593.7561622691364, -0.0]",1400,2.27
50.30.3,50,3,3,endurance,high,high,3600,15.6464,700,31.2928,148.4683835,"[[[0, 27, 40, 23, 18, 44, 17, 2, 0], [0, 45, 28, 30, 16, 20, 25, 15, 46, 0]], [[0, 35, 49, 31, 34, 39, 9, 4, 50, 0], [0, 24, 47, 19, 33, 32, 5, 37, 1, 0]], [[0, 7, 36, 26, 13, 10, 3, 11, 0], [0, 8, 41, 48, 29, 6, 43, 12, 0]]]","[[[0, 22, 38, 21, 0], [0, 42, 0], [0, 14, 0]], [], []]","[8701.43730831771, 8863.880124512792, 8908.103012671027]","[1788.139535602339, -0.0, -0.0]",1400,2.27
50.30.3,50,3,3,endurance,high,high,3600,15.6464,700,31.2928,148.4683835,"[[[0, 8, 41, 48, 29, 6, 43, 12, 0], [0, 7, 36, 26, 13, 10, 3, 11, 0]], [[0, 24, 47, 19, 33, 32, 5, 37, 1, 0], [0, 35, 49, 31, 34, 39, 9, 4, 50, 0]], [[0, 27, 40, 44, 23, 18, 17, 2, 0], [0, 45, 28, 30, 16, 20, 25, 15, 46, 0]]]","[[[0, 38, 22, 21, 0], [0, 14, 0], [0, 42, 0]], [], []]","[8908.103012671027, 8863.880124512792, 8843.279954662976]","[1778.8887254827744, -0.0, -0.0]",1400,2.27
50.30.3,50,3,3,endurance,high,high,3600,15.6464,700,31.2928,148.4683835,"[[[0, 27, 40, 18, 23, 44, 17, 2, 0], [0, 45, 28, 30, 16, 20, 25, 15, 46, 0]], [[0, 7, 36, 26, 13, 10, 3, 11, 0], [0, 8, 41, 48, 29, 6, 43, 12, 0]], [[0, 24, 47, 19, 33, 32, 5, 37, 1, 0], [0, 35, 49, 31, 34, 39, 9, 4, 0]]]","[[[0, 50, 0], [0, 21, 0], [0, 22, 0], [0, 42, 38, 0]], [], [[0, 14, 0]]]","[8826.337505478585, 8908.103012671027, 8836.206410555189]","[1434.4120082755337, -0.0, 452.8011802464344]",1400,2.27
50.30.3,50,3,3,endurance,high,high,3600,15.6464,700,31.2928,148.7308957,"[[[0, 31, 28, 30, 16, 20, 25, 15, 46, 0], [0, 27, 40, 23, 44, 18, 17, 2, 0]], [[0, 4, 9, 39, 34, 45, 49, 35, 0], [0, 24, 47, 19, 33, 32, 5, 37, 1, 38, 0]], [[0, 8, 41, 48, 29, 6, 43, 12, 0], [0, 7, 36, 26, 13, 10, 3, 11, 0]]]","[[[0, 50, 22, 14, 0], [0, 42, 0], [0, 21, 0]], [], []]","[8824.508797857092, 8923.853743472557, 8908.103012671027]","[1650.7100346865311, -0.0, -0.0]",1400,2.27
50.30.4,50,3,3,endurance,high,high,3600,15.6464,700,31.2928,146.8610217,"[[[0, 11, 14, 35, 20, 15, 0], [0, 39, 42, 38, 3, 43, 1, 33, 31, 17, 7, 0]], [[0, 8, 19, 37, 22, 44, 48, 0], [0, 4, 32, 28, 49, 12, 13, 6, 0]], [[0, 9, 47, 30, 16, 27, 2, 18, 46, 29, 0], [0, 25, 5, 45, 36, 34, 41, 23, 24, 0]]]","[[[0, 26, 0], [0, 21, 40, 0], [0, 50, 10, 0]], [], []]","[8811.661300005724, 8780.876117057307, 8728.610815057318]","[2048.4462936490954, -0.0, -0.0]",1400,2.27
50.30.4,50,3,3,endurance,high,high,3600,15.6464,700,31.2928,146.8610217,"[[[0, 9, 47, 30, 16, 27, 18, 2, 46, 29, 0], [0, 25, 5, 45, 36, 34, 41, 23, 24, 0]], [[0, 6, 13, 12, 49, 28, 32, 4, 10, 0], [0, 8, 19, 37, 22, 44, 48, 0]], [[0, 15, 20, 35, 14, 11, 0], [0, 39, 42, 38, 3, 43, 1, 33, 31, 17, 7, 0]]]","[[[0, 21, 0], [0, 26, 0], [0, 40, 0], [0, 50, 0]], [], []]","[8679.081785935454, 8781.522367778027, 8811.661300005724]","[2311.6549553076484, -0.0, -0.0]",1400,2.27
50.30.4,50,3,3,endurance,high,high,3600,15.6464,700,31.2928,146.8610217,"[[[0, 11, 14, 35, 20, 15, 0], [0, 39, 42, 38, 3, 43, 1, 33, 31, 17, 7, 0]], [[0, 8, 19, 37, 22, 44, 48, 0], [0, 6, 13, 12, 49, 28, 32, 4, 10, 0]], [[0, 25, 5, 45, 36, 34, 41, 23, 24, 0], [0, 40, 29, 46, 2, 18, 27, 16, 30, 47, 26, 9, 0]]]","[[[0, 21, 0], [0, 50, 0]], [], []]","[8811.661300005724, 8781.522367778027, 8792.28007109035]","[974.4053165918149, -0.0, -0.0]",1400,2.27
50.30.4,50,3,3,endurance,high,high,3600,15.6464,700,31.2928,146.8610217,"[[[0, 25, 5, 45, 36, 34, 41, 23, 24, 0], [0, 40, 29, 46, 2, 18, 27, 16, 30, 47, 9, 0]], [[0, 11, 14, 35, 20, 15, 0], [0, 39, 42, 38, 3, 43, 1, 33, 31, 17, 7, 0]], [[0, 8, 19, 37, 22, 44, 48, 0], [0, 6, 13, 12, 49, 28, 32, 4, 10, 0]]]","[[[0, 21, 0], [0, 50, 0]], [], [[0, 26, 0]]]","[8681.019813687097, 8811.661300005724, 8781.522367778027]","[974.4053165918149, -0.0, 673.2916511555264]",1400,2.27
50.30.4,50,3,3,endurance,high,high,3600,15.6464,700,31.2928,146.8610217,"[[[0, 39, 42, 38, 3, 43, 1, 33, 31, 17, 7, 0], [0, 15, 20, 35, 14, 11, 0]], [[0, 6, 13, 12, 49, 28, 32, 4, 10, 0], [0, 8, 19, 37, 22, 44, 48, 0]], [[0, 25, 5, 45, 36, 34, 41, 23, 24, 0], [0, 29, 46, 18, 2, 27, 16, 30, 47, 9, 0]]]","[[[0, 21, 0], [0, 40, 0], [0, 50, 0], [0, 26, 0]], [], []]","[8811.661300005724, 8781.522367778027, 8728.61081505732]","[2311.654955307648, -0.0, -0.0]",1400,2.27
50.40.1,50,3,3,endurance,high,high,3600,15.6464,700,31.2928,240.5676387,"[[[0, 9, 30, 0], [0, 6, 28, 35, 20, 27, 39, 36, 0], [0, 37, 43, 49, 15, 44, 34, 0]], [[0, 25, 40, 41, 42, 21, 0], [0, 23, 16, 2, 50, 0], [0, 38, 4, 1, 11, 26, 8, 14, 0]], [[0, 32, 13, 47, 31, 0], [0, 48, 3, 18, 19, 0], [0, 7, 45, 22, 29, 0]]]","[[[0, 46, 33, 10, 0], [0, 5, 0], [0, 17, 12, 0], [0, 24, 0]], [], []]","[14403.335907733725, 14429.446441859136, 14434.058320666096]","[2055.7361786007773, -0.0, -0.0]",1400,2.27
50.40.1,50,3,3,endurance,high,high,3600,15.6464,700,31.2928,241.29791,"[[[0, 48, 3, 18, 19, 33, 0], [0, 32, 13, 47, 31, 14, 0], [0, 49, 43, 37, 0]], [[0, 44, 15, 34, 0], [0, 6, 28, 35, 20, 27, 36, 50, 0], [0, 42, 41, 40, 25, 21, 0]], [[0, 38, 4, 8, 26, 1, 11, 30, 9, 0], [0, 2, 16, 23, 0], [0, 39, 7, 45, 22, 29, 10, 46, 0]]]","[[[0, 5, 0], [0, 17, 24, 0], [0, 12, 0]], [], []]","[14477.874599361718, 14462.635485202698, 14465.624839058652]","[1532.3033323931145, -0.0, -0.0]",1400,2.27
50.40.1,50,3,3,endurance,high,high,3600,15.6464,700,31.2928,241.0063203,"[[[0, 4, 38, 8, 26, 1, 11, 30, 9, 0], [0, 20, 27, 28, 35, 6, 2, 0], [0, 14, 31, 47, 13, 32, 24, 0]], [[0, 50, 36, 5, 0], [0, 48, 3, 18, 19, 0], [0, 42, 41, 40, 25, 21, 0]], [[0, 16, 23, 0], [0, 37, 43, 49, 15, 44, 34, 0], [0, 39, 7, 45, 22, 29, 0]]]","[[[0, 33, 10, 46, 0], [0, 12, 0], [0, 17, 0]], [], []]","[14318.265062062295, 14460.379220772182, 14342.804110142168]","[1125.8044209884051, -0.0, -0.0]",1400,2.27
50.40.1,50,3,3,endurance,high,high,3600,15.6464,700,31.2928,240.1445562,"[[[0, 48, 3, 18, 19, 33, 0], [0, 16, 23, 0], [0, 37, 43, 49, 15, 44, 34, 0]], [[0, 25, 40, 41, 42, 21, 0], [0, 38, 4, 8, 26, 1, 11, 30, 9, 0], [0, 32, 13, 47, 31, 14, 0]], [[0, 20, 27, 35, 28, 6, 2, 50, 0], [0, 29, 45, 22, 17, 0], [0, 7, 39, 36, 0]]]","[[[0, 5, 0], [0, 46, 24, 0], [0, 10, 0], [0, 12, 0]], [], []]","[14334.935087495449, 14408.673370992698, 14390.339574855303]","[2134.1680579452013, -0.0, -0.0]",1400,2.27
50.40.1,50,3,3,endurance,high,high,3600,15.6464,700,31.2928,240.5676387,"[[[0, 32, 13, 47, 31, 0], [0, 48, 3, 18, 19, 0], [0, 29, 22, 45, 7, 0]], [[0, 42, 41, 40, 25, 21, 0], [0, 23, 16, 2, 50, 0], [0, 14, 8, 26, 11, 1, 38, 4, 0]], [[0, 6, 28, 35, 20, 27, 39, 36, 0], [0, 30, 9, 0], [0, 37, 43, 49, 15, 44, 34, 0]]]","[[[0, 5, 0], [0, 17, 24, 0], [0, 10, 33, 46, 0], [0, 12, 0]], [], []]","[14434.058320666096, 14410.455247712622, 14403.335907733725]","[2095.0347936983844, -0.0, -0.0]",1400,2.27
50.40.2,50,3,3,endurance,high,high,3600,15.6464,700,31.2928,241.3219337,"[[[0, 32, 31, 17, 18, 0], [0, 25, 6, 3, 2, 34, 26, 13, 19, 0], [0, 45, 50, 21, 4, 24, 41, 8, 20, 0]], [[0, 30, 40, 0], [0, 37, 29, 36, 22, 48, 28, 0], [0, 39, 5, 7, 35, 44, 38, 0]], [[0, 15, 10, 43, 16, 33, 0], [0, 1, 49, 9, 27, 46, 0], [0, 23, 14, 11, 12, 42, 0]]]","[[[0, 47, 0]], [], []]","[14479.3160241565, 14033.77536059331, 14442.242111407148]","[699.3386510005831, -0.0, -0.0]",1400,2.27
50.40.2,50,3,3,endurance,high,high,3600,15.6464,700,31.2928,241.3959607,"[[[0, 25, 6, 3, 2, 34, 26, 13, 1, 0], [0, 32, 31, 17, 18, 0], [0, 48, 16, 43, 10, 15, 40, 33, 0]], [[0, 19, 46, 0], [0, 39, 5, 7, 35, 44, 38, 0], [0, 37, 29, 22, 36, 28, 8, 20, 30, 0]], [[0, 27, 9, 49, 0], [0, 23, 14, 11, 12, 42, 0], [0, 45, 50, 21, 4, 24, 41, 0]]]","[[[0, 47, 0]], [], []]","[14418.120302109857, 14064.252819282548, 14483.75763991795]","[699.3386510005831, -0.0, -0.0]",1400,2.27
50.40.2,50,3,3,endurance,high,high,3600,15.6464,700,31.2928,241.5016,"[[[0, 19, 49, 0], [0, 37, 29, 36, 22, 28, 8, 20, 33, 0], [0, 25, 6, 3, 2, 34, 26, 13, 1, 0]], [[0, 32, 31, 17, 18, 0], [0, 23, 14, 11, 12, 42, 0], [0, 48, 16, 43, 10, 15, 30, 40, 0]], [[0, 46, 27, 9, 0], [0, 45, 50, 21, 4, 24, 41, 0], [0, 39, 5, 7, 35, 44, 38, 0]]]","[[[0, 47, 0]], [], []]","[14420.494552149132, 14462.01883509892, 14490.095999225006]","[699.3386510005831, -0.0, -0.0]",1400,2.27
50.40.2,50,3,3,endurance,high,high,3600,15.6464,700,31.2928,238.9101948,"[[[0, 15, 10, 43, 16, 30, 0], [0, 23, 14, 11, 12, 42, 0], [0, 49, 9, 27, 46, 0]], [[0, 39, 5, 7, 35, 44, 38, 0], [0, 37, 29, 36, 22, 48, 28, 20, 0], [0, 40, 33, 0]], [[0, 45, 50, 21, 4, 24, 8, 41, 0], [0, 25, 6, 3, 2, 34, 26, 13, 1, 19, 0], [0, 32, 31, 17, 18, 0]]]","[[[0, 47, 0]], [], []]","[14334.611685525575, 13857.721821345851, 14291.525885029225]","[699.3386510005831, -0.0, -0.0]",1400,2.27
50.40.2,50,3,3,endurance,high,high,3600,15.6464,700,31.2928,238.9101397,"[[[0, 49, 9, 27, 46, 0], [0, 23, 14, 11, 12, 42, 0], [0, 15, 10, 43, 16, 0]], [[0, 37, 29, 36, 22, 48, 28, 20, 0], [0, 39, 5, 7, 35, 44, 38, 0], [0, 33, 30, 40, 0]], [[0, 45, 50, 21, 4, 24, 8, 41, 0], [0, 25, 6, 3, 2, 34, 26, 13, 1, 19, 0], [0, 32, 31, 17, 18, 0]]]","[[[0, 47, 0]], [], []]","[14334.608383894823, 14043.594198868508, 14291.525885029225]","[699.3386510005831, -0.0, -0.0]",1400,2.27
50.40.3,50,3,3,endurance,high,high,3600,15.6464,700,31.2928,212.6651054,"[[[0, 18, 23, 13, 17, 44, 19, 43, 14, 42, 0], [0, 36, 24, 31, 26, 40, 2, 9, 38, 0], [0, 15, 0]], [[0, 41, 22, 0], [0, 33, 27, 37, 48, 4, 0], [0, 35, 25, 34, 20, 50, 5, 0]], [[0, 8, 28, 30, 3, 12, 1, 10, 46, 0], [0, 6, 49, 0], [0, 21, 29, 16, 11, 39, 7, 45, 0]]]","[[[0, 32, 0], [0, 47, 0]], [], []]","[12759.906326991124, 12698.387169157948, 12661.697682672413]","[1261.1047003480826, -0.0, -0.0]",1400,2.27
50.40.3,50,3,3,endurance,high,high,3600,15.6464,700,31.2928,212.6015353,"[[[0, 15, 5, 0], [0, 24, 31, 36, 26, 40, 9, 2, 38, 0], [0, 33, 27, 37, 48, 4, 47, 0]], [[0, 6, 49, 0], [0, 21, 29, 16, 11, 39, 14, 42, 0], [0, 35, 25, 34, 20, 50, 0]], [[0, 18, 23, 13, 17, 44, 19, 43, 7, 45, 0], [0, 8, 28, 30, 3, 12, 1, 10, 46, 0], [0, 41, 22, 0]]]","[[[0, 32, 0]], [], []]","[12754.153390712501, 12756.092117571698, 12684.179911797119]","[635.7525968080386, -0.0, -0.0]",1400,2.27
50.40.3,50,3,3,endurance,high,high,3600,15.6464,700,31.2928,212.672322,"[[[0, 15, 0], [0, 33, 27, 37, 48, 4, 0], [0, 36, 24, 31, 26, 40, 2, 9, 38, 0]], [[0, 21, 29, 16, 11, 39, 14, 42, 0], [0, 8, 28, 30, 3, 12, 1, 10, 46, 0], [0, 49, 6, 0]], [[0, 35, 25, 34, 20, 50, 5, 0], [0, 41, 22, 0], [0, 18, 23, 17, 13, 44, 19, 43, 7, 45, 0]]]","[[[0, 32, 0]], [[0, 47, 0]], []]","[12619.536069876685, 12760.33931996562, 12722.776870987997]","[635.7525968080386, 625.3521035400441, -0.0]",1400,2.27
50.40.3,50,3,3,endurance,high,high,3600,15.6464,700,31.2928,208.7987549,"[[[0, 30, 3, 28, 12, 8, 1, 10, 46, 15, 0], [0, 18, 23, 13, 17, 44, 19, 39, 43, 7, 0], [0, 45, 0]], [[0, 33, 27, 37, 48, 4, 0], [0, 24, 31, 36, 40, 26, 9, 2, 38, 0], [0, 41, 22, 0]], [[0, 49, 6, 0], [0, 21, 29, 16, 11, 14, 42, 0], [0, 35, 25, 34, 20, 50, 5, 0]]]","[[[0, 32, 0], [0, 47, 0]], [], []]","[12418.103353515144, 12525.960220624514, 12527.925293145607]","[1261.1047003480826, -0.0, -0.0]",1400,2.27
50.40.3,50,3,3,endurance,high,high,3600,15.6464,700,31.2928,211.3942975,"[[[0, 30, 3, 28, 12, 8, 1, 10, 46, 15, 0], [0, 35, 25, 34, 20, 50, 5, 0], [0, 45, 41, 0]], [[0, 22, 0], [0, 33, 27, 37, 48, 4, 0], [0, 18, 23, 13, 17, 44, 19, 39, 43, 7, 0]], [[0, 36, 24, 31, 26, 40, 2, 9, 38, 0], [0, 42, 14, 11, 16, 29, 21, 0], [0, 49, 6, 47, 0]]]","[[[0, 32, 0]], [], []]","[12517.516503080908, 12683.65785262568, 12654.515494015193]","[635.7525968080386, -0.0, -0.0]",1400,2.27
50.40.4,50,3,3,endurance,high,high,3600,15.6464,700,31.2928,216.545386,"[[[0, 44, 24, 19, 28, 45, 0], [0, 30, 35, 6, 2, 4, 36, 33, 0], [0, 26, 9, 0]], [[0, 34, 38, 48, 41, 15, 32, 0], [0, 18, 8, 27, 17, 1, 14, 40, 0], [0, 20, 23, 11, 10, 5, 49, 25, 16, 0]], [[0, 29, 22, 39, 7, 3, 46, 0], [0, 13, 37, 50, 21, 0], [0, 43, 12, 42, 31, 47, 0]]]","[[], [], []]","[12771.681206728692, 12940.563133406215, 12992.72316097867]","[-0.0, -0.0, -0.0]",1400,2.27
50.40.4,50,3,3,endurance,high,high,3600,15.6464,700,31.2928,216.545386,"[[[0, 34, 38, 48, 41, 15, 32, 0], [0, 18, 8, 27, 17, 1, 14, 40, 0], [0, 20, 23, 11, 10, 5, 49, 25, 16, 0]], [[0, 21, 50, 37, 13, 0], [0, 46, 3, 7, 39, 22, 29, 0], [0, 43, 12, 42, 31, 47, 0]], [[0, 30, 35, 6, 2, 4, 36, 33, 0], [0, 24, 19, 44, 28, 45, 0], [0, 9, 0]]]","[[[0, 26, 0]], [], []]","[12940.563133406215, 12992.72316097867, 12764.960378623673]","[576.370576953171, -0.0, -0.0]",1400,2.27
50.40.4,50,3,3,endurance,high,high,3600,15.6464,700,31.2928,216.545386,"[[[0, 44, 24, 19, 28, 45, 0], [0, 30, 35, 6, 2, 4, 36, 33, 0], [0, 26, 9, 0]], [[0, 13, 37, 50, 21, 0], [0, 46, 3, 7, 39, 22, 29, 0], [0, 43, 12, 42, 31, 47, 0]], [[0, 18, 8, 27, 17, 1, 14, 40, 0], [0, 32, 15, 41, 48, 34, 38, 0], [0, 20, 23, 11, 5, 10, 49, 25, 16, 0]]]","[[], [], []]","[12771.681206728692, 12992.72316097867, 12940.387517734885]","[-0.0, -0.0, -0.0]",1400,2.27
50.40.4,50,3,3,endurance,high,high,3600,15.6464,700,31.2928,216.545386,"[[[0, 29, 22, 39, 7, 3, 46, 0], [0, 21, 50, 37, 13, 0], [0, 43, 12, 42, 31, 47, 0]], [[0, 30, 35, 6, 2, 4, 36, 33, 0], [0, 44, 24, 19, 28, 45, 0], [0, 26, 9, 0]], [[0, 20, 23, 11, 10, 5, 49, 25, 16, 0], [0, 18, 8, 27, 17, 1, 14, 40, 0], [0, 32, 15, 38, 34, 48, 41, 0]]]","[[], [], []]","[12992.72316097867, 12771.681206728692, 12988.92711673741]","[-0.0, -0.0, -0.0]",1400,2.27
50.40.4,50,3,3,endurance,high,high,3600,15.6464,700,31.2928,216.545386,"[[[0, 9, 26, 0], [0, 44, 24, 19, 28, 45, 0], [0, 30, 35, 6, 2, 4, 36, 33, 0]], [[0, 20, 23, 11, 5, 10, 49, 25, 16, 0], [0, 38, 34, 48, 41, 15, 32, 0], [0, 18, 8, 27, 17, 1, 14, 40, 0]], [[0, 43, 12, 42, 31, 47, 0], [0, 21, 50, 37, 13, 0], [0, 46, 3, 7, 39, 22, 29, 0]]]","[[], [], []]","[12771.681206728692, 12940.387517734885, 12992.723160978669]","[-0.0, -0.0, -0.0]",1400,2.27
500.10.1,500,10,10,endurance,high,high,3600,15.6464,700,31.2928,30.01839543,"[[[0, 116, 56, 268, 500, 344, 150, 461, 342, 157, 136, 331, 130, 354, 288, 451, 348, 85, 333, 141, 40, 319, 175, 42, 470, 119, 475, 146, 107, 180, 182, 318, 266, 246, 458, 407, 257, 213, 434, 212, 53, 0]], [[0, 59, 439, 188, 183, 197, 52, 300, 488, 427, 10, 158, 247, 444, 82, 219, 120, 341, 121, 70, 320, 77, 55, 61, 194, 176, 380, 108, 357, 441, 142, 117, 495, 162, 24, 164, 464, 207, 113, 435, 84, 0]], [[0, 343, 2, 172, 34, 311, 356, 308, 16, 60, 45, 297, 422, 3, 62, 416, 391, 307, 26, 100, 110, 226, 420, 115, 210, 211, 491, 429, 49, 253, 156, 105, 364, 68, 371, 118, 277, 90, 279, 359, 296, 251, 80, 0]], [[0, 222, 242, 403, 58, 144, 245, 102, 171, 14, 192, 332, 265, 20, 298, 345, 101, 128, 123, 423, 316, 269, 200, 75, 360, 432, 69, 472, 396, 153, 264, 370, 89, 99, 258, 406, 225, 385, 98, 369, 430, 109, 0]], [[0, 39, 44, 424, 353, 282, 373, 13, 131, 169, 398, 229, 7, 388, 65, 186, 397, 104, 446, 233, 425, 460, 450, 400, 195, 411, 330, 35, 499, 249, 167, 238, 442, 263, 313, 112, 476, 477, 193, 196, 355, 132, 368, 4, 278, 0]], [[0, 482, 401, 324, 490, 76, 15, 67, 145, 433, 206, 93, 38, 323, 463, 275, 326, 149, 393, 12, 381, 254, 261, 366, 19, 78, 374, 392, 139, 170, 292, 94, 152, 404, 485, 317, 389, 236, 445, 394, 447, 467, 379, 365, 387, 337, 0]], [[0, 71, 237, 1, 137, 405, 28, 325, 173, 283, 496, 338, 304, 198, 436, 454, 239, 189, 334, 31, 350, 312, 382, 426, 303, 474, 276, 409, 155, 494, 57, 147, 294, 72, 340, 376, 363, 103, 0]], [[0, 37, 135, 29, 272, 51, 231, 74, 228, 335, 27, 273, 414, 216, 64, 456, 497, 33, 309, 457, 280, 185, 63, 281, 378, 218, 8, 259, 289, 208, 465, 122, 367, 124, 161, 0]], [[0, 412, 408, 23, 151, 248, 421, 351, 50, 143, 286, 419, 201, 215, 30, 386, 6, 274, 204, 47, 305, 271, 383, 484, 255, 203, 486, 81, 148, 471, 489, 83, 223, 114, 306, 362, 184, 299, 0]], [[0, 240, 127, 327, 160, 159, 347, 95, 479, 410, 178, 260, 187, 487, 349, 372, 295, 106, 86, 302, 21, 252, 262, 270, 138, 234, 41, 25, 431, 220, 209, 415, 284, 493, 97, 140, 0]]]","[[[0, 199, 0], [0, 440, 329, 0], [0, 179, 241, 0], [0, 290, 66, 91, 0], [0, 395, 452, 0]], [[0, 18, 11, 224, 468, 0], [0, 287, 498, 0], [0, 449, 0], [0, 96, 384, 399, 437, 480, 0]], [[0, 43, 322, 336, 0], [0, 448, 168, 492, 88, 417, 0], [0, 402, 443, 111, 48, 0], [0, 133, 0]], [[0, 428, 0], [0, 478, 217, 0], [0, 174, 413, 0], [0, 453, 361, 0]], [[0, 214, 375, 0], [0, 79, 0], [0, 358, 438, 0], [0, 250, 73, 0], [0, 190, 339, 0]], [[0, 462, 0], [0, 5, 202, 134, 92, 0], [0, 418, 310, 0], [0, 314, 0], [0, 154, 0]], [[0, 22, 256, 301, 0], [0, 285, 483, 352, 0], [0, 481, 165, 221, 36, 0], [0, 315, 0]], [[0, 177, 328, 0], [0, 191, 267, 0], [0, 163, 54, 455, 230, 0], [0, 129, 466, 0]], [[0, 181, 126, 0], [0, 9, 377, 205, 0], [0, 32, 346, 0], [0, 459, 469, 46, 0], [0, 166, 244, 0]], [[0, 293, 0], [0, 390, 473, 232, 0], [0, 17, 243, 125, 0], [0, 321, 235, 0], [0, 291, 87, 227, 0]]]","[1800.7418712341298, 1801.103725608597, 1795.2697436311694, 1797.4250810127999, 1800.3417090664657, 1790.8997690807116, 1786.710506599141, 1796.3814687214856, 1794.7292076084527, 1795.8529183983217]","[1746.9540186618776, 1800.5900974016924, 1788.3757891593007, 1770.1944131530151, 1779.3650840926346, 1758.7614550338026, 1749.5747621742441, 1741.8848165841848, 1791.354058368011, 1796.6917284606777]",1400,2.27
500.10.1,500,10,10,endurance,high,high,3600,15.6464,700,31.2928,30.68541947,"[[[0, 109, 430, 369, 98, 336, 24, 162, 495, 360, 441, 357, 108, 380, 176, 194, 61, 55, 77, 320, 70, 121, 341, 120, 89, 258, 406, 225, 314, 52, 197, 183, 188, 296, 439, 59, 0]], [[0, 44, 424, 353, 282, 373, 13, 131, 169, 398, 111, 182, 425, 460, 400, 195, 450, 186, 397, 104, 411, 330, 35, 499, 249, 167, 238, 31, 350, 312, 382, 426, 303, 474, 276, 304, 496, 325, 28, 137, 1, 237, 71, 0]], [[0, 482, 161, 124, 367, 29, 272, 51, 231, 74, 8, 259, 218, 378, 281, 63, 185, 280, 310, 457, 309, 33, 456, 497, 64, 216, 414, 335, 27, 273, 275, 463, 323, 93, 206, 433, 145, 190, 135, 37, 0]], [[0, 113, 245, 207, 102, 171, 332, 265, 20, 298, 101, 345, 192, 14, 423, 123, 316, 269, 200, 75, 432, 117, 69, 472, 396, 153, 264, 370, 99, 82, 253, 49, 491, 158, 10, 427, 488, 105, 202, 118, 277, 359, 251, 80, 0]], [[0, 343, 241, 290, 2, 356, 311, 34, 172, 371, 68, 211, 210, 115, 420, 226, 110, 100, 26, 307, 3, 62, 391, 416, 308, 11, 297, 465, 418, 122, 45, 60, 179, 0]], [[0, 222, 242, 403, 56, 58, 500, 344, 358, 150, 461, 342, 157, 136, 331, 130, 354, 288, 451, 348, 428, 85, 333, 141, 40, 319, 168, 42, 470, 119, 475, 146, 107, 180, 318, 266, 246, 458, 407, 257, 213, 434, 212, 0]], [[0, 103, 395, 299, 184, 346, 493, 125, 72, 294, 340, 155, 267, 480, 409, 301, 256, 198, 436, 454, 239, 189, 334, 263, 442, 65, 446, 233, 388, 7, 313, 112, 229, 476, 477, 355, 132, 4, 278, 315, 53, 0]], [[0, 126, 462, 347, 159, 479, 95, 250, 449, 79, 473, 50, 232, 143, 286, 419, 201, 215, 30, 386, 6, 274, 204, 47, 305, 271, 383, 484, 255, 203, 486, 81, 148, 178, 235, 452, 160, 154, 0]], [[0, 240, 127, 327, 362, 306, 32, 114, 223, 83, 489, 471, 384, 187, 487, 349, 372, 295, 106, 86, 302, 21, 252, 262, 138, 234, 41, 270, 163, 25, 431, 220, 209, 415, 57, 147, 284, 97, 140, 0]], [[0, 337, 15, 67, 166, 38, 413, 94, 292, 170, 78, 19, 366, 261, 381, 254, 12, 393, 149, 374, 392, 139, 217, 36, 152, 404, 485, 317, 389, 351, 236, 445, 447, 467, 379, 365, 498, 76, 490, 324, 401, 0]]]","[[[0, 151, 466, 0], [0, 91, 43, 0], [0, 361, 478, 394, 0], [0, 88, 492, 175, 448, 0], [0, 328, 0]], [[0, 291, 300, 0], [0, 459, 422, 469, 0], [0, 96, 260, 0], [0, 376, 338, 0], [0, 435, 84, 0]], [[0, 287, 228, 244, 0], [0, 116, 173, 0], [0, 385, 134, 156, 429, 0], [0, 39, 144, 9, 0]], [[0, 410, 483, 0], [0, 66, 227, 279, 0], [0, 129, 18, 326, 165, 174, 339, 0], [0, 321, 494, 22, 205, 0]], [[0, 377, 48, 443, 268, 0], [0, 421, 0], [0, 453, 0], [0, 390, 73, 17, 0]], [[0, 142, 128, 322, 464, 0], [0, 293, 0], [0, 481, 208, 0], [0, 90, 199, 0], [0, 133, 0]], [[0, 438, 417, 0], [0, 440, 329, 0], [0, 177, 221, 285, 0], [0, 363, 0], [0, 408, 0]], [[0, 230, 455, 54, 0], [0, 193, 196, 0], [0, 412, 0], [0, 283, 191, 402, 0], [0, 23, 352, 0]], [[0, 87, 224, 468, 46, 0], [0, 16, 289, 0], [0, 243, 399, 437, 0], [0, 214, 375, 0]], [[0, 92, 164, 0], [0, 5, 364, 444, 247, 219, 0], [0, 248, 0], [0, 181, 405, 368, 0], [0, 387, 0]]]","[1840.4129415433767, 1840.7957482698464, 1830.497997792991, 1841.1251684938031, 1837.0479834355974, 1829.918188536718, 1837.1484751034627, 1834.8421594613544, 1837.970332201234, 1839.509323115625]","[1812.7212737762952, 1820.1096275241644, 1834.409672112035, 1828.3875618588304, 1711.8847924976703, 1814.576446983646, 1780.6101498750763, 1822.0659686098425, 1837.4199519441474, 1794.7451494367833]",1400,2.27
500.10.1,500,10,10,endurance,high,high,3600,15.6464,700,31.2928,29.69332303,"[[[0, 161, 124, 367, 29, 272, 418, 208, 289, 259, 8, 218, 281, 63, 185, 280, 310, 457, 309, 33, 497, 456, 64, 216, 414, 273, 27, 335, 228, 74, 231, 51, 206, 93, 433, 67, 15, 490, 482, 0]], [[0, 59, 314, 300, 427, 10, 444, 82, 219, 341, 121, 70, 320, 77, 55, 61, 194, 176, 380, 108, 357, 441, 142, 432, 495, 162, 24, 92, 98, 369, 430, 0]], [[0, 80, 113, 207, 245, 342, 136, 157, 102, 171, 332, 298, 265, 20, 101, 345, 192, 14, 423, 123, 316, 269, 200, 75, 360, 117, 69, 472, 396, 153, 264, 370, 89, 99, 258, 406, 225, 43, 133, 0]], [[0, 462, 248, 421, 445, 236, 351, 50, 143, 389, 317, 485, 404, 152, 94, 292, 217, 139, 392, 374, 78, 19, 366, 261, 254, 381, 12, 393, 149, 275, 463, 323, 38, 379, 365, 401, 37, 0]], [[0, 343, 2, 172, 34, 356, 46, 60, 45, 122, 465, 297, 422, 62, 416, 307, 26, 110, 100, 226, 420, 115, 211, 210, 491, 429, 49, 253, 156, 158, 488, 105, 364, 68, 371, 118, 277, 90, 52, 197, 183, 291, 279, 359, 296, 439, 251, 0]], [[0, 466, 347, 159, 479, 95, 250, 483, 79, 449, 286, 329, 419, 201, 215, 30, 386, 6, 274, 204, 47, 305, 271, 383, 484, 255, 203, 486, 81, 148, 178, 235, 452, 160, 154, 0]], [[0, 363, 493, 340, 155, 267, 437, 409, 256, 276, 474, 303, 426, 312, 350, 31, 334, 189, 239, 454, 436, 198, 304, 338, 496, 325, 173, 283, 28, 405, 293, 137, 4, 237, 71, 0]], [[0, 9, 44, 424, 353, 282, 373, 13, 131, 169, 398, 229, 7, 388, 65, 446, 233, 425, 460, 400, 450, 195, 411, 330, 35, 499, 238, 167, 249, 104, 397, 186, 442, 263, 313, 112, 476, 477, 193, 196, 355, 132, 1, 0]], [[0, 103, 299, 395, 184, 346, 362, 306, 209, 220, 223, 83, 489, 431, 25, 163, 270, 295, 372, 187, 349, 487, 106, 86, 302, 21, 252, 262, 138, 234, 41, 243, 57, 415, 147, 294, 284, 140, 0]], [[0, 84, 435, 222, 242, 403, 56, 58, 268, 500, 344, 438, 377, 358, 150, 461, 331, 130, 354, 288, 451, 348, 85, 333, 141, 40, 319, 168, 175, 492, 42, 470, 119, 475, 146, 107, 180, 182, 111, 318, 266, 246, 458, 407, 257, 213, 434, 39, 212, 53, 0]]]","[[[0, 473, 73, 0], [0, 469, 378, 0], [0, 321, 384, 471, 0], [0, 327, 0]], [[0, 375, 188, 0], [0, 232, 36, 478, 467, 0], [0, 311, 391, 468, 0], [0, 315, 0], [0, 97, 205, 0], [0, 337, 0]], [[0, 87, 199, 0], [0, 390, 410, 0], [0, 494, 480, 399, 22, 17, 0], [0, 368, 301, 0]], [[0, 324, 0], [0, 116, 109, 448, 0], [0, 32, 96, 114, 0], [0, 76, 498, 0], [0, 129, 413, 0], [0, 126, 0]], [[0, 241, 308, 16, 0], [0, 428, 0], [0, 447, 0], [0, 224, 3, 459, 0]], [[0, 336, 385, 134, 247, 120, 0], [0, 202, 66, 5, 227, 0], [0, 290, 11, 0], [0, 145, 190, 0]], [[0, 481, 135, 0], [0, 128, 322, 91, 214, 0], [0, 394, 453, 0], [0, 170, 165, 326, 174, 285, 221, 0]], [[0, 328, 177, 0], [0, 361, 244, 0], [0, 151, 260, 0], [0, 23, 408, 0], [0, 125, 72, 376, 0], [0, 240, 0]], [[0, 179, 18, 0], [0, 127, 181, 0], [0, 440, 230, 54, 455, 0], [0, 164, 464, 0], [0, 412, 0]], [[0, 191, 402, 382, 443, 0], [0, 339, 387, 287, 0], [0, 144, 88, 417, 48, 0], [0, 166, 352, 0], [0, 278, 0]]]","[1781.5993818599811, 1779.3799274917492, 1781.1580522738527, 1780.5841745185169, 1770.958530101295, 1781.486879529178, 1766.4692767618396, 1764.802938096825, 1774.9484939686643, 1778.209462887952]","[1780.2177449678259, 1778.2278027388809, 1776.8429050252832, 1773.4994874615543, 1769.2918666028336, 1772.403020037064, 1777.9754481298455, 1770.4375653633056, 1780.1346694025212, 1781.1765694617884]",1400,2.27
500.10.1,500,10,10,endurance,high,high,3600,15.6464,700,31.2928,29.981136,"[[[0, 240, 127, 327, 160, 452, 479, 95, 250, 483, 286, 329, 419, 201, 215, 30, 386, 6, 274, 204, 47, 305, 271, 383, 484, 255, 486, 81, 148, 471, 83, 114, 306, 362, 184, 0]], [[0, 466, 159, 347, 23, 151, 248, 421, 50, 143, 389, 317, 485, 404, 152, 94, 292, 170, 139, 392, 374, 78, 19, 366, 254, 261, 381, 12, 393, 149, 275, 323, 38, 93, 206, 433, 67, 244, 328, 15, 324, 482, 0]], [[0, 222, 403, 113, 207, 245, 342, 136, 157, 102, 171, 332, 265, 20, 298, 101, 345, 192, 14, 423, 123, 128, 316, 269, 200, 75, 360, 117, 69, 472, 396, 153, 264, 370, 99, 258, 406, 225, 43, 375, 133, 0]], [[0, 140, 97, 493, 284, 294, 147, 494, 57, 243, 41, 234, 138, 399, 437, 409, 256, 276, 474, 312, 426, 382, 198, 304, 338, 496, 325, 283, 173, 28, 191, 340, 376, 405, 1, 0]], [[0, 251, 183, 197, 52, 314, 300, 427, 10, 247, 444, 82, 120, 341, 121, 70, 320, 77, 55, 61, 194, 176, 380, 108, 357, 441, 142, 432, 495, 162, 92, 98, 369, 430, 109, 0]], [[0, 103, 395, 299, 346, 220, 431, 25, 163, 270, 262, 252, 21, 302, 86, 106, 372, 295, 489, 223, 260, 178, 410, 73, 449, 79, 473, 232, 351, 236, 445, 394, 447, 467, 177, 413, 379, 365, 498, 76, 490, 0]], [[0, 278, 44, 424, 353, 282, 373, 13, 407, 458, 246, 266, 318, 169, 398, 111, 182, 180, 107, 475, 119, 42, 492, 175, 168, 319, 40, 141, 333, 85, 428, 348, 451, 288, 354, 130, 331, 461, 358, 377, 150, 344, 500, 58, 56, 116, 212, 53, 0]], [[0, 80, 290, 2, 172, 34, 311, 356, 46, 308, 11, 297, 422, 62, 3, 307, 26, 416, 391, 110, 100, 226, 420, 115, 211, 210, 491, 429, 49, 253, 156, 158, 488, 105, 364, 68, 371, 118, 277, 90, 227, 199, 359, 279, 291, 296, 439, 59, 0]], [[0, 71, 237, 137, 293, 196, 436, 454, 189, 334, 263, 442, 31, 238, 167, 499, 35, 330, 411, 195, 450, 104, 400, 460, 425, 233, 446, 65, 388, 7, 313, 112, 476, 477, 193, 355, 132, 368, 4, 0]], [[0, 37, 161, 135, 124, 367, 29, 272, 51, 231, 74, 228, 335, 27, 273, 414, 216, 64, 456, 497, 33, 309, 457, 310, 280, 185, 63, 281, 378, 218, 8, 259, 208, 465, 122, 45, 60, 179, 0]]]","[[[0, 96, 384, 187, 0], [0, 22, 239, 350, 303, 9, 0], [0, 166, 478, 453, 0], [0, 363, 0]], [[0, 415, 0], [0, 470, 186, 397, 249, 0], [0, 84, 154, 0], [0, 181, 32, 0], [0, 268, 438, 0]], [[0, 287, 339, 408, 0], [0, 164, 322, 214, 0], [0, 5, 66, 134, 91, 0], [0, 242, 443, 48, 88, 448, 0], [0, 126, 401, 0]], [[0, 72, 209, 0], [0, 230, 203, 487, 0], [0, 125, 387, 0], [0, 352, 440, 361, 0]], [[0, 390, 54, 455, 0], [0, 412, 0], [0, 129, 145, 326, 174, 165, 285, 0], [0, 241, 418, 0]], [[0, 87, 468, 202, 188, 0], [0, 229, 131, 205, 0], [0, 385, 219, 89, 336, 0], [0, 315, 39, 0]], [[0, 481, 343, 0], [0, 434, 0], [0, 257, 0], [0, 349, 0], [0, 190, 0]], [[0, 480, 301, 402, 0], [0, 24, 464, 0], [0, 224, 289, 0], [0, 462, 0], [0, 337, 0]], [[0, 213, 146, 417, 0], [0, 17, 267, 0], [0, 221, 463, 0], [0, 435, 144, 0]], [[0, 36, 217, 0], [0, 155, 0], [0, 18, 459, 469, 16, 0], [0, 321, 235, 0]]]","[1798.8681598595967, 1794.2455385001097, 1798.529937394446, 1798.1119176905404, 1798.5399302039632, 1797.1224435409035, 1797.6469096961869, 1792.2560776703328, 1797.7827272573795, 1793.3556602801177]","[1766.4792142405206, 1790.108213210729, 1791.3288626574285, 1787.6220010366458, 1790.6803785106147, 1683.9810732028498, 1789.8274086004055, 1773.775270462003, 1778.0317220481784, 1793.531395233123]",1400,2.27
500.10.1,500,10,10,endurance,high,high,3600,15.6464,700,31.2928,30.57455677,"[[[0, 97, 493, 284, 294, 147, 57, 415, 209, 220, 431, 25, 270, 295, 372, 106, 86, 302, 21, 252, 262, 138, 234, 41, 243, 267, 409, 256, 276, 304, 338, 496, 325, 340, 363, 71, 0]], [[0, 299, 362, 306, 96, 114, 223, 83, 489, 384, 187, 349, 487, 81, 486, 255, 484, 383, 271, 47, 204, 274, 6, 386, 30, 215, 201, 449, 79, 250, 95, 479, 160, 154, 0]], [[0, 434, 213, 257, 448, 428, 85, 333, 141, 40, 319, 175, 42, 119, 475, 107, 146, 460, 400, 425, 180, 182, 388, 7, 229, 398, 169, 318, 266, 246, 458, 407, 13, 373, 282, 353, 424, 44, 212, 0]], [[0, 126, 462, 408, 248, 421, 50, 351, 236, 445, 447, 467, 379, 365, 328, 244, 413, 221, 285, 323, 273, 27, 335, 228, 8, 259, 208, 465, 122, 418, 272, 29, 367, 124, 135, 37, 0]], [[0, 315, 132, 355, 477, 476, 112, 313, 263, 442, 65, 446, 233, 104, 450, 195, 411, 330, 35, 499, 167, 238, 31, 312, 474, 303, 426, 334, 189, 454, 436, 173, 283, 28, 405, 137, 237, 0]], [[0, 133, 109, 430, 369, 98, 92, 472, 69, 142, 441, 357, 108, 380, 320, 70, 121, 341, 77, 55, 61, 176, 194, 396, 153, 264, 370, 99, 258, 406, 385, 225, 43, 375, 0]], [[0, 80, 59, 439, 296, 359, 279, 291, 183, 314, 197, 90, 277, 118, 371, 68, 364, 105, 488, 427, 10, 158, 156, 82, 444, 253, 49, 429, 491, 211, 210, 115, 420, 226, 110, 100, 26, 307, 391, 416, 11, 308, 46, 356, 311, 34, 172, 2, 290, 199, 251, 0]], [[0, 179, 60, 45, 297, 422, 62, 3, 289, 469, 218, 378, 281, 63, 280, 310, 457, 309, 33, 497, 456, 64, 216, 414, 185, 74, 231, 51, 206, 93, 433, 145, 190, 324, 490, 482, 0]], [[0, 466, 159, 347, 352, 473, 440, 143, 286, 419, 329, 389, 317, 485, 404, 152, 94, 292, 36, 217, 139, 392, 374, 19, 78, 366, 261, 254, 381, 12, 393, 149, 326, 275, 463, 38, 166, 67, 15, 76, 0]], [[0, 53, 205, 56, 58, 144, 500, 344, 377, 130, 354, 288, 451, 348, 331, 461, 342, 136, 157, 102, 171, 332, 298, 265, 20, 101, 345, 192, 14, 423, 123, 316, 269, 200, 75, 360, 432, 117, 495, 162, 24, 164, 207, 245, 113, 403, 222, 0]]]","[[[0, 368, 196, 0], [0, 155, 0], [0, 148, 163, 0], [0, 494, 480, 399, 437, 0]], [[0, 129, 481, 224, 459, 0], [0, 202, 468, 247, 120, 0], [0, 84, 402, 239, 382, 0]], [[0, 232, 394, 478, 0], [0, 337, 401, 0], [0, 455, 54, 203, 305, 0], [0, 165, 174, 170, 177, 0]], [[0, 52, 5, 227, 66, 0], [0, 125, 443, 4, 0], [0, 188, 134, 219, 89, 0], [0, 438, 116, 0], [0, 140, 0]], [[0, 103, 0], [0, 240, 0], [0, 150, 268, 0], [0, 343, 0], [0, 376, 471, 230, 0], [0, 151, 178, 0]], [[0, 287, 498, 161, 0], [0, 214, 336, 322, 128, 358, 0], [0, 346, 72, 0], [0, 278, 181, 17, 0], [0, 452, 23, 0]], [[0, 111, 417, 88, 131, 48, 0], [0, 260, 0], [0, 435, 0], [0, 1, 39, 242, 0], [0, 91, 300, 0], [0, 395, 127, 0]], [[0, 327, 0], [0, 339, 361, 453, 0], [0, 483, 390, 32, 0], [0, 293, 0], [0, 9, 186, 198, 0]], [[0, 73, 387, 0], [0, 235, 0], [0, 191, 22, 301, 0], [0, 492, 470, 168, 464, 0]], [[0, 18, 16, 87, 241, 0], [0, 412, 0], [0, 321, 410, 0], [0, 193, 397, 249, 350, 0], [0, 184, 0]]]","[1828.1958490699576, 1833.6118229203516, 1834.1827300919822, 1833.771643744966, 1834.4734064159338, 1827.5209739971278, 1829.086991432783, 1832.2953430691232, 1833.3874171364946, 1824.5529583933946]","[1806.262021336541, 1816.987170827153, 1833.5092171975834, 1814.1970115332551, 1822.905097859393, 1790.4415913712307, 1827.233937960827, 1809.4305112709803, 1817.2267121801165, 1831.1766525250707]",1400,2.27
500.10.2,500,10,10,endurance,high,high,3600,15.6464,700,31.2928,29.44564198,"[[[0, 305, 418, 290, 109, 146, 34, 155, 219, 194, 369, 263, 216, 28, 415, 497, 271, 258, 127, 349, 184, 364, 389, 57, 422, 371, 309, 362, 391, 58, 450, 297, 65, 210, 319, 13, 126, 256, 444, 40, 435, 6, 0]], [[0, 367, 414, 303, 81, 363, 242, 298, 51, 432, 231, 492, 103, 495, 241, 306, 7, 289, 32, 170, 311, 76, 394, 462, 395, 177, 300, 489, 31, 453, 23, 296, 291, 344, 466, 10, 500, 22, 481, 372, 0]], [[0, 198, 469, 275, 343, 92, 496, 457, 120, 277, 139, 463, 133, 378, 114, 351, 464, 166, 74, 227, 382, 158, 441, 430, 152, 96, 336, 171, 323, 203, 37, 191, 402, 475, 406, 285, 279, 260, 346, 48, 0]], [[0, 122, 399, 416, 459, 50, 334, 338, 424, 461, 247, 439, 230, 135, 110, 162, 26, 113, 199, 197, 396, 330, 131, 331, 374, 329, 355, 240, 97, 181, 45, 228, 385, 105, 20, 243, 451, 490, 117, 202, 332, 108, 72, 0]], [[0, 373, 39, 176, 11, 44, 143, 193, 218, 87, 348, 412, 335, 356, 468, 282, 320, 483, 107, 342, 77, 259, 472, 337, 84, 437, 322, 223, 405, 153, 283, 308, 487, 304, 0]], [[0, 426, 1, 423, 479, 261, 429, 491, 234, 236, 93, 470, 452, 467, 89, 156, 353, 121, 392, 204, 61, 53, 167, 485, 408, 265, 253, 310, 17, 460, 354, 221, 24, 270, 214, 390, 119, 477, 380, 132, 208, 473, 2, 0]], [[0, 30, 124, 189, 269, 157, 83, 383, 379, 215, 211, 357, 147, 101, 417, 25, 95, 173, 365, 484, 123, 94, 325, 4, 182, 3, 71, 141, 85, 190, 386, 80, 130, 91, 381, 428, 55, 239, 0]], [[0, 458, 59, 295, 86, 294, 377, 446, 499, 104, 112, 400, 78, 217, 106, 42, 192, 317, 272, 116, 420, 284, 47, 183, 455, 43, 27, 273, 376, 73, 102, 267, 56, 68, 360, 313, 90, 404, 286, 0]], [[0, 486, 19, 488, 136, 411, 340, 66, 82, 161, 212, 118, 145, 70, 179, 299, 245, 222, 448, 252, 250, 62, 434, 88, 431, 174, 333, 318, 169, 324, 471, 185, 436, 347, 246, 456, 29, 262, 160, 358, 168, 0]], [[0, 264, 207, 375, 12, 393, 366, 144, 213, 226, 79, 35, 315, 38, 21, 99, 163, 137, 148, 478, 493, 111, 54, 201, 69, 425, 186, 149, 251, 327, 9, 368, 196, 0]]]","[[[0, 49, 278, 387, 326, 0], [0, 52, 248, 100, 142, 0], [0, 427, 154, 0], [0, 67, 465, 0]], [[0, 5, 237, 0], [0, 175, 129, 480, 474, 0], [0, 288, 36, 75, 0], [0, 384, 281, 0], [0, 98, 224, 321, 0]], [[0, 209, 276, 361, 0], [0, 407, 235, 316, 0], [0, 140, 301, 254, 257, 0], [0, 188, 397, 0]], [[0, 409, 8, 205, 447, 0], [0, 280, 359, 0], [0, 494, 498, 0], [0, 413, 440, 0], [0, 314, 60, 0]], [[0, 200, 16, 0], [0, 195, 128, 401, 0], [0, 14, 345, 0], [0, 232, 233, 266, 0], [0, 238, 0], [0, 206, 0]], [[0, 151, 442, 0], [0, 249, 388, 150, 0], [0, 220, 302, 0], [0, 274, 341, 403, 0]], [[0, 255, 229, 352, 46, 0], [0, 398, 268, 0], [0, 339, 350, 454, 125, 0], [0, 64, 449, 0], [0, 419, 0]], [[0, 187, 433, 0], [0, 33, 134, 138, 0], [0, 312, 293, 445, 421, 0], [0, 41, 307, 0]], [[0, 292, 482, 0], [0, 15, 165, 438, 115, 443, 0], [0, 476, 172, 180, 0], [0, 244, 328, 164, 0]], [[0, 225, 0], [0, 178, 159, 0], [0, 410, 63, 0], [0, 18, 287, 370, 0]]]","[1758.871540606339, 1766.7385189018235, 1765.1124488540163, 1764.7613779619458, 1762.0849265985166, 1744.711345813782, 1762.495310348052, 1764.998284015288, 1766.200999767869, 1763.5880952831992]","[1738.661858773847, 1766.156733879773, 1747.9581166920987, 1758.7208385687163, 1757.2484850614962, 1761.6088275027532, 1740.9917481275838, 1752.8485069743797, 1743.4570378256255, 1724.6113510315076]",1400,2.27
500.10.2,500,10,10,endurance,high,high,3600,15.6464,700,31.2928,29.84260733,"[[[0, 40, 444, 256, 126, 13, 319, 210, 34, 155, 127, 450, 58, 391, 362, 309, 371, 422, 57, 389, 364, 184, 258, 271, 497, 415, 28, 216, 263, 194, 219, 186, 149, 141, 327, 251, 9, 368, 109, 435, 6, 0]], [[0, 479, 261, 429, 491, 73, 102, 267, 56, 68, 24, 270, 474, 359, 455, 43, 27, 183, 47, 284, 420, 116, 272, 317, 192, 42, 106, 257, 385, 217, 78, 400, 104, 59, 202, 237, 0]], [[0, 304, 308, 283, 384, 39, 176, 11, 135, 230, 110, 162, 26, 113, 197, 396, 330, 131, 331, 374, 329, 355, 97, 181, 45, 228, 105, 20, 243, 451, 220, 439, 247, 461, 424, 338, 334, 67, 117, 458, 108, 314, 426, 0]], [[0, 1, 423, 208, 404, 90, 313, 360, 390, 214, 221, 354, 460, 17, 310, 253, 265, 408, 485, 167, 53, 204, 61, 392, 121, 353, 156, 89, 470, 93, 236, 234, 376, 273, 294, 377, 499, 446, 86, 159, 332, 72, 0]], [[0, 367, 414, 303, 466, 344, 138, 291, 296, 453, 23, 51, 298, 242, 363, 81, 277, 139, 114, 351, 166, 74, 227, 449, 64, 430, 152, 441, 158, 382, 191, 402, 475, 37, 323, 203, 476, 0]], [[0, 48, 198, 346, 92, 496, 457, 120, 133, 463, 378, 249, 432, 492, 103, 495, 241, 306, 7, 289, 32, 170, 311, 76, 394, 462, 395, 177, 63, 300, 489, 410, 154, 388, 278, 10, 500, 22, 481, 49, 419, 0]], [[0, 124, 189, 269, 157, 83, 379, 215, 211, 357, 482, 407, 322, 84, 437, 101, 417, 25, 95, 147, 413, 440, 365, 173, 484, 115, 123, 94, 325, 80, 130, 345, 91, 381, 428, 55, 239, 290, 418, 305, 0]], [[0, 188, 207, 375, 36, 12, 393, 366, 144, 213, 226, 79, 35, 315, 38, 21, 99, 163, 148, 478, 493, 111, 54, 201, 3, 182, 4, 85, 386, 165, 98, 196, 361, 0]], [[0, 487, 383, 153, 405, 223, 337, 472, 235, 259, 77, 342, 107, 316, 483, 320, 282, 468, 356, 335, 412, 348, 248, 87, 218, 193, 143, 44, 0]], [[0, 2, 486, 19, 372, 136, 340, 66, 448, 33, 134, 82, 161, 212, 118, 145, 70, 179, 222, 245, 299, 287, 434, 88, 431, 174, 333, 318, 169, 18, 324, 471, 185, 436, 347, 62, 250, 456, 246, 119, 477, 29, 262, 160, 358, 168, 0]]]","[[[0, 65, 137, 349, 15, 0], [0, 140, 254, 240, 233, 0], [0, 46, 199, 302, 0]], [[0, 399, 373, 0], [0, 50, 447, 205, 0], [0, 96, 312, 293, 0], [0, 288, 146, 421, 0], [0, 175, 225, 411, 488, 0]], [[0, 260, 0], [0, 190, 425, 71, 443, 0], [0, 469, 336, 445, 0], [0, 229, 442, 0], [0, 30, 0]], [[0, 178, 339, 295, 465, 0], [0, 301, 281, 0], [0, 209, 151, 321, 0], [0, 244, 275, 0], [0, 252, 387, 150, 0]], [[0, 255, 276, 195, 438, 224, 0], [0, 41, 0], [0, 473, 0], [0, 352, 128, 14, 401, 0], [0, 279, 0], [0, 397, 0], [0, 206, 0]], [[0, 172, 171, 0], [0, 292, 100, 142, 0], [0, 398, 268, 0], [0, 75, 427, 343, 0], [0, 164, 180, 0]], [[0, 264, 0], [0, 238, 52, 0], [0, 494, 307, 0], [0, 480, 341, 370, 0], [0, 406, 285, 0], [0, 122, 416, 0]], [[0, 16, 200, 0], [0, 328, 464, 231, 0], [0, 452, 125, 266, 0], [0, 498, 129, 380, 0]], [[0, 490, 0], [0, 132, 286, 0], [0, 112, 454, 350, 232, 0], [0, 187, 8, 409, 0], [0, 459, 433, 0], [0, 60, 5, 0]], [[0, 297, 369, 69, 0], [0, 326, 31, 0], [0, 403, 280, 467, 274, 0]]]","[1786.938424928065, 1790.4166627882516, 1788.475325287769, 1790.5564396381326, 1783.110206268758, 1772.8973098679, 1788.20215690595, 1787.1963318253818, 1790.2902715868754, 1790.208194929713]","[1786.1885259898404, 1782.8724737156174, 1781.3837016357325, 1776.0997191581732, 1781.0591912956593, 1788.3494427369646, 1787.9986058721854, 1775.9729220284232, 1789.6591789969773, 1780.0225635786578]",1400,2.27
500.10.2,500,10,10,endurance,high,high,3600,15.6464,700,31.2928,30.17480038,"[[[0, 202, 490, 187, 104, 400, 116, 350, 27, 43, 455, 47, 183, 61, 204, 53, 392, 121, 167, 485, 408, 353, 156, 89, 467, 470, 93, 236, 234, 376, 273, 294, 377, 499, 446, 86, 59, 458, 332, 72, 0]], [[0, 198, 260, 279, 285, 191, 402, 475, 203, 323, 12, 393, 309, 362, 364, 315, 38, 21, 99, 163, 137, 148, 478, 216, 28, 415, 497, 271, 258, 349, 127, 13, 126, 256, 40, 435, 0]], [[0, 304, 487, 269, 157, 383, 379, 215, 211, 357, 147, 101, 417, 95, 25, 173, 115, 443, 182, 3, 71, 141, 4, 325, 94, 123, 484, 365, 440, 401, 442, 189, 124, 52, 373, 30, 209, 0]], [[0, 473, 208, 132, 404, 90, 313, 360, 403, 68, 214, 390, 324, 88, 431, 174, 333, 318, 169, 354, 221, 460, 17, 310, 253, 265, 274, 341, 24, 270, 56, 267, 102, 73, 491, 429, 339, 261, 479, 423, 1, 0]], [[0, 2, 175, 358, 262, 29, 477, 119, 246, 456, 347, 436, 185, 471, 370, 434, 287, 299, 245, 222, 179, 70, 145, 118, 161, 212, 154, 388, 82, 134, 33, 448, 66, 340, 252, 250, 62, 307, 494, 225, 41, 136, 488, 372, 19, 486, 0]], [[0, 399, 140, 338, 424, 461, 230, 135, 110, 162, 26, 113, 197, 396, 330, 131, 374, 329, 355, 97, 181, 45, 228, 106, 42, 192, 317, 272, 232, 78, 217, 385, 105, 20, 451, 220, 439, 247, 334, 459, 416, 122, 0]], [[0, 305, 418, 290, 55, 428, 91, 381, 345, 130, 80, 386, 190, 85, 327, 251, 149, 186, 425, 69, 201, 54, 111, 493, 263, 369, 194, 219, 155, 34, 146, 9, 368, 109, 98, 165, 196, 238, 361, 0]], [[0, 419, 75, 275, 346, 92, 496, 457, 120, 463, 133, 114, 351, 166, 74, 227, 382, 158, 430, 152, 366, 144, 213, 226, 79, 57, 422, 371, 389, 391, 58, 297, 65, 210, 319, 444, 6, 0]], [[0, 308, 283, 281, 153, 405, 223, 84, 322, 437, 337, 472, 259, 77, 342, 107, 316, 483, 320, 282, 468, 335, 412, 348, 87, 218, 193, 143, 292, 44, 176, 384, 39, 276, 5, 0]], [[0, 367, 414, 81, 277, 139, 378, 249, 432, 492, 103, 495, 241, 306, 7, 289, 32, 170, 311, 76, 394, 462, 395, 177, 489, 300, 63, 410, 31, 453, 23, 296, 291, 344, 466, 10, 500, 22, 481, 206, 0]]]","[[[0, 244, 303, 0], [0, 11, 407, 235, 100, 0], [0, 178, 266, 0], [0, 420, 233, 284, 454, 0]], [[0, 356, 248, 0], [0, 49, 278, 387, 326, 0], [0, 36, 450, 288, 0], [0, 239, 224, 321, 0]], [[0, 237, 46, 255, 0], [0, 469, 0], [0, 128, 413, 482, 0], [0, 411, 150, 51, 138, 0], [0, 352, 142, 83, 0], [0, 48, 0]], [[0, 168, 180, 0], [0, 229, 50, 0], [0, 268, 375, 441, 0], [0, 452, 125, 480, 359, 0]], [[0, 108, 0], [0, 465, 117, 0], [0, 64, 449, 0], [0, 112, 302, 254, 331, 301, 0], [0, 16, 200, 295, 0]], [[0, 476, 264, 0], [0, 398, 421, 0], [0, 199, 257, 8, 0], [0, 164, 328, 0], [0, 426, 0], [0, 67, 0]], [[0, 188, 37, 0], [0, 243, 205, 409, 0], [0, 240, 433, 0], [0, 406, 336, 445, 0]], [[0, 427, 298, 242, 0], [0, 231, 464, 172, 0], [0, 474, 286, 0], [0, 159, 447, 0]], [[0, 498, 160, 0], [0, 363, 0], [0, 171, 293, 35, 184, 0], [0, 280, 18, 129, 380, 0]], [[0, 60, 0], [0, 207, 0], [0, 151, 195, 14, 438, 0], [0, 96, 312, 0], [0, 15, 397, 0], [0, 314, 343, 0]]]","[1804.4313297407746, 1810.488022924601, 1805.9848595724775, 1790.9405624444908, 1809.8290958610307, 1809.5034864104923, 1810.1860867510845, 1810.2813553967899, 1797.3330335469973, 1810.4800305517192]","[1808.2394123957333, 1790.3300124454577, 1792.270268763684, 1800.684690083267, 1809.763372606659, 1790.717049204173, 1788.0041782613946, 1785.9691655995498, 1799.7764233266364, 1807.329227878461]",1400,2.27
500.10.2,500,10,10,endurance,high,high,3600,15.6464,700,31.2928,29.79038778,"[[[0, 426, 1, 423, 479, 261, 339, 266, 429, 491, 73, 102, 267, 56, 234, 376, 273, 233, 116, 420, 27, 43, 455, 183, 47, 317, 192, 42, 106, 272, 232, 217, 78, 400, 104, 499, 446, 377, 294, 86, 159, 59, 490, 202, 237, 0]], [[0, 2, 358, 262, 29, 477, 119, 390, 214, 221, 354, 460, 17, 310, 253, 265, 408, 485, 167, 53, 204, 61, 392, 121, 353, 156, 89, 467, 452, 470, 93, 236, 359, 474, 270, 24, 68, 403, 360, 313, 90, 404, 132, 208, 473, 0]], [[0, 48, 264, 207, 398, 319, 210, 65, 297, 58, 364, 391, 389, 422, 57, 79, 35, 315, 38, 21, 99, 163, 137, 148, 216, 28, 415, 497, 271, 258, 349, 127, 155, 34, 13, 126, 256, 444, 40, 15, 0]], [[0, 72, 458, 117, 433, 67, 50, 334, 247, 439, 220, 451, 243, 20, 385, 257, 228, 45, 181, 97, 240, 355, 329, 374, 331, 131, 330, 396, 254, 199, 113, 197, 26, 110, 162, 135, 230, 461, 424, 338, 140, 459, 416, 122, 0]], [[0, 75, 275, 277, 139, 378, 249, 432, 492, 103, 495, 241, 306, 7, 289, 32, 170, 311, 76, 394, 395, 177, 489, 300, 410, 154, 212, 118, 145, 70, 179, 448, 252, 307, 411, 136, 19, 0]], [[0, 206, 367, 414, 303, 81, 363, 242, 298, 51, 23, 453, 296, 291, 344, 466, 22, 500, 10, 340, 66, 33, 245, 222, 299, 434, 88, 431, 174, 333, 318, 169, 18, 324, 471, 185, 436, 347, 246, 456, 494, 225, 41, 372, 486, 0]], [[0, 209, 361, 238, 290, 55, 321, 224, 386, 190, 85, 80, 130, 91, 381, 440, 365, 484, 173, 25, 95, 147, 417, 101, 337, 472, 223, 84, 437, 322, 482, 357, 379, 215, 211, 442, 157, 269, 5, 60, 304, 0]], [[0, 198, 92, 496, 457, 120, 463, 133, 114, 351, 166, 74, 227, 382, 158, 441, 430, 152, 366, 144, 213, 226, 371, 362, 309, 445, 393, 12, 171, 37, 203, 476, 0]], [[0, 30, 373, 487, 308, 283, 39, 176, 11, 44, 292, 143, 87, 348, 412, 335, 356, 468, 282, 320, 483, 316, 107, 259, 342, 77, 100, 218, 405, 153, 281, 83, 189, 124, 0]], [[0, 305, 418, 239, 151, 428, 345, 438, 115, 94, 123, 325, 443, 4, 182, 3, 201, 54, 111, 493, 478, 263, 369, 194, 219, 186, 149, 71, 141, 327, 251, 9, 368, 98, 165, 196, 435, 6, 0]]]","[[[0, 16, 200, 295, 0], [0, 350, 284, 454, 125, 0], [0, 488, 498, 370, 0], [0, 409, 8, 302, 447, 0]], [[0, 280, 380, 286, 0], [0, 312, 96, 0], [0, 384, 235, 193, 0], [0, 160, 175, 168, 0]], [[0, 36, 0], [0, 82, 387, 0], [0, 62, 278, 0], [0, 64, 449, 0]], [[0, 419, 285, 49, 0], [0, 427, 481, 150, 244, 0], [0, 288, 336, 293, 184, 450, 0], [0, 402, 0]], [[0, 462, 63, 0], [0, 326, 138, 388, 0], [0, 314, 178, 0], [0, 352, 142, 383, 0]], [[0, 268, 397, 0], [0, 69, 425, 146, 421, 0], [0, 248, 301, 46, 0], [0, 475, 406, 0], [0, 346, 0]], [[0, 109, 0], [0, 328, 231, 464, 0], [0, 172, 164, 188, 0], [0, 161, 31, 0]], [[0, 399, 465, 0], [0, 260, 0], [0, 129, 287, 134, 0], [0, 469, 279, 0], [0, 250, 0], [0, 332, 0]], [[0, 108, 112, 187, 0], [0, 105, 205, 0], [0, 195, 401, 0], [0, 191, 0], [0, 52, 255, 276, 229, 0]], [[0, 323, 375, 0], [0, 274, 341, 480, 0], [0, 180, 343, 0], [0, 128, 14, 413, 407, 0]]]","[1786.995258677843, 1786.7095521847066, 1783.2030926391126, 1786.4764158548421, 1784.992080863879, 1785.9438870413364, 1785.0158293231327, 1787.3208673478705, 1787.1309898917082, 1783.512085965124]","[1777.9236295069436, 1754.0023911974747, 1787.4232669415342, 1758.4175426743752, 1781.5903373727642, 1786.8130075276395, 1770.3183696836845, 1743.8419055975016, 1773.439076240954, 1748.2457457510689]",1400,2.27
500.10.2,500,10,10,endurance,high,high,3600,15.6464,700,31.2928,29.8269486,"[[[0, 75, 275, 343, 463, 133, 432, 492, 103, 495, 241, 306, 7, 289, 32, 170, 311, 76, 394, 462, 395, 489, 300, 63, 154, 212, 278, 10, 500, 22, 150, 414, 367, 419, 0]], [[0, 1, 423, 479, 261, 339, 429, 491, 234, 236, 93, 470, 452, 467, 89, 156, 353, 121, 392, 61, 204, 53, 167, 485, 408, 265, 274, 253, 310, 17, 460, 354, 221, 24, 270, 68, 403, 360, 280, 119, 477, 29, 262, 358, 2, 0]], [[0, 48, 264, 203, 475, 402, 37, 191, 382, 158, 441, 152, 430, 64, 449, 227, 74, 166, 351, 114, 249, 378, 298, 51, 23, 453, 296, 291, 344, 466, 363, 427, 277, 139, 120, 457, 496, 92, 346, 198, 0]], [[0, 30, 124, 189, 157, 383, 153, 405, 223, 322, 437, 84, 337, 472, 259, 342, 107, 316, 483, 320, 282, 468, 356, 335, 412, 348, 87, 218, 193, 143, 292, 11, 176, 39, 352, 255, 304, 0]], [[0, 487, 308, 283, 281, 142, 44, 135, 230, 110, 162, 26, 113, 197, 396, 330, 131, 331, 374, 329, 355, 240, 97, 181, 45, 228, 105, 20, 243, 451, 220, 439, 247, 461, 424, 338, 334, 50, 67, 459, 416, 122, 0]], [[0, 444, 256, 126, 13, 319, 210, 36, 12, 393, 366, 144, 213, 226, 79, 57, 422, 371, 309, 362, 389, 391, 58, 450, 297, 271, 497, 415, 28, 263, 194, 219, 9, 368, 98, 196, 0]], [[0, 19, 372, 136, 340, 66, 448, 33, 82, 118, 145, 70, 179, 287, 299, 222, 245, 434, 370, 88, 431, 174, 333, 318, 169, 214, 390, 324, 471, 185, 436, 347, 246, 456, 62, 250, 494, 225, 41, 486, 206, 0]], [[0, 435, 109, 251, 327, 186, 149, 141, 3, 201, 54, 111, 493, 216, 478, 148, 137, 163, 99, 21, 38, 315, 364, 184, 258, 349, 127, 155, 34, 421, 40, 6, 0]], [[0, 209, 373, 52, 269, 83, 379, 215, 211, 357, 482, 147, 101, 417, 95, 25, 173, 365, 484, 115, 123, 94, 325, 443, 182, 4, 85, 190, 386, 80, 130, 345, 91, 381, 428, 55, 290, 418, 305, 0]], [[0, 473, 208, 132, 90, 404, 102, 267, 56, 73, 376, 273, 27, 43, 455, 454, 183, 47, 284, 116, 272, 317, 192, 42, 106, 257, 385, 217, 78, 400, 104, 499, 446, 377, 294, 86, 295, 159, 59, 490, 202, 458, 72, 0]]]","[[[0, 195, 442, 0], [0, 244, 406, 323, 288, 188, 0], [0, 140, 254, 199, 409, 0], [0, 242, 231, 464, 0]], [[0, 237, 399, 0], [0, 49, 481, 314, 0], [0, 341, 18, 129, 0], [0, 447, 205, 16, 0], [0, 81, 0]], [[0, 480, 474, 125, 0], [0, 15, 445, 398, 0], [0, 413, 407, 229, 0], [0, 332, 0]], [[0, 207, 0], [0, 268, 96, 0], [0, 31, 326, 0], [0, 285, 180, 0], [0, 465, 117, 0], [0, 5, 60, 0]], [[0, 266, 498, 411, 0], [0, 313, 359, 420, 0], [0, 433, 108, 0], [0, 178, 200, 0], [0, 260, 0]], [[0, 328, 164, 488, 0], [0, 276, 235, 77, 100, 0], [0, 476, 279, 0], [0, 397, 0], [0, 165, 361, 238, 0], [0, 426, 0]], [[0, 350, 233, 112, 232, 8, 0], [0, 151, 401, 0], [0, 384, 248, 301, 0], [0, 46, 302, 187, 0]], [[0, 171, 375, 0], [0, 387, 388, 138, 0], [0, 336, 312, 293, 35, 0], [0, 175, 160, 286, 0]], [[0, 252, 307, 0], [0, 469, 380, 168, 0], [0, 440, 128, 14, 0], [0, 172, 303, 0], [0, 224, 321, 239, 0]], [[0, 65, 146, 0], [0, 177, 410, 161, 134, 0], [0, 438, 425, 369, 69, 71, 0]]]","[1789.6169160977201, 1785.0145598049592, 1786.9561811468695, 1785.9308753072025, 1786.0368779545624, 1787.884731787511, 1789.036533763538, 1780.4796105097466, 1784.0299006727998, 1787.1647138983308]","[1770.9880366090847, 1787.7835331639128, 1769.748174831925, 1783.0295703723002, 1771.360984661677, 1782.6669063346906, 1783.064818286915, 1757.5439441723881, 1766.948128430406, 1769.553930592019]",1400,2.27
500.10.3,500,10,10,endurance,high,high,3600,15.6464,700,31.2928,29.99222677,"[[[0, 11, 167, 299, 125, 177, 436, 361, 171, 103, 225, 238, 216, 399, 294, 135, 200, 175, 46, 309, 417, 115, 165, 10, 16, 494, 60, 412, 94, 18, 45, 328, 358, 7, 36, 414, 0]], [[0, 31, 232, 78, 293, 203, 471, 282, 461, 195, 59, 105, 487, 493, 214, 176, 431, 259, 492, 38, 92, 355, 97, 109, 39, 467, 172, 204, 146, 35, 156, 349, 324, 126, 157, 99, 0]], [[0, 389, 290, 379, 219, 348, 54, 142, 413, 338, 482, 440, 469, 268, 395, 65, 27, 179, 120, 375, 274, 392, 366, 202, 22, 441, 312, 270, 422, 406, 71, 69, 451, 113, 261, 308, 127, 485, 365, 319, 0]], [[0, 89, 498, 350, 327, 246, 40, 90, 168, 430, 188, 252, 128, 421, 303, 4, 360, 84, 334, 269, 197, 378, 47, 466, 55, 295, 29, 196, 245, 483, 256, 344, 391, 91, 332, 364, 475, 73, 44, 322, 455, 400, 267, 41, 0]], [[0, 101, 14, 472, 384, 480, 397, 112, 438, 363, 139, 180, 147, 100, 354, 402, 247, 122, 316, 452, 488, 229, 376, 424, 12, 404, 170, 8, 169, 83, 356, 409, 239, 457, 418, 343, 28, 0]], [[0, 137, 311, 453, 331, 227, 394, 458, 192, 439, 62, 465, 85, 248, 241, 284, 353, 423, 173, 104, 218, 209, 250, 244, 134, 48, 224, 228, 410, 155, 161, 193, 49, 416, 152, 163, 306, 186, 210, 0]], [[0, 1, 320, 143, 130, 288, 464, 198, 292, 383, 56, 491, 263, 221, 64, 129, 162, 88, 362, 43, 150, 275, 108, 435, 123, 393, 240, 264, 445, 450, 51, 374, 33, 50, 226, 352, 206, 500, 336, 287, 25, 158, 0]], [[0, 151, 124, 132, 133, 86, 448, 106, 17, 138, 415, 159, 70, 215, 96, 446, 304, 222, 359, 381, 473, 289, 194, 297, 341, 357, 131, 164, 153, 98, 82, 93, 116, 81, 207, 53, 277, 298, 459, 481, 87, 0]], [[0, 367, 474, 462, 330, 449, 405, 408, 140, 110, 342, 318, 233, 460, 76, 490, 15, 144, 296, 484, 347, 160, 370, 231, 37, 382, 340, 63, 390, 57, 34, 185, 184, 470, 477, 323, 432, 66, 220, 72, 236, 223, 329, 217, 486, 456, 95, 280, 0]], [[0, 102, 111, 372, 187, 183, 262, 189, 166, 136, 276, 386, 310, 337, 205, 388, 154, 325, 273, 67, 339, 42, 271, 118, 300, 434, 398, 199, 495, 442, 307, 285, 178, 257, 305, 201, 496, 403, 385, 0]]]","[[[0, 119, 419, 0], [0, 26, 58, 279, 0], [0, 429, 0], [0, 9, 114, 380, 0], [0, 141, 0]], [[0, 489, 174, 0], [0, 212, 19, 313, 253, 208, 0], [0, 286, 237, 0], [0, 2, 0], [0, 427, 420, 20, 0], [0, 260, 0]], [[0, 373, 351, 0], [0, 368, 478, 0], [0, 387, 117, 145, 463, 0], [0, 242, 61, 0], [0, 401, 321, 24, 149, 0]], [[0, 454, 326, 0], [0, 68, 191, 0], [0, 79, 235, 32, 0], [0, 301, 266, 0], [0, 425, 0]], [[0, 497, 447, 283, 0], [0, 23, 77, 433, 0], [0, 411, 0], [0, 190, 272, 0], [0, 213, 479, 0]], [[0, 281, 396, 0], [0, 211, 234, 0], [0, 121, 437, 407, 0], [0, 369, 107, 258, 0]], [[0, 476, 333, 0], [0, 5, 428, 0], [0, 254, 148, 345, 0]], [[0, 21, 230, 346, 3, 0], [0, 371, 377, 443, 182, 0], [0, 80, 249, 302, 468, 0]], [[0, 74, 426, 0], [0, 75, 291, 0], [0, 251, 6, 0], [0, 255, 278, 0], [0, 444, 317, 0]], [[0, 499, 315, 0], [0, 314, 52, 0], [0, 265, 243, 181, 30, 0], [0, 13, 335, 0]]]","[1788.8445247401737, 1789.8755351720101, 1799.5336064880137, 1796.4272130553786, 1798.5724758057092, 1793.389501915371, 1797.9368591478164, 1799.1392793084042, 1798.5260264728654, 1794.9508388041913]","[1771.5016592186616, 1797.0552480739516, 1762.3035287911673, 1791.7401283381698, 1789.5995724899365, 1749.0407930445995, 1717.9169432754693, 1796.1396826267114, 1738.8287809962212, 1798.344469076224]",1400,2.27
500.10.3,500,10,10,endurance,high,high,3600,15.6464,700,31.2928,29.94542917,"[[[0, 102, 133, 86, 448, 106, 17, 138, 415, 159, 70, 8, 215, 96, 446, 304, 222, 359, 381, 473, 289, 194, 297, 341, 251, 164, 131, 315, 357, 479, 82, 81, 207, 93, 116, 429, 111, 0]], [[0, 99, 157, 324, 349, 494, 16, 156, 35, 146, 115, 417, 309, 46, 175, 200, 135, 294, 182, 225, 238, 216, 399, 94, 412, 18, 60, 45, 126, 328, 358, 7, 419, 36, 414, 0]], [[0, 174, 319, 365, 326, 270, 422, 406, 441, 22, 202, 366, 312, 454, 54, 142, 413, 338, 440, 469, 375, 274, 120, 179, 27, 65, 395, 268, 32, 263, 56, 383, 292, 219, 379, 198, 464, 288, 389, 320, 1, 0]], [[0, 141, 343, 407, 239, 409, 356, 83, 169, 170, 404, 424, 376, 229, 452, 316, 122, 247, 354, 147, 100, 180, 139, 363, 438, 112, 480, 397, 483, 245, 344, 256, 472, 101, 137, 0]], [[0, 143, 130, 25, 287, 2, 336, 500, 206, 352, 33, 374, 435, 64, 129, 88, 362, 162, 43, 79, 150, 275, 108, 123, 51, 450, 264, 445, 393, 240, 171, 103, 361, 436, 177, 125, 75, 299, 158, 373, 0]], [[0, 280, 311, 89, 186, 306, 163, 152, 416, 49, 255, 476, 90, 430, 331, 227, 252, 188, 394, 4, 360, 84, 458, 346, 478, 466, 55, 47, 334, 269, 197, 21, 391, 91, 332, 364, 475, 73, 303, 128, 421, 44, 322, 455, 400, 286, 267, 0]], [[0, 210, 498, 350, 246, 40, 193, 463, 161, 155, 410, 465, 85, 248, 145, 48, 281, 134, 244, 250, 241, 284, 353, 423, 173, 104, 209, 218, 470, 477, 323, 432, 66, 80, 220, 72, 236, 223, 329, 217, 0]], [[0, 242, 372, 87, 481, 459, 187, 183, 13, 298, 277, 53, 205, 310, 386, 276, 337, 388, 154, 339, 42, 67, 273, 325, 380, 136, 166, 271, 118, 300, 398, 199, 495, 442, 307, 285, 178, 305, 201, 496, 61, 425, 0]], [[0, 330, 95, 456, 449, 405, 408, 140, 110, 342, 318, 233, 460, 34, 185, 57, 184, 302, 249, 390, 63, 340, 382, 37, 231, 370, 160, 347, 484, 296, 144, 76, 490, 113, 451, 69, 71, 261, 308, 127, 485, 321, 462, 474, 367, 0]], [[0, 31, 232, 23, 78, 293, 471, 282, 461, 204, 172, 467, 39, 109, 97, 355, 92, 428, 38, 492, 259, 434, 431, 176, 214, 493, 487, 105, 59, 195, 279, 257, 77, 433, 403, 385, 0]]]","[[[0, 369, 234, 0], [0, 211, 499, 0], [0, 295, 0], [0, 5, 189, 114, 0]], [[0, 314, 457, 0], [0, 230, 196, 0], [0, 20, 291, 26, 165, 58, 265, 0], [0, 68, 191, 0]], [[0, 212, 272, 0], [0, 153, 98, 0], [0, 401, 24, 148, 482, 0], [0, 384, 0], [0, 124, 74, 0]], [[0, 121, 266, 9, 0], [0, 3, 378, 29, 0], [0, 192, 439, 228, 0], [0, 262, 0]], [[0, 41, 0], [0, 420, 443, 19, 0], [0, 260, 0], [0, 351, 14, 0], [0, 167, 489, 0], [0, 497, 168, 0], [0, 151, 0], [0, 486, 0]], [[0, 283, 15, 447, 396, 0], [0, 392, 348, 0], [0, 6, 181, 30, 243, 0], [0, 237, 426, 28, 0]], [[0, 345, 208, 226, 313, 0], [0, 387, 52, 11, 0], [0, 149, 290, 0], [0, 50, 491, 377, 371, 0]], [[0, 327, 453, 0], [0, 254, 235, 221, 253, 0], [0, 402, 12, 488, 258, 0], [0, 335, 0]], [[0, 301, 418, 0], [0, 333, 62, 117, 0], [0, 368, 468, 278, 0], [0, 437, 107, 0], [0, 317, 444, 0]], [[0, 411, 0], [0, 190, 427, 119, 0], [0, 213, 10, 203, 0], [0, 224, 0], [0, 132, 0]]]","[1785.2542138896065, 1795.320108210915, 1796.7257502183916, 1789.9555444724951, 1796.6826033018526, 1795.6108284277407, 1795.530696701471, 1796.1931853551325, 1796.5443111999364, 1795.8857354260688]","[1765.3340248399727, 1776.751601295, 1757.2688803578528, 1771.4588950650489, 1763.8432748610473, 1791.977922752213, 1752.5719270991017, 1750.04412104851, 1790.229740230453, 1701.4814570653662]",1400,2.27
500.10.3,500,10,10,endurance,high,high,3600,15.6464,700,31.2928,30.18243238,"[[[0, 102, 260, 111, 429, 298, 53, 81, 207, 116, 93, 82, 98, 479, 153, 164, 131, 315, 357, 341, 194, 289, 251, 297, 473, 222, 304, 96, 446, 381, 159, 415, 138, 106, 448, 133, 0]], [[0, 95, 456, 486, 329, 223, 236, 278, 342, 318, 34, 185, 57, 249, 184, 302, 218, 209, 104, 173, 423, 353, 284, 241, 244, 250, 134, 48, 281, 470, 477, 323, 396, 432, 66, 416, 152, 163, 306, 210, 280, 0]], [[0, 1, 130, 288, 464, 25, 287, 2, 336, 500, 206, 352, 50, 33, 221, 64, 129, 362, 162, 88, 43, 79, 150, 275, 108, 123, 435, 374, 51, 450, 264, 445, 393, 240, 171, 361, 436, 371, 177, 125, 299, 167, 0]], [[0, 335, 425, 496, 305, 285, 279, 195, 59, 487, 493, 214, 176, 97, 355, 92, 428, 38, 492, 259, 431, 434, 300, 118, 42, 339, 154, 388, 205, 337, 276, 386, 310, 13, 183, 187, 459, 372, 242, 0]], [[0, 137, 343, 14, 101, 364, 475, 332, 91, 230, 21, 295, 55, 466, 47, 334, 269, 197, 303, 4, 360, 84, 458, 161, 155, 410, 62, 465, 85, 228, 224, 463, 193, 476, 246, 327, 350, 498, 89, 0]], [[0, 319, 365, 485, 308, 69, 283, 113, 490, 76, 15, 144, 347, 160, 370, 231, 37, 382, 340, 63, 484, 296, 447, 460, 233, 72, 49, 40, 90, 168, 430, 331, 227, 252, 188, 128, 421, 44, 322, 455, 400, 267, 41, 0]], [[0, 151, 28, 132, 121, 418, 239, 409, 480, 397, 112, 438, 356, 83, 169, 170, 404, 12, 424, 376, 229, 452, 316, 122, 247, 354, 100, 147, 180, 139, 363, 196, 245, 483, 344, 256, 384, 472, 141, 0]], [[0, 385, 411, 403, 68, 262, 189, 166, 136, 380, 273, 325, 67, 271, 398, 199, 495, 442, 307, 105, 204, 172, 467, 309, 46, 417, 115, 146, 461, 282, 471, 293, 78, 232, 0]], [[0, 330, 449, 405, 408, 110, 140, 127, 261, 406, 441, 22, 202, 366, 270, 312, 54, 142, 413, 338, 482, 440, 469, 375, 274, 120, 179, 27, 65, 395, 268, 32, 263, 491, 56, 383, 219, 379, 290, 389, 320, 0]], [[0, 31, 419, 7, 358, 157, 328, 45, 18, 94, 60, 126, 324, 349, 494, 16, 156, 10, 26, 200, 175, 135, 294, 399, 182, 238, 225, 103, 216, 420, 427, 272, 52, 119, 0]]]","[[[0, 351, 414, 0], [0, 8, 488, 402, 0], [0, 439, 478, 0], [0, 71, 321, 0], [0, 314, 186, 0]], [[0, 368, 220, 80, 24, 0], [0, 124, 311, 0], [0, 86, 437, 0], [0, 481, 87, 0], [0, 301, 258, 369, 0], [0, 317, 444, 0]], [[0, 348, 392, 0], [0, 426, 457, 0], [0, 5, 109, 39, 58, 35, 0], [0, 198, 212, 0], [0, 367, 373, 0]], [[0, 158, 489, 0], [0, 453, 378, 391, 0], [0, 462, 217, 0], [0, 390, 451, 0], [0, 9, 114, 99, 0]], [[0, 201, 257, 265, 0], [0, 468, 145, 248, 117, 192, 0], [0, 237, 266, 0], [0, 6, 17, 359, 215, 0]], [[0, 73, 346, 0], [0, 19, 226, 235, 254, 148, 0], [0, 213, 165, 291, 20, 412, 0]], [[0, 208, 292, 345, 0], [0, 234, 30, 0], [0, 243, 181, 277, 0], [0, 497, 333, 0]], [[0, 326, 149, 0], [0, 75, 190, 0], [0, 23, 77, 191, 0], [0, 443, 253, 377, 313, 0], [0, 74, 0]], [[0, 174, 11, 0], [0, 407, 29, 3, 0], [0, 203, 178, 433, 0], [0, 211, 499, 0], [0, 36, 61, 0], [0, 474, 0]], [[0, 107, 70, 0], [0, 394, 0], [0, 255, 286, 0], [0, 454, 422, 387, 401, 0], [0, 143, 0]]]","[1802.002201851321, 1809.5201611984382, 1809.81586584351, 1810.6848354684741, 1810.9459429331039, 1807.8943090491043, 1809.9827322761953, 1795.0989495034346, 1810.180704263676, 1794.471507023069]","[1805.4188934392905, 1802.0564078235138, 1806.4081646234442, 1808.6775345262527, 1802.4899490549356, 1763.2241985424018, 1803.6159317916163, 1808.2257123383515, 1774.9658984856887, 1787.6077249823757]",1400,2.27
500.10.3,500,10,10,endurance,high,high,3600,15.6464,700,31.2928,30.00795275,"[[[0, 367, 474, 319, 365, 485, 127, 308, 261, 69, 71, 406, 270, 422, 441, 22, 202, 366, 392, 274, 375, 120, 179, 27, 254, 32, 268, 395, 65, 469, 440, 482, 148, 338, 413, 142, 54, 348, 290, 143, 0]], [[0, 72, 220, 396, 323, 470, 218, 209, 423, 173, 104, 302, 184, 390, 63, 340, 382, 37, 231, 370, 160, 347, 484, 296, 144, 76, 490, 113, 140, 110, 408, 405, 449, 330, 0]], [[0, 102, 260, 111, 133, 86, 448, 106, 17, 138, 415, 70, 159, 381, 222, 304, 96, 446, 473, 289, 194, 297, 341, 357, 315, 131, 164, 153, 479, 82, 93, 116, 207, 81, 53, 298, 13, 187, 459, 372, 242, 0]], [[0, 95, 456, 486, 217, 329, 223, 236, 278, 342, 318, 233, 460, 57, 185, 34, 477, 281, 48, 134, 244, 250, 353, 284, 241, 145, 248, 85, 465, 62, 410, 155, 117, 228, 224, 333, 432, 66, 49, 416, 152, 163, 306, 186, 89, 0]], [[0, 237, 335, 425, 61, 87, 114, 183, 310, 205, 337, 386, 276, 67, 273, 325, 154, 339, 42, 271, 398, 118, 300, 434, 259, 492, 38, 428, 92, 355, 97, 176, 214, 493, 487, 105, 59, 195, 279, 178, 305, 77, 433, 403, 385, 0]], [[0, 232, 78, 293, 471, 282, 461, 146, 156, 494, 16, 200, 175, 46, 309, 417, 467, 172, 204, 307, 442, 495, 199, 166, 136, 262, 68, 496, 411, 351, 0]], [[0, 31, 414, 36, 419, 7, 358, 328, 157, 349, 126, 60, 45, 18, 94, 135, 294, 399, 420, 216, 238, 225, 103, 361, 171, 240, 393, 445, 264, 436, 371, 177, 2, 75, 299, 212, 119, 0]], [[0, 124, 28, 132, 343, 407, 239, 409, 356, 83, 169, 170, 404, 12, 424, 376, 229, 488, 452, 316, 122, 247, 354, 147, 180, 139, 363, 112, 480, 397, 483, 344, 256, 384, 472, 14, 101, 141, 151, 0]], [[0, 311, 267, 400, 455, 44, 322, 73, 475, 364, 332, 91, 21, 391, 295, 55, 466, 47, 334, 269, 197, 303, 421, 128, 4, 360, 84, 346, 458, 394, 188, 252, 227, 331, 430, 168, 90, 476, 193, 255, 40, 246, 368, 327, 350, 498, 314, 210, 280, 0]], [[0, 1, 320, 389, 345, 379, 219, 292, 383, 56, 491, 263, 221, 64, 129, 162, 362, 88, 43, 235, 79, 150, 275, 108, 123, 435, 374, 51, 450, 33, 50, 226, 352, 206, 500, 336, 287, 25, 198, 464, 288, 130, 0]]]","[[[0, 74, 437, 0], [0, 312, 0], [0, 201, 191, 23, 0], [0, 80, 468, 249, 283, 0]], [[0, 41, 137, 0], [0, 380, 5, 431, 0], [0, 19, 208, 253, 489, 0], [0, 272, 313, 0], [0, 286, 453, 0]], [[0, 387, 454, 24, 321, 0], [0, 317, 444, 0], [0, 359, 8, 369, 0], [0, 438, 100, 402, 215, 0]], [[0, 429, 0], [0, 192, 161, 463, 0], [0, 213, 35, 324, 412, 0], [0, 277, 499, 0]], [[0, 121, 418, 301, 0], [0, 251, 98, 0], [0, 190, 427, 125, 0], [0, 10, 58, 26, 291, 0]], [[0, 174, 462, 0], [0, 481, 189, 0], [0, 265, 109, 39, 115, 165, 0], [0, 158, 326, 0], [0, 373, 149, 0]], [[0, 11, 167, 0], [0, 99, 52, 0], [0, 20, 182, 443, 377, 0], [0, 285, 0], [0, 9, 266, 0]], [[0, 6, 107, 258, 0], [0, 426, 457, 0], [0, 388, 0], [0, 29, 378, 0]], [[0, 451, 15, 447, 0], [0, 497, 401, 0], [0, 230, 196, 0], [0, 478, 439, 0]], [[0, 211, 234, 0], [0, 257, 203, 0], [0, 30, 181, 243, 0], [0, 3, 245, 0]]]","[1800.0389153783594, 1789.2876659795008, 1798.8844614207833, 1797.8329334118225, 1799.9470856524586, 1800.4771650213147, 1796.3792281607787, 1800.2167886014504, 1797.0437061447506, 1794.3589728511067]","[1731.189303695666, 1791.741379538854, 1800.0814678183824, 1772.051322634004, 1796.1255091596972, 1774.8925210636944, 1773.4401864182153, 1792.508355035683, 1798.4783195337595, 1772.4380247794745]",1400,2.27
500.10.3,500,10,10,endurance,high,high,3600,15.6464,700,31.2928,29.76660767,"[[[0, 306, 163, 416, 49, 66, 432, 80, 220, 396, 333, 323, 477, 470, 218, 209, 423, 173, 104, 302, 184, 249, 57, 185, 34, 233, 460, 318, 342, 72, 236, 223, 329, 217, 486, 449, 405, 456, 95, 330, 462, 0]], [[0, 133, 86, 448, 106, 138, 415, 159, 381, 473, 222, 304, 446, 96, 376, 229, 488, 424, 452, 316, 122, 247, 354, 100, 147, 180, 139, 363, 83, 356, 409, 239, 407, 343, 132, 124, 0]], [[0, 319, 365, 24, 326, 422, 270, 312, 454, 54, 142, 413, 392, 366, 441, 22, 202, 370, 231, 382, 340, 63, 296, 484, 347, 160, 144, 76, 490, 113, 283, 69, 71, 261, 308, 485, 140, 110, 408, 401, 0]], [[0, 280, 89, 498, 350, 327, 368, 246, 40, 255, 193, 463, 228, 224, 281, 134, 244, 250, 353, 284, 241, 248, 85, 465, 62, 410, 155, 117, 161, 192, 458, 4, 303, 421, 128, 394, 252, 188, 430, 227, 331, 311, 0]], [[0, 237, 87, 183, 262, 189, 136, 166, 199, 398, 271, 118, 300, 434, 431, 259, 492, 38, 428, 92, 355, 97, 176, 214, 493, 487, 442, 307, 279, 285, 191, 213, 496, 61, 425, 0]], [[0, 367, 474, 143, 130, 288, 464, 198, 219, 292, 383, 56, 263, 221, 435, 108, 275, 64, 129, 150, 79, 43, 88, 32, 268, 395, 65, 27, 179, 120, 375, 469, 440, 482, 148, 379, 345, 389, 320, 0]], [[0, 373, 1, 25, 287, 75, 2, 336, 500, 352, 377, 33, 374, 51, 450, 264, 445, 393, 240, 171, 361, 103, 225, 238, 216, 420, 399, 294, 135, 291, 60, 412, 18, 45, 328, 358, 7, 419, 36, 414, 31, 0]], [[0, 267, 400, 455, 44, 322, 364, 475, 73, 332, 91, 230, 21, 197, 269, 334, 360, 84, 346, 478, 47, 466, 55, 295, 29, 196, 245, 344, 483, 438, 112, 397, 480, 256, 384, 472, 14, 101, 141, 28, 151, 0]], [[0, 385, 411, 403, 433, 77, 305, 257, 293, 471, 282, 461, 195, 59, 105, 172, 467, 204, 146, 165, 115, 417, 309, 46, 175, 200, 26, 10, 35, 156, 16, 494, 349, 126, 157, 232, 0]], [[0, 242, 9, 372, 459, 187, 13, 298, 205, 310, 386, 276, 380, 273, 325, 67, 42, 339, 154, 388, 181, 81, 207, 53, 277, 116, 93, 82, 98, 153, 164, 131, 251, 297, 289, 194, 341, 357, 479, 234, 499, 266, 111, 102, 0]]]","[[[0, 52, 203, 265, 0], [0, 387, 451, 15, 321, 0], [0, 254, 235, 362, 162, 0], [0, 167, 158, 0]], [[0, 457, 391, 0], [0, 17, 404, 170, 0], [0, 137, 0], [0, 426, 317, 0], [0, 260, 335, 0], [0, 497, 476, 0]], [[0, 6, 258, 378, 0], [0, 23, 68, 0], [0, 337, 243, 30, 0], [0, 119, 272, 0]], [[0, 99, 0], [0, 286, 299, 0], [0, 206, 313, 253, 0], [0, 152, 90, 0], [0, 429, 0], [0, 186, 0]], [[0, 402, 12, 8, 0], [0, 169, 437, 0], [0, 125, 190, 324, 0], [0, 444, 0]], [[0, 290, 149, 0], [0, 94, 182, 20, 0], [0, 201, 178, 114, 0], [0, 338, 274, 208, 174, 0], [0, 210, 314, 0]], [[0, 107, 70, 0], [0, 406, 0], [0, 453, 3, 168, 0], [0, 315, 359, 215, 0]], [[0, 127, 0], [0, 369, 481, 0], [0, 447, 468, 278, 0], [0, 19, 226, 491, 50, 123, 371, 0], [0, 41, 0]], [[0, 418, 121, 301, 0], [0, 348, 37, 390, 0], [0, 443, 436, 427, 0], [0, 351, 177, 0]], [[0, 211, 74, 0], [0, 495, 5, 109, 39, 58, 78, 0], [0, 48, 145, 439, 0], [0, 212, 11, 489, 0]]]","[1785.0965849772078, 1785.996460179697, 1783.3591299207528, 1785.8708317688631, 1784.536442277645, 1783.9824364436934, 1783.9682264287437, 1782.6393250434678, 1777.6887456629318, 1785.219142572152]","[1747.3618191957712, 1768.7825640824203, 1781.4508560732338, 1785.9749656086703, 1774.9318651961394, 1771.219575336082, 1780.3099129079894, 1765.6340884951614, 1771.6699329394646, 1782.7869265094641]",1400,2.27
500.10.4,500,10,10,endurance,high,high,3600,15.6464,700,31.2928,29.97373372,"[[[0, 84, 85, 293, 321, 165, 86, 109, 365, 366, 176, 363, 227, 225, 252, 251, 496, 180, 499, 146, 331, 396, 445, 337, 124, 386, 405, 400, 406, 181, 50, 311, 172, 485, 1, 60, 495, 464, 438, 0]], [[0, 338, 110, 471, 399, 324, 368, 454, 177, 4, 325, 266, 482, 249, 336, 422, 175, 358, 105, 36, 164, 32, 263, 220, 379, 330, 402, 222, 114, 447, 383, 467, 323, 72, 372, 2, 173, 0]], [[0, 17, 248, 103, 339, 9, 457, 295, 347, 89, 42, 10, 303, 351, 427, 128, 291, 121, 59, 40, 213, 77, 377, 141, 342, 19, 264, 453, 477, 352, 39, 198, 322, 500, 202, 407, 481, 140, 138, 459, 310, 353, 314, 0]], [[0, 285, 340, 394, 107, 15, 253, 189, 187, 486, 397, 364, 108, 446, 157, 120, 100, 31, 126, 46, 149, 212, 267, 190, 242, 490, 380, 428, 268, 443, 38, 296, 274, 16, 115, 147, 449, 318, 0]], [[0, 192, 28, 122, 463, 97, 403, 26, 221, 191, 317, 346, 473, 360, 341, 357, 101, 452, 155, 261, 448, 127, 184, 260, 409, 308, 315, 388, 233, 258, 119, 62, 159, 178, 22, 182, 229, 205, 470, 0]], [[0, 65, 356, 460, 290, 320, 18, 484, 139, 43, 52, 451, 431, 246, 404, 344, 250, 134, 307, 455, 48, 306, 480, 288, 286, 412, 168, 20, 393, 424, 161, 395, 254, 247, 279, 421, 56, 435, 21, 469, 434, 215, 219, 133, 67, 475, 458, 432, 61, 0]], [[0, 94, 79, 203, 118, 468, 255, 167, 442, 53, 112, 197, 183, 64, 234, 437, 494, 474, 241, 137, 3, 217, 93, 487, 483, 228, 34, 444, 145, 430, 436, 429, 418, 375, 76, 0]], [[0, 280, 142, 78, 131, 170, 75, 456, 90, 387, 479, 305, 384, 33, 171, 238, 143, 401, 275, 273, 214, 410, 374, 71, 13, 281, 73, 309, 231, 163, 88, 440, 30, 300, 160, 55, 425, 277, 411, 345, 14, 68, 232, 0]], [[0, 66, 150, 158, 381, 111, 57, 278, 287, 237, 433, 354, 136, 24, 276, 98, 355, 123, 99, 12, 69, 236, 156, 316, 6, 230, 313, 257, 414, 256, 96, 329, 200, 80, 450, 0]], [[0, 37, 199, 497, 151, 193, 478, 301, 194, 226, 54, 162, 333, 367, 472, 488, 328, 44, 335, 51, 81, 174, 392, 135, 284, 319, 465, 334, 11, 144, 125, 361, 390, 371, 270, 106, 116, 349, 0]]]","[[[0, 389, 348, 8, 423, 0], [0, 216, 382, 282, 259, 0], [0, 243, 413, 130, 0]], [[0, 27, 426, 272, 0], [0, 113, 391, 148, 370, 0], [0, 327, 262, 298, 83, 91, 0], [0, 292, 0], [0, 185, 398, 0]], [[0, 58, 245, 5, 0], [0, 117, 23, 0], [0, 312, 362, 0], [0, 417, 343, 0]], [[0, 378, 49, 244, 489, 0], [0, 210, 476, 0], [0, 369, 299, 41, 0], [0, 304, 297, 0], [0, 461, 373, 416, 0]], [[0, 35, 196, 0], [0, 209, 439, 0], [0, 359, 441, 0], [0, 239, 87, 0], [0, 235, 385, 0]], [[0, 492, 166, 129, 0], [0, 152, 0], [0, 25, 132, 0], [0, 169, 7, 0]], [[0, 491, 0], [0, 204, 326, 47, 0], [0, 63, 420, 493, 302, 208, 0], [0, 29, 0], [0, 265, 0]], [[0, 224, 289, 0], [0, 218, 179, 419, 0], [0, 70, 153, 104, 0], [0, 95, 408, 466, 294, 0]], [[0, 332, 240, 45, 0], [0, 415, 102, 154, 206, 0], [0, 350, 201, 0], [0, 271, 82, 462, 92, 0]], [[0, 283, 188, 0], [0, 498, 186, 376, 0], [0, 207, 269, 74, 211, 0], [0, 195, 223, 0]]]","[1787.2489949747205, 1798.4158191171882, 1798.4240233720575, 1795.7687802070482, 1797.661790853297, 1798.1925430625067, 1792.0837622219578, 1796.9289327312713, 1798.2286000856564, 1798.2630438491908]","[1796.637665262773, 1788.224753277343, 1784.5008847691208, 1792.484236320334, 1768.4113515845784, 1782.2372675600336, 1748.087828020041, 1792.248957324608, 1788.7567088795786, 1761.0127804267006]",1400,2.27
500.10.4,500,10,10,endurance,high,high,3600,15.6464,700,31.2928,29.49792686,"[[[0, 17, 248, 339, 23, 9, 457, 295, 347, 89, 10, 303, 351, 427, 128, 291, 121, 108, 8, 364, 40, 213, 77, 377, 141, 342, 19, 264, 453, 153, 477, 58, 352, 322, 500, 202, 407, 481, 140, 138, 459, 353, 314, 0]], [[0, 450, 80, 78, 200, 131, 170, 75, 376, 90, 387, 329, 479, 305, 384, 33, 171, 466, 238, 143, 401, 275, 273, 136, 24, 276, 98, 355, 123, 99, 166, 12, 69, 236, 156, 256, 434, 215, 219, 133, 67, 475, 458, 0]], [[0, 37, 199, 497, 151, 318, 449, 147, 115, 16, 274, 296, 38, 443, 268, 428, 380, 490, 242, 190, 267, 212, 149, 46, 126, 31, 100, 120, 157, 446, 59, 397, 486, 187, 189, 253, 107, 196, 0]], [[0, 438, 373, 464, 178, 491, 159, 62, 119, 258, 233, 388, 315, 308, 409, 260, 184, 127, 448, 261, 155, 452, 101, 357, 341, 360, 473, 346, 317, 191, 403, 221, 97, 22, 182, 229, 205, 470, 0]], [[0, 285, 340, 394, 103, 310, 292, 27, 68, 14, 345, 411, 277, 425, 55, 160, 300, 30, 440, 88, 163, 231, 73, 281, 13, 71, 374, 410, 214, 354, 433, 237, 218, 287, 419, 278, 456, 57, 7, 283, 150, 232, 432, 61, 0]], [[0, 65, 356, 338, 399, 471, 246, 404, 344, 250, 48, 307, 286, 412, 168, 393, 395, 254, 247, 279, 421, 257, 313, 230, 6, 316, 414, 21, 435, 469, 161, 424, 195, 385, 18, 290, 320, 0]], [[0, 223, 152, 324, 368, 454, 177, 4, 325, 266, 482, 249, 336, 330, 474, 164, 32, 263, 36, 220, 379, 105, 358, 175, 422, 480, 306, 455, 134, 431, 451, 52, 43, 139, 484, 460, 0]], [[0, 76, 94, 265, 173, 2, 343, 375, 372, 72, 323, 467, 383, 447, 47, 114, 93, 222, 402, 217, 3, 137, 241, 437, 234, 64, 487, 63, 197, 420, 183, 112, 53, 442, 167, 255, 483, 228, 34, 444, 145, 430, 436, 429, 118, 203, 79, 0]], [[0, 28, 463, 201, 106, 270, 262, 371, 390, 361, 125, 465, 144, 334, 319, 284, 135, 392, 174, 211, 81, 51, 335, 44, 328, 488, 367, 472, 333, 162, 54, 226, 194, 301, 478, 193, 185, 192, 0]], [[0, 476, 495, 60, 1, 82, 239, 311, 172, 87, 181, 406, 400, 124, 337, 445, 396, 331, 146, 499, 180, 496, 251, 252, 225, 363, 176, 468, 271, 366, 365, 109, 86, 165, 321, 293, 85, 84, 0]]]","[[[0, 42, 39, 0], [0, 418, 208, 227, 92, 0], [0, 391, 132, 0]], [[0, 117, 362, 0], [0, 116, 0], [0, 309, 245, 389, 0], [0, 289, 5, 348, 0]], [[0, 209, 439, 0], [0, 280, 0], [0, 327, 269, 74, 207, 0], [0, 29, 0], [0, 381, 0], [0, 188, 142, 0]], [[0, 416, 417, 0], [0, 11, 382, 216, 26, 0], [0, 70, 104, 25, 148, 0], [0, 398, 350, 210, 461, 0]], [[0, 129, 441, 359, 0], [0, 111, 169, 0], [0, 378, 386, 405, 49, 0], [0, 426, 198, 0]], [[0, 297, 304, 0], [0, 154, 288, 20, 56, 0], [0, 498, 179, 294, 408, 0], [0, 45, 332, 0]], [[0, 326, 102, 415, 204, 0], [0, 494, 493, 302, 0], [0, 158, 272, 0], [0, 110, 206, 0]], [[0, 15, 66, 0], [0, 282, 240, 244, 0], [0, 35, 224, 0], [0, 423, 41, 413, 243, 299, 0]], [[0, 130, 113, 0], [0, 95, 492, 186, 0], [0, 489, 462, 50, 485, 0]], [[0, 312, 369, 370, 0], [0, 235, 96, 0], [0, 259, 91, 298, 83, 0], [0, 122, 349, 0]]]","[1768.6237611302793, 1759.2240256770456, 1769.8756117443172, 1769.2822053660661, 1769.1566582344549, 1765.8196767376467, 1768.3785529263887, 1769.6616752174232, 1761.6450474037576, 1768.5634427978398]","[1767.4788437488842, 1769.0568518071814, 1738.91126866665, 1769.2671855436645, 1712.6017277411026, 1733.249227543982, 1767.5981232245465, 1751.7095449125818, 1769.4763154084753, 1752.2815227121487]",1400,2.27
500.10.4,500,10,10,endurance,high,high,3600,15.6464,700,31.2928,30.59446373,"[[[0, 458, 475, 67, 133, 219, 215, 434, 96, 256, 156, 316, 6, 230, 236, 69, 492, 12, 166, 99, 123, 355, 98, 276, 24, 136, 273, 275, 401, 143, 238, 466, 171, 33, 479, 329, 387, 90, 200, 280, 432, 0]], [[0, 122, 193, 478, 301, 194, 226, 54, 162, 333, 367, 472, 488, 269, 328, 44, 116, 106, 270, 335, 51, 81, 74, 392, 174, 371, 83, 390, 346, 317, 191, 221, 403, 97, 201, 463, 0]], [[0, 37, 185, 199, 497, 449, 115, 274, 296, 38, 268, 370, 428, 380, 490, 242, 190, 413, 291, 121, 364, 10, 89, 347, 295, 348, 19, 453, 477, 352, 322, 500, 202, 407, 481, 140, 138, 459, 310, 314, 0]], [[0, 65, 356, 338, 399, 471, 110, 484, 139, 43, 52, 451, 431, 344, 404, 250, 455, 48, 306, 480, 307, 412, 168, 393, 254, 247, 279, 421, 257, 313, 414, 21, 435, 469, 161, 424, 290, 320, 460, 0]], [[0, 210, 22, 178, 119, 258, 233, 388, 315, 405, 386, 124, 337, 400, 406, 181, 50, 87, 172, 311, 146, 331, 445, 396, 499, 180, 496, 225, 252, 251, 462, 82, 60, 1, 365, 109, 86, 321, 0]], [[0, 285, 17, 340, 394, 196, 107, 253, 187, 486, 397, 427, 351, 303, 8, 108, 59, 446, 157, 120, 100, 267, 212, 149, 46, 126, 31, 130, 148, 25, 391, 40, 213, 77, 377, 342, 457, 9, 23, 439, 339, 35, 103, 248, 353, 232, 61, 0]], [[0, 152, 324, 368, 454, 177, 4, 325, 266, 482, 249, 336, 422, 175, 358, 105, 330, 379, 220, 36, 263, 32, 164, 474, 241, 137, 3, 217, 402, 222, 114, 47, 447, 383, 467, 72, 323, 372, 2, 173, 0]], [[0, 438, 464, 495, 489, 244, 240, 308, 409, 260, 184, 127, 448, 261, 155, 452, 101, 357, 11, 144, 334, 465, 319, 125, 361, 382, 341, 360, 473, 259, 62, 159, 182, 229, 205, 470, 0]], [[0, 66, 150, 68, 14, 345, 411, 277, 55, 160, 300, 30, 440, 88, 198, 39, 163, 231, 73, 281, 13, 71, 374, 186, 410, 214, 354, 433, 95, 294, 237, 179, 218, 287, 278, 456, 170, 75, 131, 78, 80, 450, 0]], [[0, 84, 85, 293, 79, 203, 429, 118, 468, 271, 176, 363, 255, 167, 442, 53, 112, 420, 183, 493, 494, 437, 234, 64, 487, 63, 197, 208, 483, 34, 228, 444, 145, 430, 436, 418, 417, 375, 343, 0]]]","[[[0, 227, 92, 239, 49, 0], [0, 272, 426, 27, 0], [0, 398, 297, 0], [0, 111, 142, 0], [0, 16, 147, 0], [0, 192, 0]], [[0, 326, 204, 0], [0, 195, 376, 0], [0, 419, 57, 7, 0], [0, 302, 93, 415, 102, 0]], [[0, 132, 141, 0], [0, 94, 0], [0, 369, 299, 41, 0], [0, 350, 312, 0], [0, 158, 0]], [[0, 104, 245, 389, 0], [0, 395, 20, 154, 0], [0, 153, 58, 0], [0, 381, 0]], [[0, 304, 26, 476, 0], [0, 28, 224, 0], [0, 207, 128, 243, 423, 0], [0, 461, 378, 327, 117, 349, 0]], [[0, 443, 318, 0], [0, 206, 18, 0], [0, 441, 134, 286, 0], [0, 498, 408, 305, 0]], [[0, 15, 189, 0], [0, 485, 416, 0], [0, 29, 0], [0, 332, 366, 0], [0, 209, 289, 0], [0, 292, 0]], [[0, 288, 246, 0], [0, 165, 223, 0], [0, 425, 169, 0], [0, 282, 284, 135, 91, 0]], [[0, 151, 0], [0, 113, 42, 5, 70, 0], [0, 359, 384, 56, 0], [0, 385, 235, 0], [0, 283, 0]], [[0, 76, 265, 129, 188, 0], [0, 264, 309, 0], [0, 298, 211, 262, 362, 216, 373, 0], [0, 491, 45, 0]]]","[1833.2393065305303, 1832.3717697312932, 1830.3213000652972, 1835.6678239233856, 1833.7711458855727, 1821.6355868882179, 1822.1028443295277, 1830.3496675243764, 1835.1104667703326, 1826.6641051511945]","[1822.251142871067, 1831.365060313004, 1826.0087625465967, 1811.8332234110326, 1830.150424250488, 1819.4881368754243, 1833.071257428152, 1826.9998789764327, 1784.0668032794836, 1829.717269071161]",1400,2.27
500.10.4,500,10,10,endurance,high,high,3600,15.6464,700,31.2928,30.21480556,"[[[0, 356, 460, 338, 399, 471, 110, 139, 43, 52, 451, 431, 206, 246, 404, 344, 250, 134, 455, 307, 48, 306, 480, 288, 286, 412, 168, 20, 393, 395, 254, 247, 279, 421, 56, 435, 161, 424, 195, 385, 484, 18, 320, 290, 235, 65, 0]], [[0, 37, 28, 185, 151, 318, 449, 147, 115, 16, 443, 268, 370, 428, 312, 380, 369, 490, 41, 299, 242, 190, 267, 212, 149, 46, 126, 31, 100, 120, 157, 446, 59, 364, 397, 486, 187, 253, 15, 107, 196, 285, 0]], [[0, 205, 473, 360, 341, 357, 101, 452, 155, 261, 448, 127, 184, 260, 409, 124, 337, 445, 396, 331, 146, 499, 180, 496, 225, 252, 251, 85, 84, 0]], [[0, 232, 292, 459, 138, 140, 481, 407, 202, 500, 322, 352, 58, 477, 453, 264, 342, 19, 348, 295, 377, 77, 213, 40, 89, 42, 10, 303, 8, 121, 291, 128, 427, 351, 38, 296, 189, 224, 339, 35, 103, 248, 394, 17, 314, 0]], [[0, 432, 280, 80, 131, 170, 75, 456, 278, 287, 218, 179, 237, 294, 95, 433, 354, 214, 410, 374, 71, 13, 281, 73, 309, 231, 163, 39, 198, 88, 300, 160, 55, 411, 345, 277, 68, 381, 150, 66, 0]], [[0, 152, 324, 368, 454, 177, 4, 325, 266, 482, 249, 336, 422, 175, 358, 105, 330, 379, 220, 36, 263, 32, 164, 474, 241, 137, 3, 217, 402, 222, 114, 47, 447, 467, 72, 323, 372, 0]], [[0, 61, 450, 78, 200, 329, 479, 33, 171, 466, 238, 143, 401, 275, 273, 136, 24, 276, 98, 355, 123, 99, 12, 492, 69, 236, 230, 6, 313, 257, 414, 21, 469, 434, 215, 219, 133, 29, 188, 0]], [[0, 398, 122, 463, 350, 201, 116, 44, 335, 106, 270, 371, 83, 403, 191, 159, 62, 119, 258, 244, 240, 233, 388, 308, 315, 405, 386, 400, 406, 181, 50, 311, 172, 485, 1, 60, 495, 464, 438, 0]], [[0, 76, 94, 293, 321, 203, 118, 468, 176, 86, 109, 365, 366, 363, 255, 167, 442, 53, 112, 420, 183, 493, 234, 437, 64, 487, 63, 197, 208, 483, 228, 34, 444, 145, 430, 436, 429, 375, 343, 2, 173, 0]], [[0, 470, 229, 182, 22, 178, 97, 221, 317, 346, 390, 361, 125, 382, 144, 11, 334, 465, 319, 284, 135, 392, 174, 211, 51, 81, 488, 367, 472, 207, 162, 333, 328, 54, 226, 194, 301, 478, 193, 199, 192, 0]]]","[[[0, 27, 272, 0], [0, 383, 271, 165, 0], [0, 289, 439, 0], [0, 227, 92, 462, 0], [0, 265, 223, 0]], [[0, 340, 0], [0, 425, 30, 113, 0], [0, 457, 0], [0, 389, 245, 104, 0], [0, 476, 210, 0]], [[0, 349, 216, 282, 259, 373, 0], [0, 458, 475, 129, 0], [0, 156, 316, 441, 0], [0, 57, 186, 169, 0]], [[0, 166, 256, 0], [0, 378, 489, 45, 0], [0, 376, 419, 440, 0], [0, 67, 90, 0]], [[0, 239, 49, 26, 491, 0], [0, 111, 7, 0], [0, 87, 82, 0], [0, 353, 153, 0]], [[0, 79, 0], [0, 209, 310, 0], [0, 413, 391, 23, 0], [0, 418, 102, 494, 417, 0]], [[0, 384, 96, 0], [0, 347, 70, 0], [0, 91, 262, 298, 74, 269, 0], [0, 142, 387, 0]], [[0, 304, 461, 416, 0], [0, 326, 204, 154, 0], [0, 415, 93, 302, 332, 0], [0, 283, 498, 0], [0, 158, 0]], [[0, 426, 9, 0], [0, 5, 141, 132, 0], [0, 130, 243, 274, 0], [0, 497, 297, 0]], [[0, 117, 327, 362, 0], [0, 359, 408, 305, 0], [0, 25, 148, 108, 423, 0], [0, 14, 0]]]","[1808.3372601312979, 1809.1618262168522, 1812.1064592476014, 1798.3200130139007, 1812.0111628321342, 1812.8883334289924, 1812.2612564660178, 1811.2090383350835, 1792.4362144082666, 1808.925999891937]","[1812.0334310224064, 1812.4069651018021, 1810.5151285995964, 1805.8141547647685, 1795.2913895449892, 1793.2523344335693, 1811.8062180181748, 1807.1410443441564, 1809.320858630287, 1806.5495208619443]",1400,2.27
500.10.4,500,10,10,endurance,high,high,3600,15.6464,700,31.2928,29.94991177,"[[[0, 192, 185, 199, 151, 497, 318, 449, 147, 115, 443, 268, 38, 296, 351, 427, 128, 303, 8, 10, 42, 89, 40, 213, 77, 377, 347, 295, 342, 264, 453, 477, 352, 198, 322, 500, 202, 407, 481, 140, 138, 459, 339, 103, 394, 340, 17, 0]], [[0, 470, 229, 463, 97, 403, 221, 191, 159, 62, 473, 360, 341, 357, 101, 261, 155, 448, 127, 184, 260, 409, 308, 315, 386, 405, 388, 233, 240, 258, 119, 491, 178, 22, 205, 461, 0]], [[0, 37, 28, 304, 193, 478, 301, 194, 226, 312, 380, 369, 490, 242, 190, 267, 212, 149, 46, 126, 31, 100, 120, 157, 446, 291, 121, 108, 59, 364, 397, 486, 187, 253, 15, 107, 196, 285, 0]], [[0, 398, 350, 201, 106, 270, 262, 371, 83, 390, 361, 125, 382, 144, 11, 334, 465, 319, 392, 174, 51, 81, 488, 472, 367, 333, 162, 328, 44, 335, 116, 349, 122, 0]], [[0, 29, 67, 133, 215, 434, 469, 414, 21, 435, 56, 421, 279, 247, 254, 395, 393, 20, 168, 412, 286, 288, 307, 455, 134, 451, 52, 43, 139, 161, 424, 195, 385, 18, 290, 320, 235, 356, 0]], [[0, 76, 265, 343, 375, 372, 323, 72, 467, 383, 447, 114, 93, 222, 402, 217, 3, 137, 241, 474, 494, 437, 234, 493, 420, 183, 64, 487, 63, 197, 112, 302, 208, 483, 228, 34, 444, 145, 430, 436, 429, 118, 203, 79, 94, 0]], [[0, 432, 280, 80, 200, 329, 305, 384, 238, 236, 156, 316, 257, 313, 230, 166, 12, 99, 123, 355, 98, 276, 24, 136, 273, 275, 401, 143, 466, 171, 33, 479, 387, 376, 131, 78, 61, 0]], [[0, 314, 292, 27, 68, 14, 345, 411, 277, 55, 160, 300, 30, 440, 88, 163, 231, 309, 73, 281, 13, 71, 374, 410, 214, 354, 433, 237, 179, 218, 287, 419, 278, 498, 456, 75, 170, 57, 7, 111, 381, 283, 158, 150, 66, 232, 0]], [[0, 65, 460, 338, 399, 471, 110, 206, 431, 344, 404, 154, 246, 250, 48, 306, 480, 422, 175, 358, 105, 36, 263, 32, 164, 220, 379, 330, 249, 482, 266, 325, 4, 204, 177, 454, 368, 324, 152, 223, 2, 173, 0]], [[0, 84, 85, 293, 321, 165, 86, 109, 365, 366, 363, 255, 53, 442, 167, 225, 252, 251, 496, 180, 499, 146, 396, 445, 331, 337, 124, 400, 406, 181, 87, 172, 311, 82, 1, 60, 476, 416, 0]]]","[[[0, 332, 485, 239, 244, 49, 373, 0], [0, 9, 0], [0, 186, 69, 492, 0], [0, 297, 0]], [[0, 353, 310, 0], [0, 462, 92, 50, 210, 0], [0, 16, 423, 243, 413, 299, 370, 0], [0, 169, 359, 0]], [[0, 47, 415, 102, 336, 326, 0], [0, 74, 284, 362, 0], [0, 269, 135, 211, 298, 91, 26, 0]], [[0, 6, 256, 96, 0], [0, 182, 259, 282, 452, 216, 0], [0, 188, 475, 0], [0, 113, 189, 0]], [[0, 495, 0], [0, 274, 428, 207, 327, 0], [0, 25, 148, 141, 0], [0, 468, 0]], [[0, 90, 95, 408, 294, 0], [0, 391, 132, 0], [0, 58, 153, 0], [0, 464, 0]], [[0, 248, 0], [0, 130, 41, 0], [0, 426, 19, 0], [0, 209, 439, 0], [0, 438, 0]], [[0, 39, 425, 0], [0, 104, 245, 70, 389, 0], [0, 289, 348, 5, 0], [0, 457, 0]], [[0, 117, 54, 0], [0, 23, 272, 0], [0, 219, 441, 458, 0], [0, 489, 45, 378, 0], [0, 484, 129, 0]], [[0, 35, 224, 0], [0, 346, 317, 0], [0, 417, 227, 0], [0, 271, 176, 418, 0], [0, 450, 142, 0]]]","[1794.9887971318487, 1788.0802459435297, 1796.9947062259093, 1796.8382889027353, 1796.3179889645935, 1796.085827085683, 1792.1450768732022, 1789.4501285222482, 1796.4507589956631, 1796.9700046667926]","[1758.6748086484058, 1794.3146402862624, 1792.294099641126, 1796.1778646512034, 1769.6989087872596, 1793.945759943579, 1770.0551741346644, 1751.8022120999692, 1795.6144575336768, 1791.2302285527385]",1400,2.27
500.20.1,500,10,10,endurance,high,high,3600,15.6464,700,31.2928,63.07607667,"[[[0, 379, 440, 7, 188, 320, 495, 35, 151, 95, 369, 24, 179, 341, 229, 20, 195, 461, 393, 237, 60, 471, 109, 287, 351, 194, 66, 447, 220, 134, 270, 199, 0]], [[0, 37, 441, 405, 498, 73, 326, 264, 292, 458, 352, 204, 366, 205, 164, 488, 93, 362, 215, 355, 138, 315, 371, 394, 335, 463, 180, 13, 385, 148, 448, 291, 171, 434, 437, 228, 429, 238, 0]], [[0, 421, 322, 265, 454, 10, 453, 308, 130, 295, 288, 358, 490, 425, 158, 364, 48, 375, 489, 316, 408, 64, 432, 273, 53, 318, 16, 8, 269, 258, 110, 499, 328, 427, 395, 300, 100, 184, 374, 0]], [[0, 321, 338, 41, 452, 136, 27, 203, 183, 29, 55, 296, 455, 113, 19, 221, 190, 15, 202, 480, 317, 381, 36, 470, 18, 32, 116, 4, 319, 282, 54, 365, 58, 108, 122, 173, 465, 268, 88, 420, 135, 0]], [[0, 216, 363, 59, 208, 104, 313, 57, 301, 279, 206, 428, 187, 193, 272, 311, 456, 90, 233, 209, 435, 12, 129, 222, 267, 182, 69, 382, 2, 397, 97, 105, 378, 484, 0]], [[0, 201, 62, 249, 86, 150, 61, 411, 284, 400, 33, 486, 422, 474, 11, 176, 257, 185, 137, 87, 127, 78, 304, 49, 324, 255, 330, 47, 336, 14, 17, 31, 482, 390, 370, 175, 306, 99, 77, 303, 0]], [[0, 266, 30, 213, 70, 442, 211, 106, 417, 39, 423, 252, 22, 141, 236, 339, 174, 155, 107, 210, 445, 102, 294, 247, 259, 384, 286, 82, 344, 305, 388, 34, 475, 131, 310, 239, 293, 170, 0]], [[0, 119, 354, 154, 234, 230, 439, 212, 83, 349, 433, 462, 68, 329, 281, 368, 65, 79, 101, 278, 274, 67, 332, 401, 443, 25, 63, 5, 145, 399, 207, 410, 466, 478, 476, 460, 391, 377, 497, 333, 71, 263, 0]], [[0, 491, 98, 376, 389, 118, 451, 280, 314, 45, 227, 323, 402, 343, 168, 80, 483, 413, 94, 290, 240, 473, 309, 243, 40, 404, 9, 360, 416, 149, 464, 415, 392, 232, 325, 117, 334, 261, 426, 91, 23, 224, 468, 431, 298, 162, 139, 189, 0]], [[0, 159, 143, 112, 307, 81, 165, 225, 302, 142, 436, 262, 46, 191, 242, 192, 409, 153, 492, 75, 160, 115, 457, 166, 254, 251, 271, 223, 146, 121, 161, 403, 157, 231, 245, 297, 125, 103, 359, 144, 299, 74, 133, 214, 200, 481, 0]]]","[[[0, 186, 283, 152, 0], [0, 219, 386, 0], [0, 469, 0], [0, 38, 340, 85, 0], [0, 21, 197, 0], [0, 312, 414, 0]], [[0, 51, 253, 0], [0, 275, 361, 0], [0, 406, 276, 6, 0], [0, 424, 0], [0, 419, 0], [0, 407, 0], [0, 342, 0]], [[0, 3, 0], [0, 178, 0], [0, 196, 198, 0], [0, 367, 346, 124, 0], [0, 412, 467, 0], [0, 114, 0], [0, 42, 0]], [[0, 126, 235, 0], [0, 494, 246, 0], [0, 248, 0], [0, 347, 357, 0], [0, 446, 0], [0, 156, 331, 0], [0, 485, 459, 0]], [[0, 398, 226, 92, 0], [0, 1, 0], [0, 169, 348, 0], [0, 350, 0], [0, 163, 430, 0], [0, 373, 26, 0], [0, 89, 132, 0]], [[0, 120, 0], [0, 56, 0], [0, 172, 0], [0, 500, 356, 0], [0, 383, 0], [0, 353, 84, 372, 0], [0, 128, 0]], [[0, 327, 345, 0], [0, 28, 0], [0, 285, 0], [0, 44, 0], [0, 96, 0], [0, 396, 0], [0, 277, 0]], [[0, 123, 493, 0], [0, 181, 0], [0, 250, 0], [0, 444, 0], [0, 140, 0], [0, 52, 0], [0, 43, 0], [0, 217, 0], [0, 450, 0]], [[0, 487, 0], [0, 380, 241, 0], [0, 479, 438, 0], [0, 477, 76, 0], [0, 496, 387, 0], [0, 72, 337, 0], [0, 260, 0]], [[0, 256, 218, 0], [0, 50, 418, 0], [0, 147, 244, 111, 0], [0, 289, 177, 472, 0], [0, 167, 0], [0, 449, 0]]]","[3784.4039502334604, 3778.664104244596, 3784.564600062907, 3783.34785398632, 3769.6671356064858, 3777.849213630091, 3756.709369778159, 3744.928695496449, 3779.861567741072, 3779.7352307429323]","[3752.4015025388926, 3756.512060852394, 3780.772259453495, 3707.0441623737815, 3775.8900360755724, 3541.7821211452388, 3692.5010556340094, 3748.2263400289366, 3764.3348175650144, 3723.442560963686]",1400,2.27
500.20.1,500,10,10,endurance,high,high,3600,15.6464,700,31.2928,62.58745121,"[[[0, 340, 105, 97, 397, 2, 382, 69, 182, 222, 129, 301, 279, 428, 206, 187, 193, 272, 311, 456, 90, 233, 209, 12, 435, 267, 66, 447, 220, 134, 277, 285, 420, 135, 199, 0]], [[0, 421, 331, 42, 440, 7, 395, 427, 320, 495, 35, 328, 151, 499, 110, 258, 432, 273, 53, 16, 318, 269, 8, 46, 191, 242, 192, 409, 262, 436, 225, 214, 133, 74, 299, 144, 103, 125, 359, 200, 99, 140, 77, 0]], [[0, 444, 71, 170, 132, 169, 239, 293, 310, 131, 475, 34, 388, 155, 174, 339, 236, 141, 22, 252, 423, 39, 417, 106, 211, 399, 207, 410, 466, 478, 476, 460, 391, 442, 70, 213, 30, 266, 333, 119, 342, 484, 0]], [[0, 248, 159, 143, 112, 307, 81, 165, 302, 142, 492, 153, 75, 160, 115, 457, 166, 254, 251, 271, 223, 146, 121, 161, 403, 157, 245, 370, 390, 482, 31, 14, 336, 474, 422, 486, 33, 400, 284, 411, 61, 150, 86, 249, 406, 62, 201, 0]], [[0, 321, 467, 347, 338, 452, 136, 19, 221, 190, 455, 113, 15, 202, 480, 317, 381, 36, 470, 18, 32, 116, 4, 319, 282, 54, 393, 365, 237, 60, 471, 109, 287, 351, 194, 122, 58, 108, 173, 461, 195, 350, 218, 0]], [[0, 162, 469, 334, 117, 325, 232, 363, 59, 208, 57, 313, 104, 392, 415, 464, 149, 416, 261, 426, 360, 9, 404, 40, 243, 309, 473, 240, 290, 94, 280, 451, 118, 224, 23, 91, 468, 431, 0]], [[0, 1, 37, 98, 376, 389, 314, 45, 227, 323, 402, 168, 343, 413, 483, 80, 204, 366, 93, 362, 488, 138, 315, 371, 394, 335, 463, 180, 13, 65, 368, 291, 462, 171, 433, 434, 228, 0]], [[0, 89, 76, 344, 305, 82, 286, 384, 259, 247, 107, 210, 445, 102, 294, 257, 185, 137, 87, 127, 78, 304, 176, 11, 49, 324, 255, 47, 330, 17, 231, 297, 175, 306, 56, 0]], [[0, 322, 265, 500, 43, 454, 10, 453, 24, 369, 95, 64, 408, 316, 489, 375, 48, 364, 158, 425, 490, 358, 288, 295, 130, 308, 183, 29, 55, 296, 203, 27, 179, 341, 41, 0]], [[0, 238, 3, 26, 441, 405, 498, 73, 326, 292, 352, 458, 264, 205, 164, 215, 355, 385, 148, 448, 79, 101, 278, 274, 67, 332, 401, 145, 5, 63, 25, 443, 329, 281, 68, 349, 83, 212, 439, 230, 234, 154, 354, 217, 0]]]","[[[0, 246, 494, 0], [0, 450, 0], [0, 167, 0], [0, 216, 0], [0, 377, 0], [0, 374, 0], [0, 111, 256, 0]], [[0, 126, 21, 0], [0, 396, 0], [0, 244, 378, 0], [0, 51, 348, 124, 0], [0, 250, 0], [0, 345, 414, 430, 0], [0, 493, 85, 0]], [[0, 337, 0], [0, 300, 0], [0, 163, 0], [0, 120, 276, 0], [0, 373, 226, 0], [0, 260, 380, 0], [0, 181, 0]], [[0, 52, 0], [0, 189, 270, 268, 0], [0, 114, 0], [0, 386, 412, 0], [0, 357, 156, 0], [0, 407, 0], [0, 184, 0]], [[0, 481, 496, 0], [0, 346, 418, 0], [0, 275, 152, 186, 0], [0, 188, 356, 0], [0, 177, 289, 472, 0], [0, 178, 0]], [[0, 424, 0], [0, 367, 253, 0], [0, 383, 372, 0], [0, 437, 72, 429, 0], [0, 44, 0], [0, 92, 0], [0, 172, 0]], [[0, 88, 0], [0, 263, 0], [0, 446, 0], [0, 229, 0], [0, 147, 198, 196, 0], [0, 84, 353, 0], [0, 28, 0], [0, 303, 0]], [[0, 465, 0], [0, 491, 398, 0], [0, 379, 0], [0, 128, 0], [0, 241, 477, 0], [0, 487, 0], [0, 485, 0], [0, 361, 0]], [[0, 419, 0], [0, 96, 0], [0, 139, 283, 38, 0], [0, 387, 438, 20, 0], [0, 197, 219, 0], [0, 298, 459, 0]], [[0, 327, 0], [0, 312, 0], [0, 6, 235, 0], [0, 100, 0], [0, 449, 0], [0, 50, 497, 0], [0, 479, 0], [0, 123, 0]]]","[3732.402795225578, 3752.507572956246, 3746.563964127641, 3752.142668825023, 3746.2899447714376, 3754.9066062632196, 3725.436652781143, 3755.0538844276716, 3754.456275323484, 3755.2470724809737]","[3728.618030935754, 3736.3861117696993, 3630.2729860844856, 3749.504750199229, 3754.367141004286, 3752.8426684233086, 3729.4621839608644, 3743.1767737334753, 3699.720773342285, 3741.0489897814705]",1400,2.27
500.20.1,500,10,10,endurance,high,high,3600,15.6464,700,31.2928,62.63096664,"[[[0, 303, 200, 359, 125, 103, 144, 299, 271, 166, 457, 115, 160, 75, 153, 492, 142, 302, 436, 262, 409, 192, 242, 191, 46, 8, 269, 318, 16, 53, 273, 432, 258, 110, 499, 151, 35, 328, 427, 395, 379, 126, 374, 0]], [[0, 77, 140, 99, 306, 175, 370, 390, 482, 31, 17, 14, 336, 324, 255, 47, 330, 161, 403, 231, 245, 297, 157, 121, 146, 223, 251, 254, 133, 74, 214, 165, 225, 81, 307, 112, 143, 159, 100, 21, 184, 484, 0]], [[0, 446, 76, 477, 344, 286, 247, 259, 384, 155, 236, 339, 174, 107, 210, 445, 102, 294, 257, 185, 137, 87, 127, 78, 304, 49, 11, 176, 474, 422, 486, 33, 400, 284, 411, 61, 150, 86, 249, 62, 201, 0]], [[0, 342, 333, 266, 30, 213, 70, 442, 391, 460, 476, 478, 410, 466, 443, 25, 63, 5, 145, 399, 207, 211, 106, 417, 39, 423, 252, 22, 141, 388, 34, 82, 305, 475, 131, 310, 293, 239, 132, 170, 71, 263, 0]], [[0, 440, 7, 449, 320, 495, 24, 369, 95, 64, 408, 316, 489, 375, 48, 364, 158, 425, 490, 358, 288, 295, 130, 308, 183, 29, 203, 27, 179, 341, 453, 10, 41, 43, 500, 265, 322, 421, 0]], [[0, 105, 97, 397, 2, 382, 69, 182, 267, 435, 12, 222, 129, 428, 206, 187, 193, 272, 311, 456, 209, 233, 90, 287, 109, 351, 194, 66, 447, 220, 134, 0]], [[0, 321, 229, 136, 19, 221, 190, 113, 455, 296, 55, 15, 202, 480, 317, 381, 36, 470, 18, 32, 116, 4, 319, 282, 54, 393, 365, 237, 60, 471, 122, 58, 108, 173, 461, 195, 361, 0]], [[0, 348, 354, 250, 83, 349, 433, 171, 462, 291, 368, 65, 448, 148, 385, 13, 394, 371, 335, 463, 180, 79, 101, 278, 274, 67, 332, 401, 281, 329, 68, 212, 439, 230, 234, 154, 119, 260, 0]], [[0, 238, 226, 228, 434, 498, 264, 205, 164, 215, 355, 138, 315, 488, 362, 93, 366, 204, 80, 483, 413, 94, 290, 240, 473, 309, 404, 243, 40, 9, 360, 261, 334, 469, 162, 298, 431, 468, 396, 407, 327, 0]], [[0, 37, 98, 485, 441, 405, 73, 326, 292, 458, 352, 168, 343, 402, 323, 227, 45, 314, 389, 280, 451, 118, 224, 23, 91, 426, 416, 149, 464, 415, 392, 104, 313, 57, 279, 301, 208, 59, 363, 232, 325, 117, 38, 283, 340, 28, 128, 135, 199, 0]]]","[[[0, 465, 0], [0, 377, 0], [0, 96, 0], [0, 241, 367, 0], [0, 244, 20, 0], [0, 51, 0], [0, 444, 0]], [[0, 338, 0], [0, 373, 380, 0], [0, 114, 0], [0, 386, 0], [0, 429, 84, 437, 0], [0, 219, 481, 0], [0, 467, 331, 0]], [[0, 1, 0], [0, 88, 0], [0, 472, 177, 459, 0], [0, 120, 6, 0], [0, 496, 197, 0], [0, 152, 277, 0], [0, 42, 147, 0]], [[0, 216, 85, 0], [0, 169, 253, 0], [0, 497, 50, 0], [0, 156, 0], [0, 56, 0], [0, 406, 494, 0]], [[0, 218, 111, 0], [0, 256, 198, 0], [0, 188, 412, 0], [0, 163, 418, 0], [0, 72, 353, 3, 0], [0, 414, 346, 124, 0]], [[0, 452, 0], [0, 139, 0], [0, 275, 268, 438, 0], [0, 387, 196, 123, 0], [0, 479, 0], [0, 217, 0], [0, 454, 0]], [[0, 172, 0], [0, 92, 398, 0], [0, 246, 235, 0], [0, 248, 0], [0, 178, 0], [0, 419, 0], [0, 186, 0], [0, 347, 0]], [[0, 420, 0], [0, 376, 0], [0, 26, 345, 0], [0, 44, 0], [0, 356, 0], [0, 285, 0], [0, 430, 312, 0]], [[0, 189, 491, 0], [0, 52, 289, 0], [0, 424, 0], [0, 487, 0], [0, 450, 0], [0, 89, 276, 0], [0, 350, 0]], [[0, 300, 0], [0, 167, 0], [0, 181, 0], [0, 383, 0], [0, 378, 270, 0], [0, 493, 357, 0], [0, 372, 337, 0]]]","[3742.7547169408394, 3745.8397277786034, 3741.2826553709347, 3730.4869906450863, 3757.0745540384205, 3757.8579983994564, 3753.4157435711477, 3757.1942389260284, 3753.4219472678506, 3754.702235877497]","[3594.738242029324, 3740.087367438668, 3606.117103380632, 3715.12369449162, 3690.57435099035, 3587.1086988773895, 3642.885698756821, 3743.5085854752015, 3710.055336532173, 3706.9823373759314]",1400,2.27
500.20.1,500,10,10,endurance,high,high,3600,15.6464,700,31.2928,62.70063008,"[[[0, 491, 98, 178, 177, 289, 389, 118, 451, 280, 314, 45, 227, 323, 402, 343, 168, 292, 458, 352, 204, 80, 483, 413, 94, 290, 240, 473, 309, 243, 40, 404, 9, 360, 416, 464, 415, 392, 149, 261, 426, 91, 23, 224, 468, 431, 298, 162, 181, 0]], [[0, 71, 132, 293, 239, 310, 131, 475, 34, 388, 305, 82, 286, 384, 259, 247, 294, 257, 185, 137, 102, 445, 210, 107, 155, 174, 339, 236, 141, 22, 252, 423, 39, 417, 106, 211, 213, 30, 266, 333, 0]], [[0, 105, 97, 397, 2, 382, 69, 222, 129, 12, 435, 209, 233, 90, 456, 311, 272, 193, 187, 428, 206, 279, 301, 57, 313, 104, 208, 59, 363, 232, 325, 117, 334, 469, 0]], [[0, 446, 170, 344, 249, 86, 150, 61, 411, 284, 400, 33, 486, 422, 474, 176, 11, 49, 304, 87, 127, 78, 324, 255, 330, 47, 336, 14, 17, 31, 482, 390, 370, 175, 306, 56, 235, 0]], [[0, 238, 3, 26, 441, 434, 437, 405, 498, 73, 326, 264, 205, 164, 366, 93, 362, 488, 215, 355, 138, 315, 385, 148, 448, 368, 281, 329, 68, 443, 25, 63, 410, 466, 478, 476, 439, 163, 380, 0]], [[0, 119, 383, 154, 234, 230, 460, 391, 70, 442, 207, 399, 145, 5, 401, 332, 67, 274, 101, 278, 79, 180, 463, 335, 371, 394, 13, 65, 291, 462, 171, 433, 349, 83, 212, 354, 124, 0]], [[0, 322, 265, 43, 453, 24, 308, 130, 490, 425, 158, 364, 48, 375, 489, 316, 408, 64, 432, 273, 53, 318, 16, 242, 191, 46, 8, 269, 258, 110, 499, 395, 379, 0]], [[0, 135, 420, 128, 28, 285, 134, 220, 447, 66, 182, 267, 194, 351, 287, 109, 471, 60, 237, 122, 58, 108, 173, 393, 365, 54, 116, 4, 32, 18, 36, 470, 319, 282, 461, 195, 196, 350, 361, 218, 493, 484, 0]], [[0, 321, 347, 41, 10, 341, 179, 136, 19, 221, 190, 381, 317, 480, 202, 15, 455, 113, 27, 203, 296, 55, 29, 183, 358, 288, 295, 95, 369, 151, 328, 35, 495, 320, 449, 7, 440, 42, 421, 0]], [[0, 77, 99, 140, 200, 359, 144, 299, 103, 125, 297, 245, 231, 157, 403, 161, 121, 146, 251, 223, 271, 74, 214, 133, 254, 166, 457, 115, 160, 75, 492, 153, 409, 192, 262, 436, 302, 142, 225, 165, 81, 307, 112, 143, 300, 159, 248, 0]]]","[[[0, 167, 0], [0, 226, 84, 72, 353, 0], [0, 481, 201, 0], [0, 345, 406, 276, 0], [0, 88, 0], [0, 244, 229, 0]], [[0, 198, 20, 0], [0, 398, 485, 0], [0, 356, 386, 0], [0, 50, 367, 0], [0, 250, 0], [0, 253, 0]], [[0, 419, 0], [0, 477, 76, 0], [0, 303, 0], [0, 378, 429, 0], [0, 452, 0], [0, 427, 0], [0, 438, 479, 0]], [[0, 123, 219, 0], [0, 120, 6, 0], [0, 51, 241, 0], [0, 459, 376, 0], [0, 331, 156, 357, 0], [0, 372, 430, 373, 0]], [[0, 327, 0], [0, 189, 92, 0], [0, 487, 0], [0, 246, 494, 0], [0, 44, 0], [0, 424, 0], [0, 377, 0]], [[0, 338, 147, 0], [0, 184, 0], [0, 387, 340, 152, 283, 0], [0, 197, 496, 0], [0, 100, 0], [0, 172, 0], [0, 62, 0], [0, 1, 0], [0, 217, 0]], [[0, 312, 0], [0, 270, 256, 0], [0, 465, 0], [0, 126, 467, 0], [0, 412, 188, 0], [0, 277, 0], [0, 21, 0]], [[0, 450, 0], [0, 454, 500, 0], [0, 216, 275, 199, 0], [0, 228, 0], [0, 52, 139, 0], [0, 444, 0], [0, 414, 418, 346, 0]], [[0, 37, 0], [0, 260, 497, 0], [0, 374, 0], [0, 111, 268, 0], [0, 337, 0], [0, 89, 169, 0], [0, 348, 0], [0, 342, 0], [0, 263, 0]], [[0, 85, 0], [0, 396, 472, 0], [0, 114, 0], [0, 186, 38, 0], [0, 96, 0], [0, 407, 0]]]","[3762.0378048094144, 3756.320516089597, 3757.1995420323306, 3747.7907263953684, 3754.475001573498, 3760.6928559973, 3759.5871669411185, 3744.7378649940756, 3741.587752156769, 3756.4067201876874]","[3756.1071486186547, 3727.7007695105626, 3742.553711758569, 3708.0354407190366, 3725.7939044285963, 3730.171836751108, 3709.329736936729, 3571.251876878712, 3744.9687356704126, 3482.7403512477413]",1400,2.27
500.20.1,500,10,10,endurance,high,high,3600,15.6464,700,31.2928,63.23115686,"[[[0, 248, 159, 143, 112, 307, 81, 225, 165, 214, 74, 133, 302, 142, 436, 262, 46, 8, 318, 16, 242, 191, 192, 409, 153, 492, 75, 160, 115, 457, 166, 254, 251, 271, 223, 146, 121, 161, 403, 175, 306, 99, 77, 0]], [[0, 322, 265, 440, 7, 449, 320, 495, 35, 24, 179, 341, 136, 19, 221, 190, 455, 113, 27, 203, 296, 29, 183, 55, 15, 202, 480, 317, 381, 36, 470, 18, 32, 116, 4, 319, 461, 195, 0]], [[0, 263, 71, 170, 293, 239, 310, 131, 22, 417, 39, 423, 252, 141, 236, 339, 174, 155, 107, 210, 445, 102, 137, 185, 176, 257, 294, 247, 259, 384, 286, 82, 475, 34, 388, 305, 344, 446, 0]], [[0, 321, 41, 10, 453, 308, 130, 358, 288, 295, 490, 425, 158, 364, 48, 375, 489, 316, 408, 64, 95, 369, 151, 432, 273, 53, 258, 269, 110, 499, 328, 427, 395, 21, 184, 374, 0]], [[0, 494, 249, 86, 150, 61, 411, 284, 400, 33, 486, 422, 474, 11, 49, 304, 87, 127, 78, 324, 255, 330, 47, 336, 14, 17, 31, 482, 390, 370, 297, 245, 231, 157, 125, 103, 299, 144, 359, 200, 0]], [[0, 217, 337, 250, 83, 349, 68, 462, 291, 368, 65, 448, 148, 385, 13, 180, 463, 335, 371, 394, 315, 138, 93, 362, 205, 164, 488, 215, 355, 171, 433, 434, 228, 226, 373, 238, 0]], [[0, 3, 26, 441, 405, 498, 73, 326, 264, 292, 458, 352, 366, 204, 80, 483, 413, 343, 168, 402, 323, 94, 290, 240, 309, 473, 243, 40, 404, 9, 360, 416, 464, 149, 261, 426, 91, 23, 224, 118, 451, 280, 45, 227, 314, 389, 98, 52, 327, 1, 0]], [[0, 354, 154, 346, 234, 230, 439, 212, 443, 329, 281, 79, 101, 278, 274, 67, 332, 401, 25, 63, 5, 145, 399, 207, 410, 466, 478, 476, 460, 391, 70, 442, 211, 106, 213, 333, 119, 342, 0]], [[0, 135, 28, 277, 285, 134, 220, 194, 351, 109, 287, 90, 233, 209, 456, 311, 272, 193, 187, 428, 206, 279, 301, 57, 313, 104, 415, 392, 232, 325, 117, 334, 469, 162, 298, 431, 468, 396, 407, 491, 0]], [[0, 387, 218, 361, 465, 96, 173, 108, 58, 365, 393, 282, 54, 237, 60, 471, 122, 447, 66, 267, 435, 12, 129, 222, 182, 69, 382, 2, 59, 208, 363, 397, 97, 105, 128, 420, 484, 0]]]","[[[0, 126, 197, 481, 0], [0, 76, 477, 0], [0, 169, 253, 0], [0, 380, 124, 414, 0], [0, 496, 467, 0], [0, 181, 0]], [[0, 345, 246, 132, 0], [0, 189, 92, 0], [0, 88, 0], [0, 51, 406, 89, 0], [0, 37, 0], [0, 452, 0], [0, 347, 0]], [[0, 493, 0], [0, 100, 0], [0, 120, 276, 0], [0, 266, 0], [0, 429, 84, 437, 0], [0, 30, 0], [0, 56, 0]], [[0, 350, 0], [0, 438, 196, 20, 0], [0, 419, 0], [0, 377, 0], [0, 331, 0], [0, 450, 0], [0, 114, 0]], [[0, 152, 340, 275, 216, 0], [0, 487, 0], [0, 256, 198, 0], [0, 188, 412, 0], [0, 219, 386, 0], [0, 312, 72, 0]], [[0, 201, 0], [0, 300, 0], [0, 177, 289, 472, 0], [0, 229, 0], [0, 353, 430, 0], [0, 235, 0]], [[0, 383, 372, 0], [0, 378, 398, 421, 0], [0, 147, 111, 268, 0], [0, 241, 367, 0], [0, 459, 376, 0], [0, 85, 283, 38, 0], [0, 172, 0]], [[0, 199, 479, 0], [0, 244, 454, 0], [0, 500, 356, 0], [0, 44, 0], [0, 270, 139, 0], [0, 167, 0], [0, 260, 0]], [[0, 140, 0], [0, 42, 0], [0, 357, 156, 379, 0], [0, 485, 0], [0, 62, 6, 0], [0, 424, 0], [0, 444, 123, 0]], [[0, 303, 0], [0, 338, 0], [0, 186, 0], [0, 348, 0], [0, 418, 163, 0], [0, 43, 0], [0, 50, 497, 0], [0, 178, 0]]]","[3793.247966598069, 3793.8694117580612, 3754.7839328062228, 3785.9346707056, 3783.824230986946, 3793.5716293794208, 3785.40773685618, 3768.520456786918, 3789.2562893129657, 3778.3438027768666]","[3580.889682194988, 3752.4481867075174, 3789.1219599522815, 3777.9118832284835, 3763.4067483356157, 3574.6842350267057, 3783.903587426661, 3791.2747618782832, 3638.1028078412855, 3685.290997634896]",1400,2.27
500.20.2,500,10,10,endurance,high,high,3600,15.6464,700,31.2928,63.56539485,"[[[0, 258, 4, 138, 186, 91, 80, 243, 383, 16, 233, 145, 206, 216, 273, 65, 338, 429, 267, 135, 387, 366, 319, 327, 82, 37, 278, 285, 99, 408, 498, 302, 350, 248, 426, 382, 359, 260, 182, 489, 433, 441, 236, 118, 218, 334, 365, 295, 189, 0]], [[0, 395, 341, 432, 234, 124, 171, 168, 265, 47, 116, 15, 412, 130, 266, 184, 25, 217, 400, 51, 356, 289, 421, 380, 353, 362, 221, 342, 96, 446, 476, 7, 283, 358, 364, 345, 0]], [[0, 231, 360, 275, 62, 69, 414, 458, 313, 453, 481, 440, 198, 361, 126, 24, 75, 6, 475, 174, 119, 253, 38, 14, 269, 172, 67, 413, 250, 185, 348, 140, 139, 137, 442, 422, 162, 492, 488, 0]], [[0, 245, 500, 68, 390, 418, 374, 192, 401, 309, 377, 391, 103, 3, 428, 148, 247, 473, 300, 306, 363, 459, 111, 201, 331, 33, 425, 276, 159, 352, 470, 151, 202, 110, 35, 89, 263, 344, 277, 0]], [[0, 393, 147, 456, 399, 98, 63, 121, 463, 173, 423, 79, 450, 190, 357, 39, 392, 404, 141, 307, 163, 2, 279, 136, 474, 131, 251, 73, 431, 466, 74, 100, 20, 255, 41, 27, 499, 157, 76, 61, 0]], [[0, 224, 94, 60, 36, 280, 132, 5, 238, 26, 134, 164, 347, 415, 490, 435, 214, 292, 71, 367, 166, 482, 109, 84, 457, 497, 378, 469, 58, 493, 394, 406, 320, 405, 158, 257, 434, 0]], [[0, 343, 330, 290, 30, 373, 129, 117, 389, 464, 427, 125, 176, 156, 449, 194, 112, 445, 462, 293, 87, 438, 443, 388, 222, 95, 303, 29, 200, 215, 83, 420, 48, 127, 0]], [[0, 122, 106, 355, 416, 371, 180, 1, 232, 149, 436, 191, 337, 407, 105, 170, 282, 43, 332, 305, 461, 494, 101, 262, 242, 239, 386, 249, 10, 42, 287, 484, 439, 323, 376, 448, 244, 128, 419, 59, 291, 301, 0]], [[0, 81, 384, 8, 86, 437, 52, 452, 133, 228, 49, 322, 321, 161, 396, 175, 167, 78, 402, 430, 335, 324, 379, 368, 495, 142, 113, 241, 354, 326, 272, 115, 146, 223, 209, 120, 246, 21, 286, 45, 235, 160, 268, 0]], [[0, 349, 219, 92, 486, 479, 477, 44, 372, 179, 13, 451, 204, 22, 311, 11, 237, 56, 205, 310, 40, 318, 465, 31, 178, 17, 294, 454, 254, 328, 483, 410, 53, 203, 351, 70, 478, 193, 0]]]","[[[0, 261, 0], [0, 329, 468, 0], [0, 55, 0], [0, 187, 196, 333, 0], [0, 370, 444, 0], [0, 240, 375, 0], [0, 315, 19, 0]], [[0, 314, 197, 0], [0, 169, 381, 0], [0, 346, 385, 369, 0], [0, 271, 0], [0, 50, 0], [0, 54, 0], [0, 411, 487, 0]], [[0, 66, 0], [0, 270, 0], [0, 467, 85, 225, 0], [0, 229, 0], [0, 154, 296, 0], [0, 284, 397, 213, 0], [0, 211, 0]], [[0, 188, 0], [0, 212, 0], [0, 32, 183, 0], [0, 304, 199, 0], [0, 18, 46, 0], [0, 447, 0], [0, 230, 0]], [[0, 155, 0], [0, 104, 152, 339, 0], [0, 12, 281, 0], [0, 181, 208, 0], [0, 297, 0], [0, 317, 0], [0, 88, 0]], [[0, 90, 0], [0, 472, 72, 0], [0, 220, 107, 97, 0], [0, 288, 64, 0], [0, 9, 0], [0, 114, 0], [0, 226, 0]], [[0, 165, 195, 0], [0, 299, 316, 0], [0, 108, 0], [0, 264, 398, 0], [0, 102, 485, 123, 0], [0, 259, 0], [0, 460, 0]], [[0, 150, 144, 256, 153, 0], [0, 77, 0], [0, 312, 0], [0, 34, 424, 0], [0, 210, 417, 0], [0, 325, 0], [0, 409, 0]], [[0, 252, 143, 0], [0, 28, 0], [0, 298, 0], [0, 177, 0], [0, 336, 0], [0, 340, 93, 308, 0], [0, 227, 0]], [[0, 491, 0], [0, 480, 0], [0, 455, 0], [0, 496, 0], [0, 403, 23, 0], [0, 471, 57, 0], [0, 207, 0], [0, 274, 0]]]","[3806.6686158079306, 3809.8227965813035, 3812.3190250826465, 3800.568063636187, 3810.9135311275422, 3754.4502303424524, 3813.923691055355, 3803.8222753079262, 3798.193954693922, 3793.2620096328615]","[3745.2784538821866, 3738.5320870426794, 3809.902374404213, 3597.567021366243, 3731.4965470004076, 3785.2730484530284, 3662.3677530093096, 3556.0217709618382, 3736.642303431287, 3781.873221078779]",1400,2.27
500.20.2,500,10,10,endurance,high,high,3600,15.6464,700,31.2928,63.31980247,"[[[0, 4, 334, 138, 186, 91, 80, 485, 16, 233, 145, 206, 273, 65, 338, 429, 267, 135, 387, 319, 366, 327, 82, 37, 278, 285, 99, 408, 498, 302, 350, 248, 426, 359, 382, 53, 411, 64, 203, 351, 491, 336, 0]], [[0, 8, 437, 52, 452, 49, 228, 133, 115, 495, 368, 379, 324, 335, 430, 402, 78, 167, 175, 394, 58, 469, 493, 406, 320, 405, 158, 396, 161, 321, 257, 434, 88, 55, 0]], [[0, 349, 301, 486, 448, 376, 323, 439, 204, 244, 128, 59, 419, 451, 13, 40, 310, 205, 56, 237, 11, 311, 22, 473, 300, 247, 148, 309, 287, 42, 461, 101, 262, 494, 305, 332, 54, 344, 393, 0]], [[0, 81, 18, 209, 223, 146, 272, 326, 142, 113, 241, 354, 389, 83, 200, 215, 168, 171, 124, 116, 15, 356, 289, 421, 380, 51, 400, 217, 25, 184, 266, 130, 412, 395, 181, 268, 0]], [[0, 274, 162, 422, 481, 453, 313, 440, 198, 361, 126, 24, 75, 6, 475, 174, 119, 253, 38, 14, 269, 172, 67, 413, 250, 185, 348, 140, 137, 139, 446, 96, 362, 353, 221, 342, 476, 442, 7, 358, 364, 345, 0]], [[0, 106, 355, 416, 371, 180, 1, 191, 407, 105, 337, 436, 149, 232, 173, 423, 79, 450, 190, 357, 39, 392, 404, 141, 307, 20, 100, 163, 431, 73, 466, 74, 27, 41, 255, 463, 121, 499, 157, 77, 76, 97, 61, 0]], [[0, 270, 312, 325, 132, 347, 490, 415, 378, 497, 457, 84, 109, 435, 482, 166, 367, 71, 292, 214, 131, 474, 136, 279, 2, 251, 164, 134, 26, 5, 238, 36, 60, 94, 315, 224, 0]], [[0, 45, 226, 32, 343, 48, 246, 120, 330, 290, 30, 373, 129, 117, 464, 427, 125, 176, 156, 95, 303, 29, 222, 449, 194, 112, 445, 462, 293, 87, 438, 388, 443, 47, 265, 234, 432, 341, 0]], [[0, 193, 291, 479, 477, 44, 179, 372, 318, 465, 31, 178, 17, 294, 454, 254, 328, 483, 410, 236, 441, 433, 28, 260, 489, 182, 216, 243, 383, 62, 69, 414, 458, 154, 492, 207, 488, 360, 231, 189, 0]], [[0, 147, 277, 263, 89, 35, 110, 202, 43, 282, 170, 151, 470, 239, 242, 386, 10, 249, 352, 159, 276, 425, 33, 331, 201, 459, 111, 363, 306, 3, 428, 103, 391, 377, 401, 192, 484, 374, 418, 390, 68, 500, 245, 90, 0]]]","[[[0, 104, 424, 0], [0, 284, 57, 397, 0], [0, 123, 275, 0], [0, 297, 0], [0, 230, 0], [0, 197, 369, 0]], [[0, 403, 385, 0], [0, 322, 0], [0, 288, 365, 0], [0, 93, 340, 308, 0], [0, 187, 195, 0], [0, 107, 444, 0], [0, 271, 0]], [[0, 152, 316, 0], [0, 229, 0], [0, 496, 218, 0], [0, 66, 208, 0], [0, 370, 98, 0], [0, 70, 417, 0], [0, 317, 471, 0]], [[0, 160, 0], [0, 188, 0], [0, 183, 199, 0], [0, 280, 153, 0], [0, 235, 0], [0, 240, 259, 333, 0], [0, 329, 19, 256, 0], [0, 460, 0]], [[0, 468, 0], [0, 467, 299, 0], [0, 384, 0], [0, 102, 295, 0], [0, 127, 0], [0, 63, 0], [0, 258, 487, 0], [0, 456, 0], [0, 213, 0]], [[0, 212, 155, 0], [0, 114, 0], [0, 420, 252, 21, 0], [0, 12, 0], [0, 455, 398, 0], [0, 72, 304, 0]], [[0, 261, 314, 0], [0, 264, 0], [0, 375, 196, 0], [0, 46, 0], [0, 225, 85, 210, 0], [0, 92, 0], [0, 409, 0]], [[0, 399, 150, 0], [0, 86, 34, 0], [0, 381, 165, 0], [0, 286, 0], [0, 122, 0], [0, 143, 472, 0]], [[0, 144, 447, 0], [0, 478, 0], [0, 480, 219, 339, 0], [0, 296, 298, 0], [0, 177, 0], [0, 108, 0], [0, 23, 0], [0, 169, 0]], [[0, 211, 220, 281, 0], [0, 9, 0], [0, 227, 0], [0, 50, 346, 0], [0, 283, 0], [0, 118, 0]]]","[3798.46918823519, 3790.939549321065, 3796.190275079535, 3791.6719094637274, 3791.7982054839363, 3796.777959432249, 3798.9898051788136, 3799.188148005876, 3768.4772260175064, 3797.002672626509]","[3763.945757971823, 3747.813992607033, 3785.3178201107175, 3765.7259472441106, 3788.4997501047, 3575.6328469650425, 3644.424404516438, 3275.1585497296646, 3779.0350513819412, 3728.853487253562]",1400,2.27
500.20.2,500,10,10,endurance,high,high,3600,15.6464,700,31.2928,65.67753307,"[[[0, 486, 291, 479, 477, 44, 372, 179, 13, 451, 59, 419, 128, 244, 204, 439, 323, 376, 448, 500, 399, 144, 157, 77, 132, 405, 280, 36, 94, 224, 61, 0]], [[0, 434, 257, 158, 175, 167, 320, 406, 394, 493, 58, 469, 457, 497, 378, 84, 415, 490, 109, 435, 482, 166, 367, 71, 292, 214, 131, 474, 136, 279, 2, 100, 255, 41, 27, 499, 150, 0]], [[0, 456, 122, 220, 355, 416, 371, 180, 1, 149, 436, 191, 407, 105, 337, 450, 190, 357, 39, 392, 404, 141, 307, 163, 431, 466, 73, 251, 164, 347, 134, 26, 5, 238, 74, 20, 423, 79, 173, 232, 463, 121, 264, 468, 76, 0]], [[0, 8, 321, 161, 396, 78, 402, 430, 335, 324, 379, 368, 495, 142, 113, 241, 354, 464, 125, 427, 389, 117, 129, 326, 272, 115, 146, 223, 209, 133, 228, 49, 452, 86, 81, 55, 0]], [[0, 343, 246, 120, 330, 290, 373, 30, 83, 215, 200, 176, 156, 95, 303, 29, 222, 449, 194, 112, 445, 462, 293, 87, 438, 388, 443, 47, 265, 168, 171, 124, 234, 395, 268, 0]], [[0, 147, 277, 344, 332, 101, 262, 242, 43, 202, 110, 35, 89, 263, 282, 170, 151, 470, 239, 386, 10, 249, 352, 159, 276, 425, 33, 331, 201, 111, 459, 363, 306, 3, 428, 103, 391, 377, 287, 42, 461, 494, 305, 9, 393, 0]], [[0, 345, 231, 360, 275, 145, 206, 273, 65, 338, 429, 267, 135, 387, 366, 319, 327, 82, 37, 278, 285, 99, 408, 498, 302, 350, 248, 426, 382, 359, 260, 489, 182, 216, 485, 80, 91, 186, 138, 4, 334, 288, 295, 0]], [[0, 364, 358, 283, 7, 476, 442, 137, 140, 185, 67, 172, 413, 250, 348, 139, 446, 96, 342, 221, 362, 353, 380, 421, 289, 356, 51, 400, 217, 25, 184, 266, 130, 15, 116, 412, 432, 50, 48, 127, 108, 45, 235, 0]], [[0, 245, 68, 390, 418, 374, 484, 192, 401, 309, 148, 247, 300, 473, 22, 311, 11, 237, 56, 310, 40, 205, 318, 465, 31, 178, 17, 294, 454, 254, 328, 483, 410, 53, 0]], [[0, 488, 492, 162, 422, 481, 453, 313, 440, 198, 361, 126, 6, 75, 24, 269, 14, 38, 253, 119, 174, 475, 414, 69, 458, 62, 383, 16, 233, 243, 28, 433, 441, 236, 411, 64, 203, 351, 417, 70, 225, 301, 480, 193, 152, 189, 0]]]","[[[0, 252, 0], [0, 329, 98, 0], [0, 23, 403, 0], [0, 369, 261, 0], [0, 34, 0], [0, 424, 155, 0], [0, 169, 271, 0], [0, 286, 0]], [[0, 165, 123, 0], [0, 487, 0], [0, 447, 315, 0], [0, 316, 308, 97, 0], [0, 471, 299, 455, 0], [0, 297, 0], [0, 177, 102, 0], [0, 88, 0]], [[0, 336, 0], [0, 478, 365, 0], [0, 63, 398, 0], [0, 66, 420, 0], [0, 85, 210, 104, 0], [0, 304, 199, 0], [0, 160, 0], [0, 384, 0]], [[0, 72, 314, 0], [0, 18, 197, 0], [0, 467, 397, 339, 0], [0, 375, 0], [0, 218, 118, 0], [0, 195, 0], [0, 460, 0]], [[0, 213, 0], [0, 496, 212, 0], [0, 114, 0], [0, 153, 370, 0], [0, 187, 196, 0], [0, 381, 346, 0], [0, 52, 0]], [[0, 298, 0], [0, 90, 0], [0, 54, 0], [0, 93, 340, 0], [0, 211, 317, 0], [0, 21, 385, 0], [0, 208, 0]], [[0, 230, 0], [0, 229, 0], [0, 188, 0], [0, 312, 0], [0, 227, 0], [0, 106, 0], [0, 341, 0]], [[0, 181, 0], [0, 46, 0], [0, 259, 274, 0], [0, 12, 0], [0, 226, 0], [0, 60, 0], [0, 296, 333, 0], [0, 256, 19, 0]], [[0, 491, 0], [0, 409, 0], [0, 219, 349, 0], [0, 284, 57, 0], [0, 258, 0], [0, 207, 0], [0, 325, 183, 0], [0, 444, 0], [0, 92, 0]], [[0, 107, 281, 0], [0, 437, 0], [0, 270, 0], [0, 143, 472, 0], [0, 154, 240, 0], [0, 32, 0], [0, 322, 0]]]","[3936.978858608543, 3940.470639738869, 3924.1518501850856, 3940.0865169526633, 3936.764206145265, 3940.651984288404, 3940.2998704602264, 3935.2424065772807, 3915.053408044978, 3930.0595808234652]","[3928.701367712103, 3850.9698469805503, 3820.1302781584964, 3939.796390335478, 3857.9142352290937, 3917.8506563398782, 3797.539518359845, 3919.2883171692893, 3926.3910465054882, 3841.0943494690355]",1400,2.27
500.20.2,500,10,10,endurance,high,high,3600,15.6464,700,31.2928,63.20920541,"[[[0, 270, 132, 405, 320, 406, 394, 493, 58, 469, 415, 490, 435, 214, 292, 71, 367, 166, 482, 109, 84, 378, 497, 457, 402, 430, 78, 396, 167, 175, 158, 257, 261, 434, 88, 0]], [[0, 45, 226, 48, 234, 124, 265, 171, 168, 215, 200, 83, 354, 241, 113, 142, 326, 272, 115, 495, 368, 379, 324, 335, 161, 321, 322, 49, 228, 133, 146, 223, 209, 197, 452, 52, 437, 86, 8, 81, 160, 0]], [[0, 188, 351, 203, 411, 64, 53, 236, 441, 433, 28, 62, 458, 69, 414, 475, 174, 119, 253, 38, 14, 269, 24, 75, 6, 126, 361, 198, 440, 313, 453, 481, 422, 162, 492, 207, 488, 360, 231, 0]], [[0, 193, 480, 301, 92, 486, 448, 376, 323, 439, 484, 192, 401, 309, 148, 247, 473, 300, 306, 363, 459, 111, 201, 331, 33, 425, 276, 159, 352, 103, 3, 428, 391, 377, 287, 374, 418, 390, 9, 344, 277, 147, 0]], [[0, 295, 288, 365, 4, 138, 80, 16, 145, 206, 273, 65, 338, 429, 267, 135, 387, 366, 319, 327, 82, 37, 278, 285, 99, 408, 498, 302, 350, 248, 426, 382, 359, 260, 182, 489, 216, 233, 243, 383, 91, 186, 334, 496, 0]], [[0, 271, 460, 395, 412, 130, 15, 184, 266, 25, 217, 400, 51, 356, 289, 421, 380, 353, 362, 221, 342, 96, 446, 139, 348, 250, 67, 172, 413, 185, 140, 137, 442, 476, 7, 283, 358, 364, 345, 189, 0]], [[0, 224, 315, 94, 36, 77, 238, 5, 26, 134, 251, 164, 347, 131, 474, 136, 279, 2, 163, 431, 73, 466, 74, 100, 20, 307, 141, 404, 357, 392, 39, 190, 450, 79, 423, 463, 121, 468, 444, 281, 0]], [[0, 393, 456, 122, 355, 416, 371, 263, 89, 35, 110, 202, 43, 332, 305, 494, 461, 42, 101, 262, 242, 239, 386, 10, 249, 470, 151, 170, 282, 105, 407, 337, 191, 436, 149, 180, 1, 232, 173, 255, 41, 27, 256, 499, 157, 76, 97, 0]], [[0, 343, 246, 120, 330, 290, 30, 373, 129, 117, 389, 464, 427, 125, 176, 156, 303, 95, 29, 222, 449, 194, 112, 445, 462, 293, 87, 438, 388, 443, 47, 116, 432, 341, 268, 0]], [[0, 291, 479, 477, 44, 372, 179, 13, 451, 59, 419, 128, 244, 204, 22, 311, 11, 237, 56, 205, 310, 40, 318, 465, 31, 178, 17, 294, 454, 254, 328, 483, 410, 0]]]","[[[0, 218, 0], [0, 55, 346, 208, 0], [0, 297, 0], [0, 487, 68, 0], [0, 144, 211, 19, 0], [0, 500, 471, 0]], [[0, 61, 369, 0], [0, 420, 252, 143, 0], [0, 491, 0], [0, 107, 370, 398, 308, 0], [0, 219, 284, 57, 0], [0, 274, 0], [0, 70, 258, 0]], [[0, 152, 299, 0], [0, 317, 153, 0], [0, 227, 0], [0, 32, 0], [0, 118, 104, 0], [0, 108, 0], [0, 195, 169, 0], [0, 187, 0]], [[0, 467, 0], [0, 384, 0], [0, 333, 403, 385, 0], [0, 280, 0], [0, 23, 0], [0, 230, 0], [0, 336, 0]], [[0, 102, 114, 225, 0], [0, 304, 229, 0], [0, 235, 0], [0, 424, 0], [0, 181, 0], [0, 21, 127, 0], [0, 196, 375, 0], [0, 478, 0]], [[0, 34, 18, 0], [0, 447, 220, 0], [0, 66, 0], [0, 177, 0], [0, 213, 85, 210, 0], [0, 397, 316, 0], [0, 63, 0]], [[0, 381, 259, 0], [0, 54, 0], [0, 154, 0], [0, 46, 0], [0, 93, 455, 0], [0, 183, 325, 0]], [[0, 264, 150, 0], [0, 340, 339, 0], [0, 399, 0], [0, 98, 0], [0, 212, 275, 165, 0], [0, 50, 0], [0, 349, 0]], [[0, 417, 0], [0, 72, 472, 0], [0, 314, 199, 0], [0, 485, 123, 0], [0, 90, 0], [0, 312, 0], [0, 409, 0]], [[0, 60, 329, 0], [0, 286, 0], [0, 296, 298, 0], [0, 245, 0], [0, 12, 0], [0, 106, 0], [0, 155, 240, 0]]]","[3791.2486947905413, 3786.6161465461178, 3778.345378765907, 3789.5228893213502, 3745.3488147010485, 3774.965784585365, 3739.295539694881, 3791.7746700040852, 3762.3607779545805, 3792.552324469044]","[3710.0216798039164, 3712.1403486081135, 3779.3530660404276, 3664.419851062362, 3522.806101686934, 3731.903632954002, 3347.6377070643484, 3612.468720619984, 3517.843470801176, 3768.1850174375018]",1400,2.27
500.20.2,500,10,10,endurance,high,high,3600,15.6464,700,31.2928,63.08873711,"[[[0, 188, 351, 203, 64, 411, 53, 410, 483, 328, 254, 454, 294, 17, 178, 31, 465, 318, 40, 310, 205, 56, 237, 11, 311, 22, 451, 13, 419, 59, 179, 372, 44, 477, 479, 291, 152, 0]], [[0, 444, 63, 121, 463, 27, 41, 255, 423, 79, 173, 149, 436, 191, 337, 407, 105, 470, 151, 170, 282, 263, 89, 35, 110, 202, 43, 242, 239, 386, 352, 249, 10, 42, 461, 262, 101, 494, 305, 332, 54, 344, 277, 147, 393, 0]], [[0, 334, 118, 236, 441, 433, 489, 182, 260, 359, 382, 426, 248, 350, 302, 498, 408, 99, 285, 278, 37, 82, 327, 319, 366, 387, 135, 267, 429, 338, 65, 273, 216, 206, 145, 233, 16, 243, 383, 91, 186, 4, 0]], [[0, 224, 315, 94, 36, 280, 132, 405, 320, 406, 394, 493, 58, 469, 415, 490, 435, 214, 292, 136, 71, 367, 166, 482, 109, 84, 378, 497, 457, 402, 167, 175, 158, 257, 434, 88, 0]], [[0, 235, 45, 226, 108, 50, 432, 234, 124, 47, 443, 388, 222, 29, 303, 95, 156, 449, 445, 194, 112, 462, 438, 87, 293, 289, 356, 51, 400, 25, 184, 266, 130, 412, 395, 460, 268, 0]], [[0, 245, 448, 376, 323, 390, 418, 374, 287, 377, 391, 428, 3, 103, 159, 276, 425, 33, 331, 459, 111, 201, 363, 306, 300, 473, 247, 148, 309, 401, 192, 484, 439, 204, 244, 128, 486, 301, 193, 189, 0]], [[0, 456, 399, 355, 416, 371, 180, 1, 232, 450, 190, 39, 392, 357, 404, 141, 307, 20, 163, 100, 74, 466, 73, 431, 2, 279, 474, 131, 347, 164, 251, 134, 26, 5, 238, 499, 157, 76, 0]], [[0, 384, 8, 472, 321, 161, 396, 78, 430, 335, 324, 379, 368, 495, 142, 113, 241, 354, 464, 427, 125, 176, 389, 117, 129, 326, 272, 115, 146, 133, 228, 49, 452, 52, 86, 81, 160, 0]], [[0, 409, 333, 381, 274, 162, 422, 453, 313, 481, 185, 348, 250, 413, 67, 172, 198, 440, 361, 126, 6, 75, 24, 269, 14, 38, 253, 119, 174, 475, 414, 69, 458, 62, 275, 195, 240, 492, 488, 360, 231, 496, 0]], [[0, 343, 127, 48, 246, 120, 209, 223, 330, 290, 373, 30, 83, 200, 215, 168, 171, 265, 116, 15, 217, 380, 421, 362, 353, 221, 342, 96, 446, 139, 137, 140, 442, 476, 7, 283, 358, 364, 345, 0]]]","[[[0, 187, 154, 0], [0, 225, 85, 480, 0], [0, 97, 329, 153, 0], [0, 123, 165, 0], [0, 491, 0], [0, 322, 0], [0, 478, 0]], [[0, 314, 346, 143, 0], [0, 487, 365, 28, 0], [0, 219, 397, 57, 284, 0], [0, 155, 196, 0], [0, 297, 0], [0, 66, 0], [0, 271, 0]], [[0, 471, 68, 0], [0, 72, 183, 0], [0, 23, 0], [0, 259, 207, 0], [0, 281, 256, 144, 0], [0, 230, 0]], [[0, 61, 0], [0, 199, 304, 0], [0, 34, 341, 0], [0, 261, 0], [0, 197, 0], [0, 325, 0], [0, 106, 0]], [[0, 55, 424, 0], [0, 403, 0], [0, 212, 296, 485, 0], [0, 308, 0], [0, 417, 339, 0], [0, 317, 340, 0], [0, 288, 104, 0]], [[0, 21, 46, 0], [0, 77, 0], [0, 229, 0], [0, 264, 211, 0], [0, 220, 107, 398, 0], [0, 270, 150, 0], [0, 468, 0]], [[0, 92, 0], [0, 312, 0], [0, 122, 0], [0, 60, 0], [0, 98, 370, 0], [0, 298, 0], [0, 349, 0], [0, 295, 0]], [[0, 90, 0], [0, 227, 0], [0, 12, 0], [0, 93, 455, 0], [0, 208, 0], [0, 18, 252, 420, 0], [0, 177, 0]], [[0, 70, 114, 0], [0, 336, 0], [0, 375, 385, 0], [0, 9, 0], [0, 258, 0], [0, 32, 0], [0, 500, 299, 0], [0, 181, 369, 0]], [[0, 316, 467, 0], [0, 437, 0], [0, 286, 0], [0, 138, 169, 0], [0, 210, 213, 0], [0, 218, 80, 102, 0], [0, 447, 19, 0]]]","[3784.7258953670607, 3781.835329678542, 3785.324226339426, 3767.7668652140815, 3779.2616080133275, 3784.356877300743, 3779.0293010733444, 3783.04762162802, 3785.163381281542, 3767.181887523073]","[3699.735757513974, 3703.9548079792726, 3746.761537951189, 3685.5095051184176, 3770.9332049916447, 3767.443530392987, 3776.19113312592, 3782.143725600439, 3689.1061878914657, 3758.787023868077]",1400,2.27
500.20.3,500,10,10,endurance,high,high,3600,15.6464,700,31.2928,67.26968008,"[[[0, 406, 115, 465, 296, 333, 68, 118, 180, 237, 431, 70, 201, 452, 385, 28, 114, 477, 373, 259, 494, 442, 235, 286, 312, 200, 485, 468, 445, 386, 93, 440, 323, 95, 399, 436, 459, 199, 139, 67, 189, 309, 178, 0]], [[0, 354, 476, 395, 229, 426, 389, 285, 342, 430, 46, 110, 388, 169, 390, 277, 420, 261, 213, 265, 91, 449, 357, 308, 18, 155, 334, 48, 270, 58, 250, 413, 435, 297, 439, 202, 104, 59, 83, 393, 92, 0]], [[0, 165, 132, 145, 283, 489, 197, 441, 341, 64, 131, 249, 419, 205, 85, 362, 203, 346, 5, 60, 471, 269, 415, 217, 290, 116, 257, 300, 324, 271, 299, 266, 302, 0]], [[0, 226, 453, 76, 175, 88, 77, 127, 429, 478, 51, 301, 42, 396, 152, 149, 317, 80, 15, 105, 150, 351, 306, 428, 310, 153, 49, 311, 347, 73, 126, 315, 163, 37, 109, 491, 451, 457, 45, 216, 43, 123, 251, 0]], [[0, 335, 253, 10, 325, 222, 319, 54, 34, 262, 499, 423, 41, 19, 108, 400, 106, 156, 233, 412, 337, 444, 166, 256, 360, 475, 227, 21, 130, 230, 282, 467, 248, 74, 223, 243, 326, 392, 0]], [[0, 16, 147, 409, 255, 322, 404, 8, 263, 410, 398, 33, 454, 191, 117, 160, 466, 7, 425, 364, 433, 274, 380, 352, 484, 221, 61, 62, 438, 339, 122, 167, 144, 287, 343, 196, 158, 0]], [[0, 382, 188, 164, 332, 112, 225, 187, 94, 52, 113, 288, 209, 82, 245, 355, 215, 305, 254, 86, 133, 289, 264, 181, 365, 154, 162, 327, 173, 258, 2, 480, 397, 384, 17, 414, 25, 486, 0]], [[0, 434, 63, 455, 381, 96, 184, 421, 273, 20, 391, 488, 204, 220, 87, 98, 99, 44, 328, 487, 119, 141, 97, 39, 224, 495, 231, 293, 376, 493, 443, 294, 401, 492, 161, 483, 313, 379, 470, 303, 232, 437, 148, 418, 353, 458, 192, 101, 0]], [[0, 29, 212, 242, 57, 174, 100, 369, 314, 142, 129, 378, 321, 422, 340, 359, 159, 363, 498, 89, 170, 298, 247, 260, 134, 372, 194, 53, 12, 367, 238, 284, 407, 214, 268, 374, 0]], [[0, 72, 124, 31, 75, 336, 320, 211, 210, 207, 172, 267, 219, 27, 36, 295, 329, 168, 366, 246, 331, 177, 469, 146, 22, 234, 11, 345, 481, 417, 206, 275, 218, 6, 496, 497, 90, 4, 292, 240, 473, 0]]]","[[[0, 81, 500, 0], [0, 136, 0], [0, 416, 375, 0], [0, 356, 281, 0], [0, 450, 0], [0, 318, 474, 0], [0, 490, 0]], [[0, 252, 40, 0], [0, 432, 0], [0, 472, 186, 0], [0, 456, 102, 0], [0, 228, 387, 0], [0, 348, 464, 0], [0, 239, 120, 0], [0, 66, 0]], [[0, 276, 0], [0, 23, 0], [0, 383, 30, 236, 0], [0, 193, 0], [0, 71, 424, 0], [0, 427, 79, 0], [0, 55, 135, 0], [0, 121, 0]], [[0, 35, 0], [0, 403, 140, 0], [0, 279, 0], [0, 38, 482, 0], [0, 447, 0], [0, 185, 84, 0], [0, 190, 0]], [[0, 56, 0], [0, 125, 176, 0], [0, 370, 278, 0], [0, 103, 0], [0, 138, 377, 0], [0, 14, 0], [0, 272, 0], [0, 32, 0], [0, 183, 0]], [[0, 358, 405, 0], [0, 107, 0], [0, 24, 0], [0, 47, 0], [0, 280, 0], [0, 128, 0], [0, 182, 446, 0], [0, 171, 0]], [[0, 241, 0], [0, 198, 0], [0, 291, 0], [0, 349, 0], [0, 179, 0], [0, 338, 195, 0], [0, 65, 0], [0, 304, 0]], [[0, 78, 461, 0], [0, 371, 0], [0, 408, 0], [0, 157, 0], [0, 143, 69, 111, 0], [0, 316, 0], [0, 330, 0], [0, 368, 0]], [[0, 137, 0], [0, 13, 26, 0], [0, 350, 50, 0], [0, 307, 0], [0, 361, 394, 0], [0, 208, 0], [0, 344, 0], [0, 3, 0]], [[0, 411, 9, 0], [0, 151, 0], [0, 402, 463, 0], [0, 244, 1, 0], [0, 460, 0], [0, 462, 448, 0], [0, 479, 0]]]","[4036.180804605182, 4034.808840910274, 4030.9253792011527, 4032.4544531438773, 4032.6908287779956, 4030.9673160490665, 4034.0405484601956, 3963.8157639468554, 4034.0181428510473, 3994.9320072235855]","[4011.617082593096, 3915.78638866854, 3955.490064443159, 3933.59390169114, 3884.7956686230336, 3808.9620087056937, 4010.7702219194653, 3952.7181784345025, 3930.641481929627, 3935.267858306627]",1400,2.27
500.20.3,500,10,10,endurance,high,high,3600,15.6464,700,31.2928,67.42949199,"[[[0, 90, 497, 496, 6, 417, 481, 345, 11, 234, 22, 146, 469, 177, 331, 246, 366, 168, 329, 313, 483, 379, 470, 391, 20, 455, 273, 421, 184, 96, 381, 63, 303, 232, 437, 148, 102, 124, 72, 192, 101, 78, 251, 0]], [[0, 330, 75, 336, 320, 211, 210, 207, 172, 267, 219, 27, 36, 295, 161, 492, 401, 294, 443, 493, 376, 293, 231, 495, 224, 39, 97, 141, 488, 220, 87, 204, 119, 487, 328, 44, 126, 315, 163, 99, 98, 37, 109, 43, 0]], [[0, 215, 305, 175, 88, 77, 282, 230, 130, 301, 42, 396, 152, 51, 478, 429, 127, 254, 86, 133, 149, 317, 15, 80, 105, 351, 150, 306, 310, 428, 347, 73, 311, 327, 173, 258, 2, 480, 349, 490, 356, 123, 0]], [[0, 447, 263, 410, 398, 33, 454, 191, 117, 160, 466, 7, 425, 364, 433, 274, 380, 352, 484, 277, 390, 169, 388, 110, 342, 430, 46, 404, 8, 322, 255, 409, 304, 416, 276, 0]], [[0, 453, 76, 151, 326, 243, 223, 74, 248, 467, 227, 475, 360, 21, 256, 166, 444, 337, 412, 233, 156, 106, 400, 108, 19, 41, 423, 499, 262, 34, 54, 319, 222, 325, 10, 253, 300, 324, 271, 299, 266, 302, 186, 486, 0]], [[0, 408, 32, 257, 116, 290, 217, 415, 269, 471, 60, 5, 346, 203, 362, 85, 205, 419, 249, 131, 64, 441, 197, 489, 283, 341, 145, 132, 296, 115, 406, 185, 0]], [[0, 16, 147, 285, 229, 426, 389, 261, 420, 213, 265, 221, 61, 62, 438, 339, 122, 308, 357, 449, 91, 18, 155, 334, 48, 270, 58, 250, 413, 206, 275, 218, 202, 439, 435, 297, 104, 59, 83, 393, 92, 240, 0]], [[0, 245, 355, 414, 17, 384, 397, 289, 264, 181, 154, 365, 162, 153, 49, 491, 451, 457, 45, 216, 47, 434, 458, 4, 343, 183, 287, 167, 144, 395, 476, 473, 0]], [[0, 189, 67, 139, 314, 369, 100, 174, 57, 323, 440, 93, 386, 445, 286, 235, 442, 494, 259, 373, 114, 477, 28, 385, 452, 201, 70, 431, 237, 180, 118, 68, 333, 212, 242, 95, 399, 29, 436, 459, 199, 52, 309, 209, 178, 111, 0]], [[0, 407, 284, 238, 367, 12, 372, 194, 53, 359, 340, 200, 312, 468, 485, 422, 321, 378, 129, 159, 363, 498, 247, 260, 134, 170, 89, 142, 298, 112, 332, 164, 225, 187, 188, 214, 268, 482, 0]]]","[[[0, 66, 0], [0, 335, 350, 0], [0, 190, 0], [0, 291, 0], [0, 370, 405, 0], [0, 9, 121, 0], [0, 35, 0]], [[0, 171, 0], [0, 40, 462, 0], [0, 195, 382, 13, 0], [0, 427, 79, 0], [0, 226, 450, 0], [0, 103, 0], [0, 344, 0], [0, 14, 0]], [[0, 81, 0], [0, 272, 463, 0], [0, 472, 0], [0, 38, 65, 0], [0, 241, 424, 374, 0], [0, 56, 0], [0, 500, 281, 0], [0, 280, 0]], [[0, 196, 0], [0, 198, 0], [0, 138, 0], [0, 23, 446, 0], [0, 30, 383, 0], [0, 371, 0], [0, 368, 0]], [[0, 182, 0], [0, 113, 0], [0, 84, 0], [0, 137, 0], [0, 55, 394, 377, 0], [0, 24, 244, 0], [0, 448, 392, 0], [0, 292, 0]], [[0, 474, 0], [0, 50, 0], [0, 307, 0], [0, 82, 0], [0, 279, 387, 0], [0, 140, 176, 0], [0, 107, 0], [0, 193, 358, 0], [0, 252, 0]], [[0, 158, 278, 0], [0, 432, 0], [0, 208, 0], [0, 3, 0], [0, 179, 0], [0, 375, 69, 0], [0, 120, 239, 0], [0, 288, 0], [0, 353, 0]], [[0, 354, 0], [0, 136, 0], [0, 228, 318, 0], [0, 135, 0], [0, 479, 0], [0, 465, 403, 0], [0, 31, 461, 0]], [[0, 316, 0], [0, 128, 0], [0, 348, 0], [0, 1, 402, 0], [0, 460, 464, 0], [0, 71, 236, 0], [0, 338, 94, 0]], [[0, 411, 0], [0, 26, 0], [0, 157, 0], [0, 25, 0], [0, 165, 0], [0, 143, 125, 0], [0, 418, 456, 0], [0, 361, 0]]]","[4045.7695194304447, 4036.02123593842, 4014.2090483875913, 4034.5125525504486, 4039.2411329858423, 4026.9380089033552, 4036.7635705753296, 3973.1666070805704, 4044.1313470549703, 4039.618310147475]","[3996.8582687552116, 3992.3573637329055, 4044.106667339771, 3510.3212732408347, 3706.1378120585955, 3940.7725730178836, 4009.4909304801813, 4020.5168674662655, 3754.193066874547, 3956.922966553891]",1400,2.27
500.20.3,500,10,10,endurance,high,high,3600,15.6464,700,31.2928,64.81533618,"[[[0, 107, 406, 115, 296, 212, 333, 68, 118, 180, 283, 237, 431, 70, 452, 201, 93, 386, 445, 312, 200, 340, 422, 321, 378, 129, 359, 159, 363, 498, 170, 89, 142, 369, 314, 139, 436, 459, 199, 189, 309, 178, 111, 0]], [[0, 266, 271, 324, 419, 249, 132, 145, 131, 64, 341, 441, 197, 489, 385, 28, 114, 477, 373, 259, 494, 442, 235, 286, 468, 485, 100, 174, 440, 323, 57, 242, 95, 399, 29, 344, 52, 69, 209, 0]], [[0, 10, 253, 257, 325, 222, 319, 54, 34, 262, 499, 423, 41, 19, 108, 400, 106, 156, 415, 269, 471, 217, 290, 116, 60, 5, 346, 203, 362, 85, 205, 300, 0]], [[0, 409, 255, 322, 404, 8, 263, 407, 284, 238, 410, 191, 117, 454, 33, 398, 12, 367, 53, 194, 372, 134, 260, 247, 298, 112, 332, 164, 225, 187, 188, 214, 268, 0]], [[0, 472, 370, 343, 287, 167, 122, 339, 62, 61, 438, 308, 357, 449, 91, 18, 155, 334, 48, 270, 58, 250, 413, 206, 417, 481, 345, 6, 275, 218, 202, 439, 435, 297, 104, 59, 83, 393, 92, 196, 158, 0]], [[0, 304, 16, 147, 285, 46, 430, 342, 261, 420, 277, 390, 169, 110, 388, 160, 466, 7, 425, 364, 433, 274, 380, 352, 484, 221, 265, 213, 389, 426, 229, 395, 144, 190, 368, 121, 473, 0]], [[0, 4, 138, 71, 496, 11, 234, 22, 146, 267, 27, 219, 469, 177, 331, 246, 36, 295, 366, 168, 329, 161, 492, 401, 294, 443, 493, 376, 293, 231, 39, 483, 313, 379, 470, 172, 148, 361, 353, 101, 0]], [[0, 120, 414, 384, 17, 500, 215, 305, 254, 86, 133, 149, 317, 15, 80, 105, 150, 351, 306, 310, 428, 347, 73, 311, 49, 153, 162, 154, 365, 181, 264, 289, 397, 480, 2, 258, 327, 173, 216, 47, 55, 434, 458, 240, 0]], [[0, 192, 23, 72, 280, 497, 90, 75, 336, 320, 211, 210, 207, 437, 232, 303, 63, 381, 96, 184, 421, 273, 455, 20, 391, 220, 87, 204, 488, 141, 97, 224, 495, 119, 487, 328, 44, 126, 315, 163, 99, 98, 37, 109, 491, 451, 457, 45, 43, 123, 486, 0]], [[0, 245, 151, 175, 88, 127, 429, 478, 51, 152, 396, 42, 301, 130, 230, 282, 21, 360, 256, 166, 444, 337, 412, 233, 475, 227, 467, 248, 74, 223, 77, 243, 326, 76, 453, 355, 171, 0]]]","[[[0, 50, 278, 251, 0], [0, 354, 30, 0], [0, 182, 446, 0], [0, 25, 281, 0], [0, 456, 330, 0], [0, 299, 427, 335, 0], [0, 292, 0]], [[0, 375, 358, 137, 383, 0], [0, 374, 140, 0], [0, 474, 0], [0, 226, 450, 0], [0, 208, 0], [0, 32, 0], [0, 183, 405, 0], [0, 66, 0]], [[0, 288, 0], [0, 31, 0], [0, 228, 0], [0, 411, 94, 0], [0, 460, 0], [0, 124, 464, 236, 0], [0, 1, 244, 0], [0, 186, 0]], [[0, 82, 0], [0, 291, 0], [0, 179, 78, 0], [0, 9, 0], [0, 81, 0], [0, 272, 463, 0], [0, 84, 185, 0], [0, 276, 0], [0, 302, 0]], [[0, 371, 356, 0], [0, 461, 377, 0], [0, 465, 403, 0], [0, 40, 239, 0], [0, 448, 3, 0], [0, 490, 0], [0, 479, 0]], [[0, 56, 0], [0, 349, 0], [0, 125, 0], [0, 432, 424, 0], [0, 67, 0], [0, 350, 165, 0], [0, 279, 0], [0, 338, 0]], [[0, 447, 0], [0, 348, 0], [0, 157, 0], [0, 195, 26, 0], [0, 176, 38, 0], [0, 316, 0], [0, 113, 0]], [[0, 135, 0], [0, 143, 0], [0, 14, 0], [0, 103, 0], [0, 476, 0], [0, 408, 0], [0, 252, 0]], [[0, 382, 416, 0], [0, 198, 0], [0, 65, 482, 0], [0, 392, 318, 387, 0], [0, 418, 394, 0], [0, 128, 13, 0], [0, 193, 0]], [[0, 307, 0], [0, 24, 0], [0, 136, 0], [0, 102, 0], [0, 35, 0], [0, 79, 0], [0, 241, 0], [0, 462, 402, 0]]]","[3888.6976949415202, 3887.7663495729125, 3888.920170584554, 3844.0719578741127, 3888.756108762294, 3888.233385555094, 3883.944510671709, 3864.461184034191, 3881.492465559543, 3887.1643424236304]","[3879.0912643147676, 3865.743817333756, 3888.0867513394924, 3647.0382761866367, 3546.621471063682, 3874.263786332739, 3609.065418397754, 3745.7652231802654, 3672.9674455659115, 3793.674729842056]",1400,2.27
500.20.3,500,10,10,endurance,high,high,3600,15.6464,700,31.2928,65.59014994,"[[[0, 228, 387, 463, 318, 499, 423, 41, 19, 108, 400, 106, 156, 233, 412, 337, 444, 166, 256, 21, 360, 475, 227, 248, 74, 467, 282, 230, 130, 301, 42, 396, 152, 51, 478, 429, 127, 414, 0]], [[0, 72, 35, 146, 22, 234, 11, 345, 6, 481, 417, 206, 275, 218, 202, 104, 59, 287, 144, 167, 122, 339, 438, 62, 61, 265, 277, 390, 420, 261, 285, 147, 16, 358, 276, 0]], [[0, 279, 34, 262, 54, 319, 222, 325, 10, 253, 257, 116, 290, 217, 415, 269, 471, 60, 5, 346, 203, 362, 85, 64, 341, 131, 145, 132, 249, 419, 205, 324, 300, 427, 266, 0]], [[0, 17, 384, 397, 480, 2, 258, 327, 173, 49, 153, 347, 310, 428, 306, 351, 150, 105, 80, 15, 317, 365, 154, 162, 181, 264, 289, 86, 133, 149, 254, 305, 215, 175, 88, 77, 223, 243, 326, 151, 453, 355, 245, 171, 0]], [[0, 354, 395, 229, 426, 389, 213, 221, 484, 364, 425, 7, 433, 274, 380, 352, 91, 449, 357, 308, 18, 155, 334, 48, 270, 58, 250, 413, 435, 297, 439, 393, 92, 473, 0]], [[0, 338, 314, 369, 100, 485, 468, 312, 286, 235, 442, 494, 259, 373, 477, 114, 445, 386, 93, 385, 28, 489, 197, 441, 283, 237, 431, 70, 452, 201, 440, 323, 242, 95, 399, 29, 344, 52, 0]], [[0, 4, 460, 71, 496, 497, 90, 75, 336, 320, 211, 210, 207, 437, 232, 303, 63, 381, 96, 184, 273, 421, 109, 37, 163, 99, 98, 87, 220, 204, 488, 97, 141, 119, 487, 328, 44, 315, 126, 73, 311, 491, 451, 457, 45, 216, 157, 43, 123, 0]], [[0, 65, 38, 188, 187, 225, 112, 332, 164, 214, 407, 284, 238, 367, 12, 398, 33, 410, 454, 191, 117, 160, 466, 169, 388, 110, 342, 430, 46, 255, 322, 404, 8, 263, 409, 304, 416, 0]], [[0, 434, 455, 20, 391, 470, 39, 224, 495, 231, 293, 376, 493, 443, 294, 401, 492, 161, 329, 168, 366, 246, 331, 177, 469, 219, 27, 267, 36, 295, 313, 483, 379, 172, 148, 353, 182, 458, 192, 101, 240, 0]], [[0, 406, 115, 296, 68, 180, 118, 333, 212, 57, 174, 378, 321, 422, 200, 340, 129, 359, 159, 363, 498, 53, 194, 372, 134, 260, 247, 170, 89, 298, 142, 139, 436, 459, 199, 189, 113, 309, 288, 209, 178, 0]]]","[[[0, 83, 472, 0], [0, 448, 281, 0], [0, 79, 335, 0], [0, 138, 370, 0], [0, 251, 78, 394, 446, 0], [0, 121, 0], [0, 292, 0]], [[0, 343, 0], [0, 3, 0], [0, 55, 135, 0], [0, 143, 185, 0], [0, 356, 349, 0], [0, 208, 0], [0, 195, 56, 0]], [[0, 482, 50, 0], [0, 291, 0], [0, 272, 0], [0, 405, 190, 0], [0, 32, 0], [0, 47, 0], [0, 476, 278, 0]], [[0, 137, 383, 0], [0, 361, 124, 0], [0, 424, 348, 0], [0, 382, 140, 158, 0], [0, 102, 0], [0, 479, 0], [0, 299, 474, 0]], [[0, 307, 0], [0, 302, 0], [0, 377, 236, 30, 0], [0, 316, 0], [0, 464, 0], [0, 411, 374, 69, 125, 0], [0, 486, 0], [0, 103, 0], [0, 84, 0], [0, 196, 0], [0, 193, 0]], [[0, 371, 0], [0, 239, 120, 0], [0, 241, 0], [0, 128, 40, 0], [0, 179, 0], [0, 490, 0], [0, 418, 456, 0], [0, 268, 0]], [[0, 450, 226, 0], [0, 76, 500, 0], [0, 107, 9, 0], [0, 368, 0], [0, 26, 375, 0], [0, 280, 0], [0, 392, 186, 0]], [[0, 66, 0], [0, 82, 0], [0, 447, 0], [0, 402, 462, 0], [0, 165, 0], [0, 465, 176, 0], [0, 271, 0], [0, 14, 0], [0, 25, 0]], [[0, 403, 111, 0], [0, 330, 0], [0, 244, 408, 0], [0, 94, 13, 0], [0, 136, 0], [0, 432, 461, 0], [0, 31, 0]], [[0, 23, 0], [0, 252, 0], [0, 24, 0], [0, 350, 1, 0], [0, 81, 0], [0, 183, 0], [0, 67, 0], [0, 198, 0]]]","[3929.541410967088, 3920.8342327287673, 3924.4428291575528, 3934.552884712933, 3934.826457326381, 3930.966177132651, 3934.5310734064838, 3929.3614249417474, 3935.408996481915, 3927.765680649906]","[3881.2319416556506, 3933.2863274939978, 3824.2317129829516, 3856.9231719501668, 3824.2615031000846, 3858.06985226272, 3862.8937889747594, 3842.778216472504, 3907.909815626493, 3911.3789339780724]",1400,2.27
500.20.3,500,10,10,endurance,high,high,3600,15.6464,700,31.2928,65.64036299,"[[[0, 262, 499, 423, 326, 243, 223, 74, 248, 467, 227, 475, 233, 412, 337, 444, 166, 256, 360, 21, 282, 230, 130, 301, 42, 396, 152, 51, 478, 429, 127, 77, 88, 151, 76, 486, 0]], [[0, 358, 16, 147, 426, 389, 261, 420, 277, 484, 352, 364, 425, 7, 433, 274, 380, 155, 334, 48, 270, 250, 413, 206, 417, 481, 345, 6, 275, 218, 4, 240, 0]], [[0, 407, 284, 238, 410, 191, 110, 388, 169, 390, 466, 160, 117, 454, 33, 398, 12, 367, 372, 194, 53, 498, 170, 89, 142, 67, 189, 0]], [[0, 406, 115, 465, 296, 132, 145, 249, 131, 64, 341, 441, 197, 489, 385, 28, 114, 477, 373, 445, 386, 93, 201, 452, 70, 431, 237, 283, 180, 118, 68, 333, 440, 323, 57, 242, 95, 212, 399, 29, 344, 52, 288, 69, 209, 178, 0]], [[0, 245, 239, 355, 226, 453, 450, 175, 215, 305, 254, 264, 289, 86, 133, 149, 317, 15, 80, 105, 150, 351, 306, 428, 310, 153, 49, 347, 73, 311, 451, 491, 109, 37, 20, 184, 96, 381, 63, 418, 434, 43, 123, 0]], [[0, 458, 182, 148, 207, 210, 172, 437, 232, 303, 470, 97, 141, 119, 487, 328, 44, 126, 315, 163, 99, 98, 87, 220, 204, 488, 391, 455, 273, 421, 457, 45, 216, 2, 258, 173, 327, 162, 154, 365, 181, 480, 397, 384, 17, 414, 0]], [[0, 268, 214, 188, 187, 225, 164, 332, 112, 298, 134, 260, 247, 363, 159, 359, 129, 378, 321, 422, 340, 200, 312, 235, 442, 494, 259, 286, 468, 485, 174, 100, 369, 314, 139, 436, 459, 199, 113, 309, 111, 0]], [[0, 198, 90, 497, 496, 11, 234, 22, 146, 27, 219, 469, 177, 331, 246, 366, 168, 329, 161, 492, 401, 294, 443, 493, 376, 293, 231, 495, 224, 39, 483, 379, 313, 295, 36, 267, 211, 320, 336, 75, 35, 330, 72, 192, 101, 0]], [[0, 252, 266, 299, 143, 300, 324, 419, 205, 85, 362, 203, 346, 5, 60, 290, 116, 257, 253, 10, 325, 222, 217, 471, 269, 415, 156, 106, 400, 108, 19, 41, 319, 54, 34, 474, 40, 272, 0]], [[0, 304, 409, 263, 8, 404, 322, 255, 46, 430, 342, 285, 229, 395, 144, 167, 122, 339, 62, 438, 61, 213, 265, 221, 91, 449, 357, 308, 18, 58, 435, 297, 439, 202, 104, 83, 59, 287, 393, 92, 472, 196, 473, 0]]]","[[[0, 120, 302, 0], [0, 271, 0], [0, 78, 135, 55, 0], [0, 158, 71, 464, 0], [0, 195, 107, 0], [0, 307, 0], [0, 276, 0], [0, 82, 0]], [[0, 479, 377, 0], [0, 32, 0], [0, 280, 0], [0, 30, 137, 0], [0, 50, 244, 0], [0, 38, 14, 0], [0, 193, 0], [0, 416, 0]], [[0, 371, 0], [0, 408, 0], [0, 128, 0], [0, 136, 0], [0, 165, 0], [0, 460, 0], [0, 241, 402, 251, 0]], [[0, 392, 0], [0, 25, 281, 0], [0, 138, 236, 0], [0, 124, 361, 0], [0, 353, 446, 0], [0, 278, 394, 0], [0, 23, 0]], [[0, 47, 0], [0, 500, 81, 0], [0, 462, 448, 356, 0], [0, 463, 318, 387, 0], [0, 476, 370, 0], [0, 208, 0], [0, 354, 383, 0]], [[0, 375, 65, 185, 0], [0, 405, 0], [0, 368, 0], [0, 3, 0], [0, 183, 0], [0, 102, 0], [0, 125, 176, 0]], [[0, 343, 0], [0, 490, 0], [0, 338, 0], [0, 350, 24, 0], [0, 56, 0], [0, 94, 382, 482, 0], [0, 66, 0], [0, 31, 0]], [[0, 348, 0], [0, 13, 26, 0], [0, 447, 0], [0, 157, 0], [0, 403, 140, 0], [0, 349, 0]], [[0, 424, 0], [0, 456, 292, 0], [0, 291, 0], [0, 190, 0], [0, 1, 335, 0], [0, 316, 186, 0], [0, 171, 0], [0, 228, 0]], [[0, 103, 0], [0, 432, 461, 0], [0, 427, 79, 0], [0, 84, 0], [0, 121, 0], [0, 374, 411, 9, 0], [0, 279, 0], [0, 179, 0]]]","[3938.4217794687083, 3897.9708612603827, 3938.369307280576, 3932.525794135553, 3931.583782579614, 3918.7249268900405, 3934.431815994608, 3895.2100928527157, 3929.0813540789363, 3933.1087218553807]","[3784.561735715796, 3861.397739612733, 3894.253802251119, 3885.808943484624, 3929.3002304325646, 3856.6583514788435, 3886.0717055681407, 3555.1780736092905, 3807.3331878075846, 3874.939001019758]",1400,2.27
500.20.4,500,10,10,endurance,high,high,3600,15.6464,700,31.2928,63.29986258,"[[[0, 492, 401, 331, 240, 427, 142, 116, 225, 375, 420, 363, 426, 313, 189, 301, 472, 269, 16, 353, 357, 37, 499, 339, 64, 277, 171, 318, 27, 371, 314, 226, 144, 460, 253, 135, 452, 0]], [[0, 272, 232, 130, 98, 368, 496, 411, 430, 374, 159, 329, 344, 276, 18, 481, 49, 163, 466, 341, 311, 287, 179, 266, 138, 312, 384, 392, 315, 340, 124, 1, 388, 72, 79, 140, 149, 147, 0]], [[0, 279, 227, 167, 361, 210, 416, 45, 280, 249, 102, 101, 408, 245, 306, 456, 200, 12, 467, 155, 77, 127, 479, 120, 366, 435, 475, 440, 473, 95, 212, 421, 308, 241, 50, 4, 110, 186, 192, 439, 412, 424, 300, 122, 191, 286, 323, 0]], [[0, 46, 53, 256, 389, 471, 415, 39, 417, 441, 43, 193, 78, 271, 337, 113, 129, 462, 13, 11, 55, 468, 482, 128, 59, 391, 118, 347, 419, 205, 246, 197, 158, 488, 307, 0]], [[0, 449, 309, 285, 166, 296, 297, 376, 119, 230, 378, 458, 319, 198, 47, 82, 68, 431, 346, 379, 174, 393, 302, 141, 109, 66, 89, 304, 30, 362, 29, 264, 153, 204, 214, 261, 196, 44, 148, 106, 484, 213, 70, 0]], [[0, 133, 234, 326, 57, 222, 382, 151, 403, 345, 195, 132, 170, 176, 343, 477, 258, 354, 31, 283, 145, 321, 243, 367, 330, 377, 161, 188, 239, 63, 332, 217, 380, 114, 282, 425, 0]], [[0, 88, 75, 220, 6, 406, 9, 244, 464, 385, 184, 480, 500, 273, 348, 71, 99, 173, 56, 423, 121, 410, 123, 160, 262, 20, 139, 231, 69, 495, 85, 498, 235, 17, 292, 54, 65, 355, 3, 275, 0]], [[0, 387, 259, 233, 453, 352, 67, 446, 405, 485, 183, 260, 38, 342, 215, 48, 108, 469, 185, 474, 156, 320, 494, 252, 429, 165, 476, 305, 351, 281, 414, 487, 76, 81, 34, 433, 437, 334, 187, 0]], [[0, 22, 459, 164, 219, 257, 413, 428, 137, 178, 206, 177, 444, 255, 497, 168, 143, 386, 265, 105, 250, 465, 317, 97, 21, 369, 289, 335, 24, 216, 322, 451, 293, 51, 316, 87, 455, 90, 324, 15, 0]], [[0, 463, 92, 207, 19, 400, 36, 338, 294, 268, 52, 399, 10, 238, 447, 336, 74, 251, 325, 125, 103, 434, 8, 218, 274, 61, 398, 94, 450, 115, 93, 190, 438, 422, 169, 28, 404, 23, 7, 432, 298, 0]]]","[[[0, 486, 397, 409, 0], [0, 104, 328, 254, 0], [0, 349, 0], [0, 491, 360, 237, 0], [0, 203, 202, 418, 0], [0, 370, 333, 0]], [[0, 150, 0], [0, 211, 5, 0], [0, 284, 0], [0, 373, 457, 0], [0, 40, 0], [0, 381, 358, 100, 0], [0, 154, 0], [0, 490, 350, 0]], [[0, 470, 443, 0], [0, 242, 436, 0], [0, 483, 126, 0], [0, 96, 228, 236, 0], [0, 402, 0], [0, 58, 0]], [[0, 181, 157, 0], [0, 117, 0], [0, 172, 0], [0, 2, 0], [0, 26, 448, 0], [0, 310, 0], [0, 364, 41, 0], [0, 394, 60, 0]], [[0, 359, 0], [0, 146, 356, 0], [0, 442, 0], [0, 395, 299, 0], [0, 111, 62, 83, 0], [0, 112, 182, 0]], [[0, 25, 134, 0], [0, 445, 208, 0], [0, 291, 0], [0, 84, 0], [0, 267, 0], [0, 86, 224, 0], [0, 278, 0]], [[0, 221, 493, 0], [0, 32, 0], [0, 107, 0], [0, 223, 0], [0, 295, 0], [0, 365, 80, 0], [0, 180, 0], [0, 14, 0]], [[0, 162, 0], [0, 73, 152, 0], [0, 35, 209, 0], [0, 489, 288, 327, 0], [0, 263, 0], [0, 199, 407, 0], [0, 33, 0]], [[0, 131, 454, 0], [0, 270, 372, 248, 0], [0, 201, 303, 0], [0, 383, 0], [0, 229, 390, 478, 0], [0, 91, 0], [0, 290, 0]], [[0, 194, 0], [0, 136, 0], [0, 461, 0], [0, 396, 0], [0, 42, 0], [0, 175, 0], [0, 247, 0]]]","[3797.402899114546, 3790.9988678243453, 3796.9471077677376, 3797.9917549065894, 3772.2278805982687, 3794.7914186612843, 3796.1913061840232, 3791.603771637085, 3794.4755037960563, 3756.546551100261]","[3758.9247519212863, 3754.8128284063228, 3785.3856556111286, 3734.2778344495337, 3746.385583056502, 3776.3577827810277, 3793.4389804960797, 3722.5403908476496, 3723.8234090086885, 3745.264793088878]",1400,2.27
500.20.4,500,10,10,endurance,high,high,3600,15.6464,700,31.2928,63.5286932,"[[[0, 213, 106, 480, 273, 500, 148, 348, 71, 99, 173, 56, 44, 264, 153, 204, 214, 82, 68, 431, 346, 379, 174, 393, 302, 141, 109, 66, 89, 304, 30, 362, 29, 121, 423, 410, 123, 184, 385, 464, 244, 220, 0]], [[0, 157, 26, 207, 19, 74, 251, 238, 447, 336, 325, 125, 103, 434, 8, 218, 274, 61, 398, 59, 391, 118, 347, 419, 205, 246, 197, 471, 329, 159, 374, 411, 430, 53, 46, 483, 232, 91, 307, 0]], [[0, 286, 300, 412, 192, 186, 110, 375, 420, 363, 421, 426, 473, 95, 313, 189, 301, 472, 269, 353, 16, 37, 357, 64, 339, 499, 225, 116, 142, 427, 439, 240, 331, 401, 460, 253, 149, 135, 147, 0]], [[0, 284, 75, 88, 310, 406, 9, 20, 160, 262, 139, 231, 69, 495, 85, 17, 235, 498, 305, 476, 165, 252, 429, 177, 206, 487, 281, 351, 414, 76, 292, 54, 65, 355, 3, 275, 117, 0]], [[0, 90, 383, 22, 229, 459, 164, 293, 451, 322, 216, 24, 48, 215, 342, 38, 260, 183, 485, 405, 352, 67, 446, 268, 52, 399, 10, 400, 36, 338, 294, 233, 453, 51, 316, 87, 455, 259, 15, 180, 0]], [[0, 488, 152, 256, 389, 344, 481, 18, 276, 415, 39, 417, 441, 43, 193, 78, 271, 337, 113, 129, 462, 13, 11, 55, 468, 482, 128, 94, 450, 115, 93, 190, 438, 23, 298, 463, 0]], [[0, 449, 83, 309, 442, 285, 166, 296, 297, 376, 119, 330, 367, 243, 230, 196, 261, 378, 458, 319, 198, 47, 321, 145, 283, 31, 354, 258, 477, 343, 176, 170, 132, 195, 332, 63, 239, 188, 161, 377, 228, 418, 114, 282, 425, 0]], [[0, 79, 144, 226, 72, 314, 371, 318, 27, 277, 171, 1, 388, 124, 340, 315, 392, 384, 312, 138, 266, 179, 287, 311, 341, 466, 163, 49, 496, 368, 98, 130, 272, 0]], [[0, 326, 57, 211, 291, 217, 382, 12, 467, 155, 151, 403, 345, 77, 127, 479, 120, 366, 435, 475, 440, 212, 308, 241, 50, 4, 45, 280, 249, 102, 101, 408, 245, 200, 456, 306, 416, 424, 210, 267, 461, 234, 323, 0]], [[0, 437, 42, 433, 360, 34, 81, 178, 137, 428, 413, 386, 265, 143, 168, 497, 255, 444, 494, 320, 156, 185, 469, 108, 474, 335, 369, 21, 289, 97, 317, 465, 250, 105, 219, 257, 224, 334, 0]]]","[[[0, 443, 381, 0], [0, 92, 0], [0, 62, 328, 0], [0, 387, 394, 0], [0, 432, 404, 0], [0, 358, 5, 0], [0, 397, 390, 491, 0], [0, 364, 0]], [[0, 41, 327, 0], [0, 84, 0], [0, 445, 208, 0], [0, 236, 202, 96, 254, 0], [0, 6, 0], [0, 436, 299, 0], [0, 199, 0]], [[0, 146, 0], [0, 86, 0], [0, 395, 242, 73, 0], [0, 448, 40, 0], [0, 359, 0], [0, 222, 133, 0]], [[0, 290, 0], [0, 181, 489, 0], [0, 32, 0], [0, 349, 0], [0, 295, 0], [0, 380, 365, 0], [0, 248, 203, 0]], [[0, 175, 0], [0, 333, 221, 0], [0, 402, 0], [0, 80, 100, 0], [0, 263, 0], [0, 490, 126, 0], [0, 25, 350, 409, 0], [0, 227, 0]], [[0, 457, 237, 0], [0, 111, 194, 131, 0], [0, 112, 122, 0], [0, 422, 0], [0, 136, 0], [0, 7, 28, 0]], [[0, 201, 162, 0], [0, 486, 223, 288, 0], [0, 134, 478, 0], [0, 209, 104, 0], [0, 303, 372, 270, 0], [0, 60, 33, 0]], [[0, 14, 0], [0, 169, 0], [0, 484, 0], [0, 361, 0], [0, 247, 182, 0], [0, 172, 0], [0, 107, 356, 0]], [[0, 278, 0], [0, 150, 0], [0, 187, 70, 191, 0], [0, 492, 470, 0], [0, 452, 140, 407, 0], [0, 373, 493, 0], [0, 396, 158, 0]], [[0, 167, 0], [0, 324, 0], [0, 154, 0], [0, 35, 0], [0, 370, 0], [0, 2, 0], [0, 279, 0], [0, 454, 0], [0, 58, 0]]]","[3811.43090746955, 3811.0319958823143, 3802.6828148705854, 3790.78633255601, 3805.009362908408, 3807.413504532265, 3803.0183432960544, 3811.7215917873364, 3778.752602460011, 3808.141881940659]","[3799.593914007184, 3747.873531442287, 3668.682345198231, 3689.6438303199147, 3762.6569590812624, 3799.440259992222, 3797.1730283017423, 3736.142549361132, 3745.2837439425593, 3790.8918343393766]",1400,2.27
500.20.4,500,10,10,endurance,high,high,3600,15.6464,700,31.2928,63.39864334,"[[[0, 106, 480, 273, 500, 148, 348, 71, 99, 173, 44, 56, 423, 29, 362, 30, 304, 89, 66, 109, 141, 302, 393, 174, 379, 346, 431, 68, 319, 458, 378, 261, 196, 230, 243, 367, 330, 119, 376, 297, 296, 166, 285, 309, 449, 0]], [[0, 452, 147, 253, 401, 331, 240, 439, 192, 186, 110, 225, 499, 357, 37, 375, 420, 363, 16, 353, 269, 472, 301, 189, 313, 426, 95, 473, 212, 421, 308, 241, 50, 4, 45, 280, 416, 412, 424, 210, 361, 323, 0]], [[0, 282, 228, 377, 161, 188, 239, 63, 343, 477, 258, 354, 31, 283, 145, 321, 47, 198, 82, 214, 204, 153, 264, 121, 410, 123, 184, 385, 464, 244, 65, 355, 3, 34, 81, 433, 187, 0]], [[0, 284, 75, 220, 454, 406, 9, 20, 160, 262, 139, 231, 69, 495, 85, 17, 54, 292, 76, 487, 414, 281, 351, 235, 498, 305, 476, 165, 252, 429, 444, 177, 206, 178, 137, 42, 437, 491, 0]], [[0, 91, 33, 73, 242, 256, 389, 329, 344, 18, 193, 78, 43, 271, 337, 113, 129, 462, 13, 11, 55, 468, 482, 128, 8, 434, 103, 218, 274, 450, 93, 422, 169, 23, 7, 298, 350, 0]], [[0, 334, 224, 278, 257, 413, 428, 386, 265, 143, 168, 497, 255, 494, 320, 156, 474, 185, 469, 108, 48, 24, 335, 317, 289, 21, 451, 293, 51, 316, 233, 338, 36, 400, 349, 221, 0]], [[0, 25, 463, 92, 26, 207, 486, 19, 74, 251, 325, 125, 336, 447, 238, 10, 399, 52, 268, 294, 453, 352, 67, 446, 405, 485, 183, 260, 38, 342, 215, 216, 322, 369, 97, 465, 250, 105, 219, 164, 459, 229, 22, 90, 180, 0]], [[0, 295, 114, 380, 217, 332, 176, 170, 132, 195, 151, 403, 345, 77, 127, 479, 120, 366, 435, 475, 440, 102, 249, 101, 408, 245, 306, 456, 200, 155, 467, 12, 382, 291, 211, 57, 234, 425, 0]], [[0, 488, 197, 471, 246, 205, 398, 94, 190, 438, 115, 61, 59, 391, 118, 419, 347, 417, 441, 39, 415, 276, 481, 49, 163, 466, 341, 311, 496, 411, 430, 374, 159, 53, 60, 46, 483, 232, 290, 490, 0]], [[0, 135, 460, 79, 144, 226, 72, 314, 371, 318, 27, 427, 142, 116, 339, 64, 277, 171, 1, 388, 340, 124, 287, 179, 266, 138, 98, 368, 130, 312, 384, 315, 392, 136, 272, 364, 0]]]","[[[0, 167, 133, 0], [0, 492, 300, 0], [0, 409, 146, 390, 0], [0, 443, 100, 201, 303, 0], [0, 104, 328, 83, 0], [0, 140, 247, 0]], [[0, 418, 202, 0], [0, 96, 358, 0], [0, 237, 457, 0], [0, 448, 0], [0, 373, 356, 478, 0], [0, 152, 0], [0, 88, 0]], [[0, 162, 0], [0, 493, 0], [0, 172, 0], [0, 2, 0], [0, 254, 442, 0], [0, 484, 0], [0, 199, 0], [0, 86, 0]], [[0, 279, 0], [0, 181, 157, 288, 0], [0, 191, 470, 0], [0, 394, 436, 0], [0, 402, 0], [0, 259, 0], [0, 150, 0], [0, 134, 0], [0, 154, 0]], [[0, 14, 0], [0, 62, 209, 236, 0], [0, 84, 0], [0, 395, 182, 286, 0], [0, 407, 267, 0], [0, 326, 0], [0, 396, 370, 0]], [[0, 299, 0], [0, 112, 122, 0], [0, 455, 0], [0, 383, 0], [0, 461, 0], [0, 35, 0]], [[0, 310, 0], [0, 15, 0], [0, 6, 0], [0, 372, 270, 5, 0], [0, 87, 0], [0, 324, 0], [0, 360, 0]], [[0, 175, 0], [0, 32, 0], [0, 194, 70, 41, 0], [0, 404, 158, 0], [0, 275, 0], [0, 365, 0], [0, 117, 0], [0, 307, 0]], [[0, 227, 0], [0, 111, 445, 0], [0, 131, 213, 0], [0, 28, 126, 0], [0, 208, 107, 0], [0, 149, 0], [0, 263, 0], [0, 381, 0]], [[0, 203, 248, 0], [0, 432, 40, 327, 0], [0, 489, 223, 397, 0], [0, 222, 80, 0], [0, 333, 387, 0], [0, 359, 0], [0, 58, 0]]]","[3803.9186001087273, 3798.3353889660725, 3802.847569004551, 3792.348320898565, 3799.0722359424835, 3800.216800759194, 3802.973792128078, 3791.810045747625, 3801.863145621357, 3801.8811928249243]","[3727.125013549006, 3799.265388693977, 3749.797093112472, 3774.040709639522, 3626.420157825629, 3438.532261830569, 3762.6964998444455, 3794.725904943889, 3701.26919475273, 3746.0716801287654]",1400,2.27
500.20.4,500,10,10,endurance,high,high,3600,15.6464,700,31.2928,64.6257241,"[[[0, 455, 316, 51, 453, 233, 338, 36, 400, 10, 399, 52, 268, 294, 67, 352, 446, 405, 485, 183, 260, 38, 342, 215, 48, 24, 216, 322, 369, 289, 21, 451, 293, 164, 459, 22, 90, 150, 0]], [[0, 437, 257, 219, 105, 250, 465, 97, 317, 335, 474, 108, 469, 185, 156, 320, 494, 252, 165, 429, 444, 255, 497, 168, 265, 386, 143, 177, 206, 178, 137, 428, 413, 334, 187, 0]], [[0, 449, 309, 104, 285, 166, 296, 297, 376, 119, 330, 367, 243, 230, 378, 319, 458, 198, 47, 321, 145, 283, 31, 477, 258, 354, 188, 377, 228, 161, 239, 63, 343, 176, 170, 132, 195, 332, 365, 380, 358, 114, 282, 203, 425, 0]], [[0, 284, 75, 106, 480, 184, 123, 410, 29, 362, 30, 304, 89, 66, 109, 141, 302, 393, 174, 379, 346, 431, 68, 82, 214, 204, 153, 261, 196, 264, 121, 423, 56, 44, 173, 148, 500, 273, 348, 99, 71, 35, 381, 0]], [[0, 279, 149, 253, 401, 359, 240, 439, 427, 142, 116, 225, 499, 339, 64, 357, 37, 16, 353, 269, 472, 301, 189, 313, 426, 421, 308, 363, 420, 375, 110, 186, 192, 412, 300, 122, 361, 323, 0]], [[0, 58, 197, 246, 471, 39, 415, 417, 441, 43, 11, 13, 462, 129, 113, 337, 271, 78, 193, 163, 466, 49, 481, 18, 276, 344, 329, 389, 256, 159, 374, 411, 430, 53, 290, 33, 91, 0]], [[0, 220, 385, 464, 244, 9, 20, 160, 262, 139, 231, 69, 495, 85, 17, 235, 498, 305, 476, 351, 281, 414, 487, 76, 292, 81, 433, 360, 34, 54, 65, 355, 3, 457, 275, 491, 0]], [[0, 326, 57, 211, 291, 217, 382, 12, 200, 456, 306, 245, 408, 101, 249, 102, 467, 155, 403, 151, 345, 77, 127, 479, 120, 366, 435, 475, 440, 95, 473, 212, 241, 50, 4, 45, 280, 416, 424, 210, 267, 234, 133, 0]], [[0, 370, 488, 73, 242, 46, 483, 232, 130, 368, 496, 341, 311, 287, 179, 266, 138, 98, 312, 384, 392, 315, 340, 124, 388, 1, 171, 277, 27, 318, 371, 314, 72, 226, 144, 79, 272, 0]], [[0, 463, 92, 207, 19, 74, 251, 115, 450, 61, 274, 218, 125, 325, 238, 447, 336, 103, 434, 8, 128, 482, 468, 55, 347, 419, 205, 118, 391, 59, 398, 94, 93, 190, 438, 422, 169, 23, 298, 0]]]","[[[0, 136, 0], [0, 383, 0], [0, 404, 158, 0], [0, 436, 299, 0], [0, 213, 0], [0, 364, 60, 0], [0, 15, 0]], [[0, 324, 0], [0, 117, 0], [0, 157, 28, 0], [0, 100, 83, 62, 0], [0, 327, 40, 0], [0, 222, 270, 0]], [[0, 134, 25, 0], [0, 2, 0], [0, 162, 407, 0], [0, 247, 140, 0], [0, 194, 443, 0], [0, 307, 0], [0, 418, 202, 0], [0, 208, 70, 0]], [[0, 387, 229, 0], [0, 486, 223, 288, 0], [0, 201, 227, 0], [0, 402, 0], [0, 221, 146, 0], [0, 478, 390, 278, 0], [0, 180, 0]], [[0, 394, 452, 0], [0, 460, 0], [0, 396, 152, 395, 0], [0, 492, 112, 0], [0, 356, 397, 489, 0], [0, 373, 86, 0], [0, 191, 470, 0]], [[0, 14, 0], [0, 126, 333, 0], [0, 181, 0], [0, 107, 445, 0], [0, 236, 328, 254, 0], [0, 80, 372, 0], [0, 32, 0], [0, 175, 0]], [[0, 349, 0], [0, 5, 96, 0], [0, 259, 0], [0, 88, 237, 0], [0, 448, 26, 0], [0, 490, 350, 409, 0], [0, 224, 87, 0]], [[0, 135, 147, 0], [0, 41, 248, 0], [0, 199, 0], [0, 461, 0], [0, 286, 182, 0], [0, 310, 0], [0, 484, 0], [0, 42, 0]], [[0, 172, 0], [0, 331, 0], [0, 84, 0], [0, 263, 0], [0, 442, 209, 0], [0, 493, 0], [0, 454, 111, 0]], [[0, 131, 0], [0, 406, 0], [0, 303, 167, 0], [0, 7, 432, 0], [0, 154, 0], [0, 295, 0], [0, 6, 0]]]","[3877.5434457699744, 3875.1592560799986, 3850.98691811762, 3875.4684733224694, 3831.4137819321613, 3872.4332006941804, 3872.8353533426152, 3876.3582778484733, 3862.8303577188344, 3864.494525034957]","[3822.230504760665, 3155.1701864507118, 3842.5526731455757, 3803.592743636709, 3865.3266795036297, 3768.0112709469804, 3710.3338621371186, 3810.0140988202365, 3736.288028391642, 3757.2603956906223]",1400,2.27
500.20.4,500,10,10,endurance,high,high,3600,15.6464,700,31.2928,63.9231894,"[[[0, 275, 3, 355, 65, 9, 310, 244, 464, 385, 184, 123, 29, 362, 30, 304, 89, 66, 109, 141, 302, 393, 174, 379, 346, 214, 204, 153, 264, 121, 423, 410, 480, 106, 220, 75, 284, 491, 0]], [[0, 437, 42, 137, 428, 413, 257, 386, 265, 143, 168, 497, 255, 444, 494, 320, 156, 474, 185, 469, 108, 48, 215, 216, 322, 451, 293, 51, 316, 233, 338, 36, 400, 349, 221, 180, 0]], [[0, 463, 207, 19, 74, 336, 447, 238, 10, 399, 52, 268, 294, 453, 352, 67, 446, 405, 485, 183, 260, 38, 342, 24, 335, 369, 21, 289, 97, 317, 465, 250, 105, 219, 164, 459, 22, 90, 0]], [[0, 88, 175, 406, 20, 160, 262, 139, 231, 69, 495, 85, 17, 54, 292, 76, 487, 414, 281, 351, 235, 498, 305, 476, 165, 252, 429, 177, 206, 178, 433, 81, 34, 86, 0]], [[0, 449, 309, 285, 377, 161, 188, 239, 63, 176, 343, 477, 258, 354, 31, 283, 145, 321, 47, 198, 431, 68, 82, 319, 458, 378, 261, 196, 230, 119, 330, 367, 243, 296, 166, 297, 376, 44, 173, 56, 500, 273, 148, 348, 99, 71, 35, 484, 213, 0]], [[0, 133, 234, 267, 210, 300, 412, 416, 306, 245, 456, 200, 408, 101, 249, 102, 475, 435, 366, 120, 479, 127, 77, 155, 467, 12, 382, 151, 403, 345, 195, 170, 132, 332, 217, 291, 211, 57, 5, 114, 154, 282, 203, 425, 0]], [[0, 232, 483, 46, 60, 53, 430, 411, 496, 368, 98, 312, 384, 392, 315, 340, 124, 388, 1, 171, 277, 64, 339, 499, 116, 142, 427, 27, 318, 371, 314, 72, 226, 144, 247, 79, 460, 253, 199, 0]], [[0, 147, 401, 331, 240, 439, 192, 186, 110, 225, 375, 420, 363, 16, 37, 357, 353, 269, 472, 301, 189, 313, 426, 473, 95, 440, 212, 421, 308, 241, 50, 4, 45, 280, 424, 361, 286, 323, 0]], [[0, 58, 488, 197, 471, 246, 205, 391, 59, 128, 482, 468, 55, 11, 13, 462, 129, 113, 337, 271, 43, 78, 193, 163, 466, 374, 159, 344, 329, 389, 256, 242, 290, 0]], [[0, 436, 272, 130, 138, 266, 179, 287, 311, 341, 49, 481, 18, 276, 415, 39, 441, 417, 347, 419, 118, 398, 61, 274, 218, 8, 434, 103, 125, 325, 251, 115, 450, 94, 93, 190, 438, 169, 23, 298, 0]]]","[[[0, 157, 92, 40, 0], [0, 350, 15, 0], [0, 136, 0], [0, 279, 0], [0, 191, 182, 0], [0, 326, 100, 0], [0, 14, 0], [0, 334, 0], [0, 150, 0]], [[0, 432, 146, 0], [0, 41, 33, 0], [0, 2, 0], [0, 380, 365, 0], [0, 470, 122, 407, 0], [0, 229, 478, 0]], [[0, 26, 387, 0], [0, 397, 0], [0, 80, 303, 0], [0, 111, 448, 0], [0, 236, 202, 228, 0], [0, 360, 224, 0], [0, 117, 0]], [[0, 263, 0], [0, 135, 181, 0], [0, 492, 140, 452, 0], [0, 395, 299, 0], [0, 167, 0], [0, 84, 0], [0, 455, 0]], [[0, 373, 70, 0], [0, 356, 87, 0], [0, 445, 208, 0], [0, 493, 489, 390, 0], [0, 324, 0], [0, 134, 126, 0], [0, 396, 370, 409, 0], [0, 187, 0]], [[0, 364, 0], [0, 227, 73, 0], [0, 454, 0], [0, 62, 328, 0], [0, 394, 152, 0], [0, 222, 270, 372, 201, 0], [0, 172, 0]], [[0, 383, 0], [0, 259, 0], [0, 490, 0], [0, 25, 486, 0], [0, 209, 83, 194, 0], [0, 7, 0], [0, 112, 0], [0, 327, 0]], [[0, 288, 223, 0], [0, 295, 0], [0, 149, 0], [0, 422, 0], [0, 307, 0], [0, 28, 333, 0], [0, 131, 278, 0]], [[0, 104, 442, 0], [0, 237, 457, 0], [0, 32, 0], [0, 158, 404, 0], [0, 402, 0], [0, 107, 381, 0]], [[0, 359, 0], [0, 461, 0], [0, 162, 0], [0, 6, 0], [0, 96, 418, 254, 0], [0, 358, 248, 443, 0], [0, 91, 0]]]","[3830.1666482338815, 3827.560390994631, 3835.3913638690965, 3828.6150361960485, 3818.670052394953, 3822.0260042841783, 3820.025359602785, 3828.7278247095883, 3834.783419406769, 3828.915493763713]","[3690.8003058341214, 3821.662220824223, 3777.630765848058, 3385.592286680471, 3592.1181323032392, 3703.653312719988, 3684.0585741519003, 3685.6219893148577, 3773.880222693825, 3756.3301360120404]",1400,2.27
500.30.1,500,10,10,endurance,high,high,3600,15.6464,700,31.2928,134.4247692,"[[[0, 476, 249, 153, 171, 305, 43, 408, 105, 340, 209, 194, 16, 357, 356, 168, 387, 198, 313, 258, 39, 452, 143, 295, 347, 96, 303, 46, 54, 0], [0, 4, 58, 394, 298, 157, 64, 439, 462, 481, 47, 260, 386, 37, 19, 490, 18, 103, 297, 342, 3, 349, 145, 384, 0]], [[0, 308, 317, 205, 74, 195, 36, 241, 136, 497, 450, 286, 477, 197, 111, 461, 252, 23, 457, 427, 0], [0, 382, 52, 285, 131, 116, 200, 329, 192, 212, 133, 12, 235, 161, 366, 440, 174, 314, 333, 438, 451, 0]], [[0, 203, 316, 170, 70, 338, 473, 206, 292, 175, 51, 307, 435, 71, 487, 129, 401, 343, 344, 489, 78, 0], [0, 278, 84, 227, 90, 149, 441, 215, 148, 500, 211, 165, 87, 458, 60, 430, 474, 0]], [[0, 299, 243, 283, 424, 330, 185, 101, 265, 144, 119, 228, 13, 7, 121, 459, 479, 40, 124, 255, 93, 413, 127, 88, 498, 155, 115, 494, 495, 138, 485, 0], [0, 202, 471, 261, 77, 91, 180, 237, 281, 442, 6, 137, 247, 151, 24, 126, 154, 276, 56, 369, 269, 339, 0]], [[0, 466, 32, 437, 411, 34, 300, 322, 482, 254, 172, 8, 398, 152, 236, 159, 182, 80, 423, 0], [0, 436, 72, 248, 480, 162, 94, 372, 113, 389, 397, 332, 262, 288, 478, 191, 492, 412, 275, 373, 367, 335, 315, 239, 359, 0]], [[0, 163, 55, 361, 222, 230, 364, 213, 379, 416, 358, 309, 318, 337, 135, 273, 310, 30, 21, 445, 0], [0, 11, 224, 217, 341, 426, 231, 388, 443, 41, 207, 385, 374, 334, 402, 469, 353, 75, 35, 0]], [[0, 496, 140, 173, 97, 240, 201, 110, 220, 468, 250, 76, 376, 251, 188, 325, 383, 102, 233, 327, 264, 142, 417, 42, 433, 0], [0, 130, 81, 210, 403, 256, 221, 232, 272, 465, 484, 85, 199, 117, 100, 319, 128, 169, 118, 326, 156, 449, 447, 296, 193, 99, 158, 109, 49, 0]], [[0, 53, 62, 362, 5, 234, 67, 204, 290, 98, 150, 456, 257, 414, 189, 407, 61, 428, 245, 164, 270, 160, 125, 0], [0, 38, 183, 415, 406, 448, 186, 294, 219, 20, 44, 350, 404, 311, 444, 114, 86, 381, 63, 282, 324, 26, 216, 242, 274, 238, 0]], [[0, 10, 363, 391, 178, 267, 371, 419, 95, 45, 120, 106, 187, 22, 244, 302, 104, 360, 390, 354, 268, 2, 431, 277, 0], [0, 463, 166, 464, 328, 223, 399, 483, 279, 486, 225, 420, 493, 293, 1, 184, 400, 83, 454, 79, 73, 348, 0]], [[0, 176, 304, 455, 392, 266, 196, 108, 147, 284, 57, 259, 50, 66, 336, 378, 107, 467, 27, 375, 14, 139, 422, 31, 179, 271, 25, 122, 0], [0, 141, 123, 177, 491, 380, 263, 320, 28, 287, 475, 331, 146, 368, 167, 214, 418, 488, 377, 352, 370, 365, 393, 253, 15, 0]]]","[[[0, 446, 0], [0, 112, 229, 0], [0, 432, 0], [0, 355, 68, 0], [0, 92, 0], [0, 425, 453, 0], [0, 421, 0], [0, 472, 0], [0, 17, 0], [0, 69, 59, 0], [0, 405, 0], [0, 48, 0], [0, 246, 0], [0, 470, 0], [0, 33, 0]], [[0, 396, 0], [0, 345, 0], [0, 434, 323, 0], [0, 460, 0], [0, 499, 410, 0], [0, 226, 409, 0], [0, 208, 0], [0, 82, 280, 0], [0, 29, 0], [0, 134, 395, 0], [0, 65, 218, 0], [0, 312, 0], [0, 9, 0]], [[0, 132, 301, 0], [0, 306, 0], [0, 351, 181, 0], [0, 321, 289, 0], [0, 190, 0], [0, 291, 89, 0]], [], [], [], [], [[0, 346, 0], [0, 429, 0]], [], []]","[8062.570841535313, 8054.801807796112, 8060.36267779277, 8060.472562000836, 8063.953441085942, 8065.486151613738, 8053.706130105107, 8046.246044080912, 8041.697348860935, 8058.003258048544]","[7931.448666727718, 7781.211882519093, 3188.808531391759, -0.0, -0.0, -0.0, -0.0, 1355.1844700802394, -0.0, -0.0]",1400,2.27
500.30.1,500,10,10,endurance,high,high,3600,15.6464,700,31.2928,135.3798866,"[[[0, 423, 160, 5, 428, 61, 234, 67, 204, 211, 500, 148, 215, 441, 165, 87, 458, 149, 90, 227, 84, 60, 430, 278, 474, 0], [0, 97, 264, 327, 233, 383, 325, 135, 337, 318, 309, 358, 416, 213, 55, 14, 139, 422, 31, 163, 179, 271, 25, 122, 274, 226, 0]], [[0, 115, 155, 498, 88, 127, 413, 185, 101, 265, 93, 255, 124, 40, 479, 459, 121, 7, 228, 119, 144, 13, 157, 64, 298, 394, 424, 330, 283, 494, 495, 178, 10, 0], [0, 384, 49, 130, 81, 210, 99, 403, 256, 221, 232, 3, 58, 4, 243, 138, 485, 112, 0]], [[0, 282, 63, 381, 86, 114, 444, 304, 455, 392, 266, 196, 108, 284, 147, 311, 404, 350, 44, 20, 219, 294, 186, 448, 406, 415, 183, 38, 0], [0, 249, 171, 305, 43, 408, 353, 209, 194, 340, 105, 469, 402, 334, 374, 385, 207, 41, 443, 388, 231, 426, 341, 217, 173, 224, 0]], [[0, 310, 273, 379, 364, 230, 66, 50, 259, 57, 107, 378, 336, 222, 361, 467, 27, 375, 176, 324, 26, 216, 242, 472, 0], [0, 363, 431, 371, 45, 187, 106, 120, 95, 419, 267, 391, 0]], [[0, 33, 177, 491, 370, 377, 418, 488, 214, 167, 368, 146, 331, 475, 287, 28, 320, 263, 380, 369, 269, 0], [0, 272, 465, 484, 85, 199, 117, 481, 462, 439, 47, 260, 386, 37, 19, 490, 18, 103, 297, 342, 349, 145, 299, 0]], [[0, 158, 193, 447, 449, 156, 326, 118, 169, 128, 100, 319, 212, 133, 12, 192, 329, 296, 285, 52, 382, 0], [0, 62, 270, 466, 32, 437, 411, 34, 152, 398, 300, 414, 257, 456, 150, 98, 290, 189, 407, 245, 164, 362, 0]], [[0, 417, 445, 21, 30, 102, 220, 188, 251, 376, 76, 250, 468, 110, 201, 240, 140, 496, 0], [0, 56, 276, 154, 126, 24, 151, 247, 137, 6, 442, 281, 316, 170, 203, 237, 180, 91, 77, 261, 471, 78, 0]], [[0, 15, 253, 277, 2, 268, 354, 390, 360, 22, 104, 244, 302, 352, 365, 393, 0], [0, 236, 1, 8, 172, 322, 254, 482, 493, 293, 420, 225, 486, 492, 412, 332, 397, 389, 94, 314, 0]], [[0, 348, 463, 166, 73, 80, 182, 159, 454, 79, 464, 328, 223, 367, 83, 399, 400, 184, 483, 279, 275, 373, 335, 315, 239, 333, 438, 451, 359, 0], [0, 75, 347, 295, 143, 452, 39, 356, 357, 16, 477, 286, 450, 497, 136, 461, 252, 111, 197, 168, 387, 258, 23, 313, 198, 457, 427, 96, 303, 46, 35, 0]], [[0, 317, 205, 74, 195, 36, 241, 206, 473, 338, 292, 70, 175, 51, 307, 435, 71, 487, 129, 401, 343, 344, 489, 308, 202, 0], [0, 289, 72, 248, 131, 200, 116, 161, 235, 366, 478, 191, 262, 288, 440, 113, 372, 174, 162, 480, 436, 0]]]","[[[0, 446, 0], [0, 410, 109, 0], [0, 409, 346, 0], [0, 17, 0], [0, 181, 301, 0], [0, 396, 499, 0], [0, 59, 0], [0, 208, 0], [0, 405, 0], [0, 53, 425, 0], [0, 476, 0], [0, 153, 453, 0], [0, 246, 0], [0, 421, 351, 0]], [[0, 42, 89, 0], [0, 190, 0], [0, 132, 0], [0, 29, 339, 0], [0, 142, 280, 0], [0, 125, 0], [0, 82, 0], [0, 432, 321, 0], [0, 429, 0], [0, 65, 395, 0], [0, 11, 0], [0, 323, 54, 0], [0, 460, 0], [0, 345, 0]], [[0, 470, 0], [0, 123, 433, 0], [0, 141, 0], [0, 48, 0], [0, 312, 355, 0], [0, 229, 0], [0, 69, 0], [0, 218, 434, 0], [0, 306, 0], [0, 9, 0], [0, 92, 68, 0]], [], [], [], [], [[0, 291, 134, 0]], [], [[0, 238, 0]]]","[8105.731887488856, 8119.925204911828, 8122.7931979680125, 8103.2330887254775, 8116.000914907795, 8108.8669129117625, 8120.634322723619, 8117.361950131153, 8120.055430227864, 8100.5413226605415]","[7798.924501037284, 8069.01302922613, 6226.2572460939755, -0.0, -0.0, -0.0, -0.0, 677.2866677418111, -0.0, 335.88345472750507]",1400,2.27
500.30.1,500,10,10,endurance,high,high,3600,15.6464,700,31.2928,135.1924443,"[[[0, 33, 393, 177, 491, 380, 263, 320, 28, 287, 475, 331, 146, 368, 167, 214, 418, 488, 377, 302, 244, 104, 352, 370, 365, 277, 29, 15, 0], [0, 282, 63, 381, 86, 114, 444, 304, 455, 392, 196, 57, 259, 50, 107, 378, 336, 222, 361, 55, 375, 176, 324, 26, 216, 242, 0]], [[0, 62, 362, 164, 245, 428, 61, 234, 67, 204, 290, 98, 150, 456, 257, 414, 189, 407, 32, 466, 270, 160, 423, 0], [0, 269, 78, 77, 203, 316, 170, 307, 487, 129, 401, 74, 205, 198, 313, 23, 258, 457, 427, 96, 303, 46, 35, 0]], [[0, 253, 363, 431, 2, 268, 354, 390, 360, 22, 187, 106, 120, 45, 419, 371, 267, 10, 0], [0, 325, 135, 337, 318, 309, 358, 416, 66, 230, 364, 213, 379, 273, 310, 179, 271, 0]], [[0, 451, 438, 463, 166, 73, 80, 182, 159, 437, 411, 34, 300, 398, 1, 184, 279, 483, 400, 399, 83, 223, 367, 335, 315, 239, 333, 289, 0], [0, 130, 81, 210, 403, 256, 221, 232, 272, 465, 484, 85, 199, 117, 100, 319, 128, 169, 326, 118, 156, 449, 447, 193, 99, 158, 109, 49, 384, 190, 0]], [[0, 373, 275, 486, 225, 420, 293, 493, 482, 254, 322, 172, 8, 152, 236, 454, 79, 464, 328, 348, 0], [0, 474, 430, 60, 5, 458, 87, 165, 215, 441, 211, 500, 148, 149, 90, 227, 84, 278, 0]], [[0, 312, 460, 72, 248, 480, 131, 200, 116, 366, 161, 235, 12, 133, 212, 192, 329, 296, 285, 52, 382, 68, 359, 0], [0, 75, 347, 295, 143, 452, 39, 387, 197, 111, 461, 136, 497, 450, 286, 477, 168, 356, 357, 16, 194, 209, 353, 408, 43, 305, 171, 249, 395, 0]], [[0, 122, 21, 30, 383, 188, 251, 376, 76, 250, 468, 220, 102, 233, 327, 264, 445, 417, 42, 0], [0, 485, 138, 243, 4, 58, 394, 298, 64, 157, 13, 228, 7, 121, 459, 479, 124, 255, 93, 413, 127, 88, 498, 155, 95, 115, 494, 495, 178, 391, 229, 0]], [[0, 38, 183, 415, 406, 448, 186, 294, 219, 20, 44, 350, 404, 311, 147, 284, 108, 266, 467, 27, 14, 139, 422, 31, 163, 25, 274, 0], [0, 11, 224, 217, 341, 426, 105, 340, 469, 402, 334, 374, 385, 207, 41, 443, 231, 388, 110, 201, 240, 97, 173, 140, 496, 0]], [[0, 436, 162, 94, 174, 440, 288, 262, 478, 191, 492, 412, 332, 397, 113, 372, 389, 314, 396, 0], [0, 283, 424, 330, 185, 101, 265, 144, 119, 40, 462, 481, 439, 47, 260, 386, 37, 19, 490, 18, 103, 297, 342, 3, 349, 145, 299, 0]], [[0, 317, 252, 195, 36, 241, 206, 473, 338, 292, 70, 175, 51, 435, 71, 343, 344, 489, 308, 17, 0], [0, 141, 369, 56, 276, 154, 126, 24, 151, 247, 137, 6, 442, 281, 237, 180, 91, 261, 471, 202, 246, 0]]]","[[[0, 112, 0], [0, 132, 0], [0, 69, 123, 0], [0, 351, 421, 0], [0, 433, 291, 181, 0], [0, 410, 0], [0, 89, 301, 0], [0, 345, 0], [0, 238, 0], [0, 355, 54, 0], [0, 339, 0], [0, 323, 434, 0], [0, 476, 0], [0, 453, 425, 0], [0, 432, 0]], [[0, 82, 0], [0, 48, 499, 0], [0, 405, 0], [0, 92, 0], [0, 321, 0], [0, 125, 0], [0, 153, 134, 0], [0, 208, 0], [0, 218, 0], [0, 53, 0], [0, 409, 346, 0], [0, 226, 0], [0, 280, 65, 0], [0, 472, 0]], [[0, 142, 0], [0, 59, 0], [0, 470, 0]], [], [[0, 446, 0]], [[0, 306, 0]], [], [[0, 429, 0]], [], [[0, 9, 0]]]","[8100.882685382827, 8100.67799630998, 8107.325198955816, 8104.061811574575, 8111.546658342997, 8097.243055429923, 8107.494860952212, 8084.860880506509, 8109.661760987779, 8107.5488018703945]","[7491.046518374428, 7350.751158054315, 1885.0443594992546, -0.0, 569.3171444000238, 599.5854819083097, -0.0, 673.3833005801375, -0.0, 696.4666550699238]",1400,2.27
500.30.1,500,10,10,endurance,high,high,3600,15.6464,700,31.2928,133.4919694,"[[[0, 393, 365, 370, 352, 377, 488, 418, 214, 167, 368, 146, 331, 475, 287, 28, 320, 263, 380, 491, 177, 0], [0, 344, 343, 401, 129, 487, 71, 435, 307, 51, 175, 292, 206, 473, 338, 70, 170, 316, 203, 489, 471, 202, 246, 17, 0]], [[0, 433, 417, 445, 21, 30, 310, 273, 379, 213, 361, 55, 139, 422, 31, 163, 179, 271, 25, 122, 274, 0], [0, 210, 403, 193, 447, 449, 156, 169, 326, 118, 133, 212, 128, 319, 100, 117, 199, 85, 484, 465, 272, 232, 221, 256, 81, 130, 384, 359, 0]], [[0, 46, 303, 96, 427, 457, 23, 313, 198, 252, 461, 111, 197, 168, 356, 357, 16, 194, 209, 143, 295, 0], [0, 243, 4, 58, 394, 64, 7, 121, 459, 439, 462, 481, 47, 260, 386, 37, 19, 490, 18, 103, 297, 342, 3, 349, 145, 299, 0]], [[0, 405, 421, 38, 183, 415, 406, 448, 86, 114, 444, 381, 63, 282, 26, 216, 59, 0], [0, 135, 337, 318, 309, 358, 416, 364, 230, 222, 66, 336, 378, 107, 50, 259, 57, 467, 27, 375, 14, 242, 0]], [[0, 78, 261, 77, 91, 180, 237, 281, 442, 6, 137, 247, 151, 24, 126, 154, 276, 56, 269, 369, 33, 0], [0, 178, 267, 95, 155, 498, 88, 127, 413, 185, 101, 265, 93, 255, 124, 144, 119, 40, 479, 228, 13, 157, 298, 424, 330, 283, 494, 115, 495, 138, 485, 112, 0]], [[0, 382, 72, 248, 174, 440, 288, 478, 366, 161, 235, 12, 192, 329, 296, 200, 116, 131, 285, 52, 99, 158, 49, 0], [0, 308, 317, 205, 74, 195, 36, 241, 136, 497, 450, 286, 477, 387, 258, 39, 452, 347, 75, 35, 0]], [[0, 1, 8, 172, 322, 254, 482, 493, 293, 420, 225, 486, 184, 400, 83, 454, 79, 464, 328, 166, 463, 348, 0], [0, 395, 69, 224, 173, 217, 341, 426, 231, 388, 443, 250, 468, 220, 110, 201, 240, 97, 140, 496, 0]], [[0, 15, 277, 431, 2, 268, 354, 390, 360, 104, 302, 244, 22, 187, 106, 120, 45, 419, 371, 391, 229, 363, 10, 218, 0], [0, 474, 430, 60, 458, 87, 165, 215, 441, 148, 500, 211, 290, 98, 150, 456, 257, 414, 34, 411, 437, 32, 466, 245, 164, 270, 160, 0]], [[0, 436, 480, 162, 94, 389, 372, 113, 397, 332, 262, 191, 492, 412, 275, 279, 483, 399, 373, 367, 223, 335, 315, 239, 314, 333, 438, 451, 0], [0, 324, 176, 304, 455, 392, 266, 196, 108, 284, 147, 311, 404, 350, 44, 20, 219, 186, 294, 149, 90, 227, 84, 278, 0]], [[0, 264, 327, 233, 102, 383, 325, 188, 251, 376, 76, 41, 207, 385, 374, 334, 402, 469, 340, 105, 353, 408, 43, 305, 171, 249, 476, 0], [0, 62, 362, 5, 428, 61, 234, 67, 204, 407, 189, 300, 398, 152, 236, 159, 182, 80, 73, 423, 53, 0]]]","[[[0, 181, 446, 0], [0, 291, 280, 0], [0, 410, 339, 0], [0, 109, 312, 0], [0, 11, 153, 0], [0, 289, 68, 0], [0, 345, 0], [0, 190, 0], [0, 125, 0], [0, 29, 141, 0], [0, 355, 351, 0], [0, 253, 0], [0, 425, 9, 0], [0, 42, 0]], [[0, 123, 0], [0, 409, 134, 0], [0, 346, 453, 0], [0, 460, 0], [0, 470, 0], [0, 238, 0], [0, 82, 0], [0, 472, 0], [0, 434, 65, 0], [0, 323, 0], [0, 499, 48, 0], [0, 142, 0], [0, 92, 0]], [[0, 396, 0], [0, 306, 0]], [], [], [[0, 226, 0], [0, 432, 321, 0]], [[0, 429, 0], [0, 208, 0], [0, 54, 89, 0]], [], [], [[0, 132, 301, 0]]]","[8006.637950575962, 8009.518163624411, 8002.419111951649, 8006.752263184608, 8005.623625749997, 8007.388473420994, 7933.315809551197, 8008.715149050727, 8008.950942506764, 7985.964004151485]","[7199.055261220659, 7504.650947797701, 893.1418370953389, -0.0, -0.0, 972.8783704368764, 1886.6295252875752, -0.0, -0.0, 685.4910755196927]",1400,2.27
500.30.1,500,10,10,endurance,high,high,3600,15.6464,700,31.2928,135.685343,"[[[0, 438, 348, 463, 166, 73, 454, 79, 464, 328, 223, 367, 373, 397, 94, 162, 480, 131, 248, 72, 382, 92, 190, 0], [0, 203, 316, 170, 70, 338, 473, 206, 292, 175, 51, 307, 435, 71, 487, 129, 401, 343, 344, 489, 471, 261, 77, 56, 269, 369, 33, 0]], [[0, 359, 436, 174, 440, 288, 478, 366, 161, 235, 329, 296, 200, 116, 285, 52, 99, 158, 49, 0], [0, 83, 184, 1, 293, 493, 420, 482, 254, 322, 172, 8, 398, 152, 236, 159, 182, 80, 125, 0]], [[0, 38, 183, 415, 406, 448, 186, 294, 219, 20, 44, 350, 311, 404, 284, 147, 444, 114, 86, 381, 63, 282, 429, 0], [0, 451, 333, 239, 315, 335, 399, 400, 483, 279, 225, 486, 275, 412, 492, 191, 262, 332, 113, 372, 389, 314, 289, 0]], [[0, 299, 145, 349, 3, 465, 272, 128, 319, 100, 117, 199, 85, 484, 342, 297, 18, 490, 394, 58, 4, 243, 138, 485, 363, 0], [0, 474, 278, 430, 60, 84, 227, 90, 149, 458, 87, 165, 441, 215, 148, 500, 211, 204, 67, 234, 5, 362, 62, 0]], [[0, 202, 78, 276, 154, 126, 91, 180, 237, 281, 442, 6, 137, 247, 151, 24, 368, 146, 331, 475, 287, 28, 320, 263, 380, 491, 177, 0], [0, 431, 45, 120, 106, 187, 93, 255, 124, 144, 265, 101, 185, 413, 127, 88, 498, 155, 95, 419, 371, 267, 391, 0]], [[0, 173, 217, 341, 426, 388, 443, 41, 207, 385, 374, 334, 402, 469, 105, 340, 194, 16, 168, 387, 356, 357, 209, 353, 143, 295, 347, 75, 249, 35, 0], [0, 423, 270, 466, 32, 437, 411, 34, 300, 414, 257, 456, 150, 98, 290, 189, 407, 61, 428, 245, 164, 160, 0]], [[0, 163, 14, 375, 27, 467, 361, 222, 66, 336, 378, 107, 50, 259, 57, 108, 196, 266, 392, 455, 304, 176, 324, 26, 242, 0], [0, 395, 140, 97, 240, 201, 250, 76, 376, 251, 188, 383, 325, 30, 122, 0]], [[0, 103, 19, 37, 386, 260, 47, 481, 462, 439, 121, 459, 479, 40, 119, 228, 13, 157, 7, 64, 298, 424, 330, 283, 494, 115, 495, 178, 10, 0], [0, 496, 224, 171, 305, 43, 408, 231, 110, 468, 220, 102, 233, 327, 264, 21, 445, 470, 417, 42, 0]], [[0, 216, 31, 422, 139, 55, 213, 364, 230, 416, 358, 309, 337, 135, 318, 379, 273, 310, 179, 271, 25, 274, 226, 0], [0, 384, 130, 81, 256, 221, 232, 169, 449, 156, 326, 118, 212, 133, 12, 192, 447, 193, 403, 210, 306, 109, 0]], [[0, 15, 253, 277, 2, 268, 354, 390, 360, 104, 22, 244, 302, 377, 488, 418, 214, 167, 370, 352, 365, 393, 0], [0, 308, 317, 205, 74, 195, 36, 241, 136, 497, 450, 286, 477, 197, 111, 461, 252, 198, 313, 23, 258, 39, 452, 457, 427, 96, 303, 46, 54, 0]]]","[[[0, 29, 425, 0], [0, 280, 433, 0], [0, 351, 0], [0, 405, 0], [0, 17, 0], [0, 218, 291, 0], [0, 339, 410, 0], [0, 153, 355, 0], [0, 59, 69, 0], [0, 321, 0], [0, 446, 0], [0, 123, 0], [0, 301, 0], [0, 238, 0]], [[0, 460, 0], [0, 323, 434, 0], [0, 132, 0], [0, 312, 0], [0, 53, 0], [0, 229, 112, 0], [0, 9, 0], [0, 472, 0], [0, 11, 142, 0], [0, 208, 0], [0, 65, 0], [0, 181, 421, 0], [0, 499, 48, 0]], [[0, 476, 89, 0], [0, 82, 0], [0, 396, 68, 0], [0, 246, 0], [0, 345, 0]], [[0, 141, 409, 0]], [], [[0, 453, 346, 0]], [], [[0, 432, 0]], [[0, 134, 0]], []]","[8139.514244398352, 8130.557510002075, 8129.00334356581, 8124.535211765484, 8141.120582125516, 8140.368138673848, 8129.422652122763, 8137.45083451967, 8100.747617063393, 8138.412566176537]","[7119.134598192095, 7757.512591522218, 3166.975921032949, 645.5830904670094, -0.0, 682.4394648381126, -0.0, 466.13184761496126, 662.93082661467, -0.0]",1400,2.27
500.30.2,500,10,10,endurance,high,high,3600,15.6464,700,31.2928,139.1798408,"[[[0, 63, 73, 302, 301, 148, 136, 115, 425, 282, 448, 201, 272, 450, 364, 400, 132, 359, 0], [0, 250, 66, 446, 489, 399, 370, 23, 30, 266, 125, 439, 97, 247, 138, 159, 292, 495, 65, 286, 213, 372, 328, 414, 378, 168, 383, 261, 369, 116, 481, 363, 0]], [[0, 447, 260, 212, 246, 190, 427, 332, 319, 72, 69, 249, 53, 17, 193, 321, 46, 67, 230, 0], [0, 384, 457, 118, 297, 48, 146, 241, 172, 431, 388, 81, 15, 117, 107, 85, 449, 313, 1, 32, 398, 62, 141, 426, 454, 0]], [[0, 253, 326, 412, 362, 345, 91, 102, 220, 14, 352, 33, 428, 131, 361, 150, 189, 453, 13, 430, 92, 0], [0, 407, 78, 58, 149, 309, 35, 374, 327, 298, 437, 259, 84, 411, 204, 111, 29, 479, 164, 36, 490, 0]], [[0, 197, 185, 192, 452, 335, 170, 396, 497, 227, 45, 183, 54, 344, 358, 371, 251, 87, 174, 491, 89, 0], [0, 339, 86, 236, 226, 181, 262, 331, 485, 256, 217, 207, 258, 329, 461, 317, 386, 8, 391, 310, 303, 405, 263, 0]], [[0, 222, 3, 300, 47, 221, 496, 324, 367, 323, 277, 455, 444, 334, 473, 104, 476, 200, 95, 160, 0], [0, 456, 465, 360, 486, 219, 285, 368, 478, 202, 238, 442, 350, 257, 274, 223, 134, 288, 234, 210, 216, 287, 248, 177, 0]], [[0, 121, 305, 158, 451, 11, 114, 166, 325, 333, 290, 397, 119, 42, 488, 110, 304, 499, 337, 338, 152, 18, 245, 94, 173, 44, 382, 0], [0, 336, 231, 218, 467, 49, 140, 142, 484, 355, 316, 387, 120, 169, 113, 82, 283, 271, 139, 265, 390, 275, 356, 0]], [[0, 385, 434, 295, 123, 408, 103, 306, 482, 2, 377, 349, 6, 299, 191, 137, 106, 206, 71, 436, 347, 50, 314, 315, 179, 438, 279, 70, 0], [0, 354, 7, 376, 432, 492, 471, 280, 500, 22, 393, 308, 5, 112, 171, 255, 233, 43, 441, 25, 165, 143, 0]], [[0, 31, 38, 224, 79, 21, 40, 75, 156, 211, 184, 458, 402, 145, 289, 346, 296, 34, 122, 342, 0], [0, 80, 480, 470, 151, 416, 98, 76, 208, 178, 273, 205, 108, 12, 410, 68, 232, 83, 278, 175, 157, 20, 0]], [[0, 433, 463, 237, 435, 4, 57, 351, 187, 464, 460, 37, 203, 381, 199, 468, 379, 445, 214, 55, 229, 0], [0, 239, 27, 443, 267, 26, 196, 16, 341, 144, 343, 392, 423, 270, 291, 51, 161, 0]], [[0, 353, 240, 242, 421, 127, 60, 415, 440, 39, 77, 90, 462, 163, 330, 147, 493, 24, 466, 474, 472, 153, 417, 268, 375, 0], [0, 124, 404, 294, 52, 194, 357, 9, 284, 475, 395, 64, 188, 418, 424, 101, 409, 176, 281, 99, 61, 130, 312, 366, 420, 243, 498, 394, 0]]]","[[[0, 235, 0], [0, 320, 0], [0, 477, 318, 0], [0, 373, 0], [0, 276, 0], [0, 254, 0], [0, 209, 0], [0, 422, 469, 0], [0, 252, 0], [0, 19, 365, 0], [0, 389, 0], [0, 100, 228, 0], [0, 167, 307, 0], [0, 419, 0], [0, 215, 403, 0]], [[0, 129, 0], [0, 109, 0], [0, 269, 0], [0, 88, 311, 0], [0, 56, 0], [0, 126, 0], [0, 198, 0], [0, 293, 0], [0, 74, 494, 0], [0, 182, 0], [0, 154, 401, 0], [0, 10, 0], [0, 93, 0]], [[0, 483, 0], [0, 340, 186, 459, 0], [0, 487, 135, 0], [0, 225, 413, 0]], [[0, 162, 244, 0], [0, 406, 0]], [[0, 41, 0], [0, 264, 96, 0], [0, 105, 429, 0]], [], [[0, 322, 0]], [[0, 155, 0], [0, 348, 0], [0, 28, 0]], [[0, 128, 180, 0], [0, 133, 0]], [[0, 380, 0], [0, 195, 59, 0]]]","[8347.914396959492, 8338.11235304291, 8347.50735604824, 8348.46355019119, 8350.790446954512, 8338.710609380283, 8338.749832295642, 8278.139502746655, 8350.539735218783, 8321.348332107324]","[7120.509974878105, 7404.256727308708, 2371.134748828321, 992.2429438111783, 1957.4385545418424, -0.0, 520.8476971432317, 1146.0047897675088, 1326.4991448113597, 1292.1311296582153]",1400,2.27
500.30.2,500,10,10,endurance,high,high,3600,15.6464,700,31.2928,138.128218,"[[[0, 438, 63, 73, 302, 132, 400, 301, 148, 136, 115, 425, 282, 448, 201, 272, 450, 364, 359, 222, 0], [0, 160, 248, 95, 200, 476, 216, 287, 309, 374, 35, 298, 327, 437, 259, 84, 411, 204, 111, 29, 479, 164, 36, 149, 58, 78, 20, 0]], [[0, 498, 243, 420, 61, 357, 194, 52, 9, 284, 475, 395, 64, 418, 188, 69, 319, 72, 249, 53, 17, 294, 404, 124, 230, 167, 0], [0, 31, 38, 224, 79, 21, 40, 458, 184, 75, 156, 211, 146, 241, 172, 48, 297, 118, 457, 32, 384, 0]], [[0, 161, 267, 496, 324, 323, 455, 277, 170, 183, 358, 371, 251, 87, 174, 491, 89, 452, 335, 192, 185, 197, 0], [0, 173, 94, 245, 18, 152, 338, 337, 499, 304, 110, 488, 451, 114, 11, 138, 159, 292, 495, 65, 266, 125, 30, 23, 489, 446, 66, 250, 481, 363, 0]], [[0, 396, 497, 227, 45, 54, 344, 486, 285, 368, 478, 238, 202, 219, 360, 465, 456, 444, 367, 221, 47, 300, 0], [0, 342, 275, 122, 34, 49, 467, 140, 142, 484, 355, 316, 387, 113, 169, 120, 402, 145, 289, 346, 296, 218, 231, 336, 93, 0]], [[0, 390, 265, 139, 271, 283, 82, 168, 378, 414, 328, 372, 213, 286, 247, 158, 97, 439, 305, 121, 399, 370, 383, 261, 369, 116, 0], [0, 339, 354, 376, 432, 492, 471, 280, 329, 461, 500, 22, 171, 317, 386, 8, 391, 310, 303, 25, 165, 143, 0]], [[0, 80, 480, 42, 119, 397, 166, 325, 333, 290, 151, 416, 98, 76, 470, 421, 469, 0], [0, 70, 179, 315, 314, 50, 347, 436, 71, 206, 106, 137, 191, 299, 103, 123, 295, 326, 253, 434, 403, 263, 235, 0]], [[0, 215, 430, 453, 189, 226, 181, 150, 345, 91, 102, 377, 2, 349, 6, 482, 306, 408, 412, 13, 0], [0, 443, 26, 196, 16, 341, 442, 350, 257, 274, 223, 134, 288, 234, 210, 144, 343, 392, 423, 334, 473, 104, 270, 291, 51, 27, 239, 0]], [[0, 382, 44, 127, 60, 415, 77, 90, 462, 163, 330, 147, 493, 208, 178, 273, 205, 108, 12, 466, 24, 39, 440, 472, 242, 240, 353, 0], [0, 366, 312, 130, 463, 281, 176, 99, 424, 101, 409, 435, 237, 468, 379, 433, 445, 214, 55, 62, 229, 0]], [[0, 199, 381, 203, 4, 57, 351, 187, 464, 37, 460, 431, 388, 81, 117, 15, 107, 85, 449, 313, 1, 398, 426, 0], [0, 105, 157, 175, 278, 68, 410, 232, 83, 474, 153, 417, 268, 0]], [[0, 362, 361, 131, 428, 33, 352, 220, 14, 207, 258, 217, 256, 485, 331, 262, 7, 236, 86, 92, 0], [0, 67, 46, 321, 193, 212, 246, 190, 427, 332, 5, 308, 393, 112, 255, 233, 43, 441, 260, 320, 0]]]","[[[0, 154, 413, 0], [0, 311, 375, 0], [0, 155, 96, 0], [0, 318, 454, 0], [0, 177, 162, 0], [0, 487, 0], [0, 477, 0], [0, 429, 490, 0], [0, 459, 128, 0], [0, 407, 182, 0], [0, 129, 0], [0, 340, 133, 0], [0, 198, 0], [0, 385, 0]], [[0, 394, 422, 0], [0, 322, 307, 0], [0, 100, 0], [0, 74, 494, 0], [0, 356, 88, 0], [0, 10, 0], [0, 483, 0], [0, 180, 380, 0], [0, 447, 405, 0], [0, 209, 0], [0, 365, 0], [0, 348, 0], [0, 419, 0], [0, 141, 0], [0, 293, 389, 0]], [[0, 28, 0], [0, 3, 0], [0, 279, 264, 0], [0, 254, 0], [0, 59, 244, 0], [0, 186, 225, 0], [0, 406, 0], [0, 269, 135, 0], [0, 109, 401, 0], [0, 19, 0]], [[0, 56, 0], [0, 373, 195, 0]], [], [[0, 276, 0]], [], [], [[0, 41, 0], [0, 252, 228, 0]], [[0, 126, 0]]]","[8283.566881340965, 8272.380633382965, 8287.693079144832, 8281.946131269127, 8284.68485633127, 8284.976262452976, 8250.134810626652, 8284.1091361939, 8258.965699313356, 8286.325796056713]","[7875.2569790334765, 8265.031808200805, 5194.708917590142, 1324.9570434182965, -0.0, 288.33226980612375, -0.0, -0.0, 1277.5070487263101, 554.3097165588707]",1400,2.27
500.30.2,500,10,10,endurance,high,high,3600,15.6464,700,31.2928,137.5660821,"[[[0, 121, 305, 439, 97, 158, 247, 159, 138, 11, 451, 114, 166, 325, 333, 290, 151, 416, 98, 76, 330, 163, 462, 90, 77, 415, 60, 421, 44, 382, 0], [0, 74, 160, 95, 200, 476, 104, 473, 216, 287, 479, 164, 36, 149, 58, 248, 0]], [[0, 260, 321, 193, 72, 319, 69, 249, 53, 17, 46, 67, 0], [0, 367, 444, 456, 465, 202, 238, 478, 368, 285, 219, 360, 486, 344, 54, 183, 45, 396, 335, 162, 0]], [[0, 469, 268, 472, 440, 39, 24, 466, 493, 147, 208, 178, 273, 205, 108, 12, 474, 153, 417, 157, 105, 20, 0], [0, 161, 51, 291, 270, 334, 423, 392, 144, 343, 210, 234, 288, 134, 223, 274, 257, 350, 442, 341, 16, 196, 26, 267, 443, 27, 186, 0]], [[0, 230, 124, 404, 294, 194, 357, 52, 9, 284, 475, 395, 64, 188, 418, 424, 101, 409, 176, 281, 99, 61, 420, 243, 498, 487, 0], [0, 366, 312, 130, 463, 237, 435, 4, 57, 351, 203, 381, 199, 468, 379, 433, 214, 55, 62, 229, 0]], [[0, 438, 73, 347, 436, 71, 206, 106, 137, 191, 299, 6, 349, 377, 2, 482, 306, 103, 408, 123, 295, 50, 314, 315, 179, 0], [0, 31, 38, 224, 79, 21, 40, 346, 289, 145, 402, 458, 75, 211, 156, 184, 146, 241, 172, 297, 48, 118, 457, 384, 19, 365, 0]], [[0, 175, 111, 29, 278, 83, 232, 410, 68, 204, 411, 84, 259, 437, 298, 327, 35, 374, 309, 78, 0], [0, 96, 339, 354, 376, 432, 492, 471, 280, 217, 256, 485, 331, 262, 7, 181, 226, 236, 86, 189, 453, 13, 430, 92, 0]], [[0, 32, 313, 449, 85, 107, 431, 388, 460, 464, 187, 37, 81, 15, 117, 445, 1, 398, 426, 0], [0, 93, 336, 231, 218, 122, 34, 49, 467, 140, 296, 142, 484, 120, 169, 113, 387, 316, 355, 82, 283, 271, 139, 265, 390, 275, 356, 0]], [[0, 302, 148, 136, 115, 425, 282, 448, 201, 174, 87, 371, 358, 251, 227, 497, 170, 277, 455, 323, 324, 496, 221, 47, 300, 222, 0], [0, 235, 143, 441, 43, 212, 246, 190, 427, 332, 5, 308, 112, 171, 255, 233, 317, 386, 8, 391, 310, 303, 25, 165, 263, 0]], [[0, 481, 116, 369, 261, 383, 168, 378, 414, 328, 372, 213, 286, 495, 65, 292, 266, 125, 30, 23, 370, 399, 489, 446, 66, 250, 41, 401, 0], [0, 173, 94, 245, 18, 152, 338, 337, 499, 304, 110, 488, 119, 397, 470, 42, 480, 80, 127, 240, 242, 353, 0]], [[0, 239, 197, 185, 192, 452, 89, 491, 450, 272, 364, 301, 400, 132, 359, 389, 0], [0, 393, 22, 500, 461, 329, 258, 207, 14, 220, 352, 33, 102, 428, 131, 91, 345, 361, 150, 362, 412, 326, 253, 434, 70, 0]]]","[[[0, 318, 419, 0], [0, 279, 293, 264, 0], [0, 228, 100, 0], [0, 380, 180, 0], [0, 182, 0], [0, 276, 0], [0, 407, 375, 0], [0, 215, 0], [0, 494, 88, 0], [0, 252, 0], [0, 454, 0], [0, 167, 307, 322, 0], [0, 477, 0], [0, 320, 0]], [[0, 141, 373, 0], [0, 244, 0], [0, 126, 0], [0, 59, 447, 0], [0, 394, 0], [0, 129, 0], [0, 3, 0], [0, 406, 0], [0, 311, 0], [0, 225, 0], [0, 10, 0], [0, 254, 0], [0, 56, 0], [0, 342, 0], [0, 385, 0]], [[0, 413, 429, 0], [0, 483, 0], [0, 28, 0], [0, 63, 0], [0, 363, 0], [0, 195, 0], [0, 133, 340, 0], [0, 490, 177, 0], [0, 135, 269, 0], [0, 422, 0], [0, 154, 459, 0], [0, 109, 0], [0, 155, 0], [0, 209, 0], [0, 403, 405, 0]], [[0, 198, 0]], [], [[0, 348, 0]], [], [], [[0, 128, 0]], []]","[8234.63019303852, 8249.043642520453, 8253.964924525138, 8248.78667817221, 8242.149653586308, 8244.686032926264, 8243.174263350127, 8227.296697229123, 8251.45293677959, 8253.864562241895]","[7057.847838331408, 7348.586289844254, 8207.873356215976, 670.8190827267247, -0.0, 447.43944311689245, -0.0, -0.0, 615.1316918826828, -0.0]",1400,2.27
500.30.2,500,10,10,endurance,high,high,3600,15.6464,700,31.2928,137.3127787,"[[[0, 466, 24, 493, 147, 330, 76, 98, 416, 151, 290, 333, 325, 166, 114, 11, 451, 397, 119, 480, 415, 60, 421, 240, 242, 469, 0], [0, 143, 260, 193, 427, 190, 246, 212, 43, 441, 354, 236, 86, 189, 453, 13, 430, 339, 92, 215, 0]], [[0, 32, 117, 15, 81, 37, 187, 464, 460, 388, 431, 107, 85, 449, 313, 1, 398, 141, 229, 0], [0, 93, 336, 231, 218, 467, 140, 296, 346, 289, 145, 402, 458, 120, 169, 113, 387, 316, 355, 484, 142, 49, 34, 122, 390, 275, 356, 0]], [[0, 124, 404, 294, 194, 357, 52, 475, 395, 64, 69, 188, 418, 424, 101, 409, 176, 281, 99, 284, 9, 61, 420, 243, 498, 307, 0], [0, 268, 472, 440, 39, 77, 90, 462, 163, 470, 42, 488, 110, 304, 305, 439, 121, 337, 338, 152, 18, 245, 94, 173, 382, 0]], [[0, 73, 302, 436, 71, 206, 106, 137, 191, 299, 6, 349, 377, 2, 482, 306, 103, 347, 314, 315, 438, 0], [0, 366, 312, 130, 463, 237, 435, 4, 57, 351, 203, 381, 199, 468, 379, 433, 445, 214, 55, 62, 426, 129, 0]], [[0, 248, 309, 35, 374, 327, 298, 437, 259, 84, 411, 204, 111, 175, 20, 0], [0, 26, 196, 16, 341, 442, 238, 202, 478, 368, 285, 219, 360, 486, 465, 456, 444, 367, 221, 47, 300, 239, 0]], [[0, 481, 116, 369, 399, 370, 372, 213, 286, 266, 125, 30, 23, 489, 446, 66, 250, 254, 401, 0], [0, 361, 131, 428, 485, 256, 217, 258, 207, 14, 220, 352, 33, 102, 91, 345, 408, 123, 295, 50, 179, 279, 70, 0]], [[0, 27, 443, 267, 496, 324, 323, 455, 277, 170, 45, 183, 54, 344, 358, 371, 251, 87, 174, 227, 497, 396, 335, 452, 192, 185, 197, 222, 0], [0, 359, 132, 400, 301, 148, 136, 115, 425, 282, 448, 201, 364, 272, 450, 491, 89, 0]], [[0, 230, 198, 67, 46, 321, 17, 53, 249, 72, 319, 332, 5, 308, 393, 112, 171, 255, 233, 303, 25, 165, 263, 0], [0, 160, 95, 200, 476, 287, 216, 210, 288, 234, 134, 223, 257, 350, 274, 144, 343, 392, 423, 334, 473, 104, 270, 291, 51, 161, 429, 0]], [[0, 353, 44, 127, 80, 499, 97, 158, 247, 138, 159, 65, 495, 292, 328, 414, 378, 168, 383, 261, 82, 283, 271, 139, 265, 0], [0, 157, 417, 153, 474, 12, 108, 208, 178, 273, 205, 410, 68, 232, 83, 278, 29, 479, 164, 36, 149, 58, 78, 0]], [[0, 31, 38, 224, 79, 21, 40, 211, 156, 75, 184, 146, 241, 172, 48, 297, 118, 457, 384, 406, 28, 0], [0, 310, 391, 8, 376, 386, 317, 22, 500, 461, 329, 280, 471, 492, 432, 331, 262, 7, 181, 226, 150, 362, 412, 326, 253, 434, 0]]]","[[[0, 373, 422, 0], [0, 454, 0], [0, 403, 276, 0], [0, 483, 394, 0], [0, 348, 0], [0, 154, 490, 407, 0], [0, 177, 186, 459, 0], [0, 10, 0], [0, 380, 0], [0, 96, 293, 477, 0], [0, 88, 340, 264, 0], [0, 59, 167, 0], [0, 487, 0], [0, 385, 0]], [[0, 182, 0], [0, 126, 228, 0], [0, 322, 244, 0], [0, 41, 0], [0, 389, 74, 0], [0, 405, 3, 0], [0, 311, 0], [0, 162, 128, 0], [0, 419, 0], [0, 363, 0], [0, 413, 225, 0], [0, 56, 0], [0, 19, 365, 0]], [[0, 155, 0], [0, 100, 318, 0], [0, 235, 0], [0, 342, 0], [0, 269, 135, 0], [0, 209, 0], [0, 105, 375, 0], [0, 109, 0], [0, 252, 0], [0, 320, 0], [0, 63, 0], [0, 133, 0]], [[0, 494, 0]], [[0, 447, 195, 0]], [], [[0, 180, 0]], [], [], []]","[8218.886966131035, 8216.028113983886, 8221.722041578636, 8238.76672497735, 8234.64450441721, 8237.98930724325, 8237.367444444139, 8238.586676166848, 8210.915005566632, 8225.244487784406]","[8008.987959181782, 8036.59297142941, 6428.254092465247, 680.2303248460668, 525.5357384360088, -0.0, 660.7730679930708, -0.0, -0.0, -0.0]",1400,2.27
500.30.2,500,10,10,endurance,high,high,3600,15.6464,700,31.2928,137.404235,"[[[0, 26, 196, 16, 341, 350, 257, 442, 238, 202, 478, 368, 285, 219, 360, 465, 456, 444, 367, 496, 267, 443, 27, 0], [0, 175, 111, 204, 411, 84, 259, 437, 327, 298, 35, 374, 309, 248, 0]], [[0, 438, 73, 302, 132, 400, 301, 148, 136, 425, 115, 137, 191, 299, 103, 106, 206, 71, 436, 347, 50, 314, 315, 179, 215, 70, 0], [0, 498, 243, 420, 61, 9, 284, 99, 176, 409, 101, 424, 418, 188, 69, 64, 395, 475, 52, 357, 194, 294, 404, 124, 230, 0]], [[0, 339, 354, 236, 7, 262, 331, 485, 256, 217, 280, 471, 492, 432, 317, 171, 233, 386, 376, 8, 391, 310, 303, 25, 165, 143, 0], [0, 260, 67, 46, 321, 193, 17, 53, 249, 72, 319, 308, 5, 332, 427, 190, 246, 212, 43, 441, 263, 0]], [[0, 31, 38, 224, 79, 21, 40, 346, 289, 145, 402, 458, 184, 75, 156, 211, 146, 241, 172, 48, 297, 118, 457, 384, 19, 0], [0, 89, 491, 396, 497, 45, 183, 358, 486, 344, 54, 455, 323, 324, 221, 47, 185, 197, 300, 239, 0]], [[0, 20, 78, 58, 149, 36, 164, 479, 29, 278, 153, 472, 421, 240, 242, 353, 469, 0], [0, 199, 381, 203, 4, 57, 351, 187, 464, 37, 460, 431, 388, 81, 117, 15, 107, 85, 449, 313, 1, 32, 398, 229, 129, 454, 0]], [[0, 342, 336, 231, 218, 122, 34, 49, 467, 140, 296, 142, 484, 355, 316, 387, 120, 169, 113, 82, 283, 271, 139, 265, 390, 275, 0], [0, 440, 39, 77, 90, 462, 163, 330, 76, 98, 416, 151, 290, 333, 325, 166, 397, 488, 110, 304, 80, 152, 245, 311, 254, 401, 0]], [[0, 173, 94, 18, 338, 337, 499, 305, 121, 439, 97, 158, 247, 159, 138, 11, 114, 451, 119, 42, 470, 480, 415, 60, 127, 44, 382, 0], [0, 434, 326, 295, 123, 408, 306, 482, 6, 349, 377, 2, 102, 91, 345, 362, 150, 181, 226, 453, 189, 86, 13, 430, 92, 403, 96, 0]], [[0, 157, 474, 83, 232, 68, 410, 12, 108, 205, 273, 178, 208, 147, 493, 24, 466, 417, 268, 0], [0, 481, 116, 369, 399, 370, 261, 383, 168, 378, 414, 328, 372, 213, 286, 292, 495, 65, 266, 125, 30, 23, 489, 446, 66, 250, 0]], [[0, 161, 51, 291, 270, 104, 473, 334, 423, 392, 343, 144, 274, 223, 134, 288, 234, 210, 216, 287, 476, 200, 95, 160, 74, 0], [0, 359, 450, 272, 364, 282, 448, 201, 174, 87, 371, 251, 227, 170, 277, 335, 452, 192, 222, 0]], [[0, 366, 312, 130, 463, 281, 237, 435, 468, 379, 433, 445, 214, 55, 62, 426, 0], [0, 255, 112, 393, 22, 500, 461, 329, 258, 207, 14, 220, 352, 33, 428, 131, 361, 412, 253, 0]]]","[[[0, 63, 0], [0, 209, 0], [0, 356, 88, 340, 0], [0, 269, 307, 0], [0, 198, 0], [0, 252, 0], [0, 459, 128, 0], [0, 279, 447, 0], [0, 380, 0], [0, 373, 141, 0], [0, 406, 0], [0, 413, 225, 0], [0, 363, 0], [0, 320, 0]], [[0, 318, 487, 195, 0], [0, 375, 0], [0, 56, 0], [0, 405, 228, 394, 0], [0, 41, 0], [0, 389, 180, 0], [0, 3, 0], [0, 162, 133, 0], [0, 109, 0], [0, 182, 407, 0], [0, 105, 0], [0, 235, 0], [0, 28, 0], [0, 93, 0], [0, 100, 0]], [[0, 477, 293, 0], [0, 483, 0], [0, 276, 0], [0, 490, 177, 0], [0, 429, 0], [0, 422, 365, 0], [0, 385, 0], [0, 154, 186, 0], [0, 494, 0]], [[0, 155, 0], [0, 264, 0]], [[0, 10, 0]], [[0, 244, 135, 0]], [[0, 348, 0]], [], [[0, 59, 126, 0], [0, 419, 0], [0, 322, 167, 0]], []]","[8244.25409830155, 8227.18980066371, 8242.513652085958, 8241.932944137921, 8236.619958643943, 8238.275246770998, 8241.417298624536, 8241.344766260192, 8228.454052891784, 8230.865981815945]","[8039.365233145839, 8234.09570270576, 4473.300441599836, 1057.8315260196468, 684.3529659969151, 687.0588904793982, 447.43944311689245, -0.0, 1628.006597818703, -0.0]",1400,2.27
500.30.3,500,10,10,endurance,high,high,3600,15.6464,700,31.2928,134.4285015,"[[[0, 253, 396, 331, 317, 307, 117, 46, 283, 176, 52, 121, 170, 434, 203, 211, 490, 208, 103, 154, 195, 332, 435, 0], [0, 315, 408, 365, 375, 160, 25, 77, 319, 57, 39, 438, 129, 5, 344, 401, 94, 420, 184, 0]], [[0, 497, 279, 43, 416, 2, 450, 360, 417, 351, 37, 389, 474, 111, 406, 291, 22, 196, 41, 404, 500, 394, 0], [0, 194, 410, 235, 289, 36, 239, 419, 236, 462, 148, 409, 359, 50, 228, 288, 348, 126, 342, 411, 222, 398, 96, 271, 363, 102, 165, 87, 0]], [[0, 1, 174, 177, 246, 402, 231, 91, 216, 93, 433, 242, 252, 430, 28, 334, 275, 163, 415, 341, 257, 31, 443, 354, 0], [0, 14, 217, 327, 212, 229, 468, 297, 164, 182, 75, 54, 484, 86, 286, 481, 407, 180, 244, 412, 381, 0]], [[0, 264, 473, 190, 27, 414, 493, 400, 284, 496, 482, 447, 110, 183, 0], [0, 461, 251, 362, 167, 466, 105, 358, 465, 258, 178, 383, 76, 499, 199, 432, 113, 135, 179, 425, 326, 335, 90, 459, 0]], [[0, 423, 136, 134, 133, 130, 372, 483, 153, 328, 437, 262, 151, 243, 128, 255, 276, 281, 369, 241, 384, 376, 17, 0], [0, 6, 204, 156, 320, 12, 187, 292, 8, 202, 370, 325, 249, 53, 109, 89, 127, 80, 120, 305, 485, 312, 137, 250, 261, 373, 83, 349, 15, 452, 0]], [[0, 478, 172, 272, 9, 69, 150, 440, 391, 388, 4, 189, 428, 162, 314, 55, 21, 116, 0], [0, 107, 390, 233, 386, 321, 48, 379, 79, 158, 444, 26, 387, 146, 487, 302, 123, 469, 147, 285, 445, 280, 294, 45, 0]], [[0, 458, 488, 422, 470, 124, 56, 371, 35, 339, 100, 308, 101, 191, 10, 424, 278, 218, 145, 173, 265, 495, 171, 49, 309, 0], [0, 269, 143, 270, 185, 209, 144, 32, 295, 392, 92, 463, 205, 159, 310, 367, 84, 338, 475, 245, 13, 377, 274, 98, 366, 287, 290, 225, 168, 318, 0]], [[0, 448, 357, 421, 393, 333, 364, 301, 132, 119, 267, 63, 361, 149, 263, 88, 197, 78, 346, 337, 299, 201, 0], [0, 66, 108, 439, 457, 300, 58, 385, 234, 399, 442, 67, 95, 62, 118, 336, 64, 456, 221, 115, 347, 471, 266, 429, 0]], [[0, 97, 3, 29, 491, 380, 125, 99, 47, 479, 413, 161, 106, 38, 460, 472, 306, 494, 60, 247, 61, 65, 368, 0], [0, 298, 73, 232, 175, 40, 480, 141, 71, 157, 220, 227, 330, 436, 259, 207, 7, 210, 431, 254, 0]], [[0, 20, 403, 198, 455, 323, 293, 397, 70, 215, 273, 441, 316, 311, 142, 152, 59, 23, 352, 492, 138, 350, 454, 226, 324, 24, 19, 72, 489, 282, 486, 230, 104, 353, 0], [0, 33, 237, 224, 223, 112, 356, 467, 193, 85, 303, 374, 256, 427, 355, 11, 453, 477, 44, 140, 74, 68, 188, 248, 498, 0]]]","[[[0, 206, 0], [0, 405, 0], [0, 192, 0], [0, 219, 0], [0, 42, 213, 0], [0, 181, 0], [0, 114, 0], [0, 313, 0], [0, 186, 0], [0, 449, 0], [0, 304, 81, 0], [0, 18, 240, 0], [0, 395, 0], [0, 451, 0], [0, 200, 0], [0, 345, 0], [0, 166, 0]], [[0, 322, 0], [0, 238, 296, 0], [0, 277, 0], [0, 16, 0], [0, 169, 30, 0], [0, 378, 260, 0], [0, 131, 0], [0, 446, 0], [0, 426, 122, 0], [0, 51, 0], [0, 329, 0], [0, 340, 0], [0, 82, 139, 0], [0, 34, 0]], [[0, 268, 0], [0, 382, 0], [0, 418, 0], [0, 343, 0]], [[0, 476, 0]], [[0, 155, 0]], [], [], [], [[0, 214, 464, 0]], []]","[8051.464056203287, 8060.994908468062, 8052.13191474685, 8055.4192381047305, 8065.391577335829, 8060.393214475174, 8039.038631037419, 8065.710092023437, 8053.7264170932185, 8052.3634771221205]","[7864.633381482277, 7256.666504441957, 2183.9717207768263, 402.02148332278324, 663.0717630587746, -0.0, -0.0, -0.0, 574.5766215138713, -0.0]",1400,2.27
500.30.3,500,10,10,endurance,high,high,3600,15.6464,700,31.2928,136.3979895,"[[[0, 299, 337, 346, 78, 197, 88, 263, 149, 361, 63, 267, 119, 301, 132, 336, 118, 62, 406, 474, 389, 37, 351, 417, 360, 2, 416, 43, 279, 497, 0], [0, 33, 282, 486, 72, 19, 24, 324, 226, 454, 350, 138, 492, 352, 23, 59, 152, 142, 311, 316, 441, 273, 215, 70, 397, 293, 230, 353, 0]], [[0, 108, 439, 457, 300, 58, 419, 236, 462, 234, 385, 399, 442, 67, 95, 111, 450, 404, 500, 394, 0], [0, 6, 204, 381, 8, 180, 202, 370, 325, 249, 53, 109, 89, 127, 80, 120, 305, 485, 312, 137, 261, 323, 455, 198, 403, 0]], [[0, 287, 366, 98, 377, 13, 338, 84, 367, 258, 178, 383, 76, 499, 199, 432, 113, 388, 440, 150, 69, 9, 272, 172, 478, 0], [0, 429, 266, 471, 41, 196, 347, 22, 291, 115, 221, 456, 64, 364, 333, 393, 421, 357, 448, 0]], [[0, 210, 7, 407, 481, 286, 86, 484, 54, 75, 182, 175, 438, 129, 232, 5, 344, 401, 94, 0], [0, 435, 332, 195, 3, 29, 491, 380, 60, 306, 494, 424, 278, 218, 145, 173, 265, 495, 65, 97, 107, 0]], [[0, 201, 225, 290, 274, 475, 245, 310, 159, 205, 463, 92, 392, 295, 32, 144, 209, 168, 0], [0, 390, 233, 386, 154, 103, 321, 413, 161, 106, 38, 460, 472, 10, 191, 101, 308, 100, 339, 371, 35, 56, 124, 470, 422, 488, 458, 0]], [[0, 133, 372, 483, 128, 255, 243, 262, 151, 307, 117, 283, 176, 52, 46, 317, 331, 396, 253, 147, 285, 445, 280, 17, 423, 0], [0, 143, 269, 270, 185, 461, 251, 362, 167, 466, 465, 358, 105, 135, 179, 425, 326, 335, 90, 405, 0]], [[0, 1, 315, 418, 298, 73, 14, 254, 431, 412, 244, 320, 292, 187, 12, 250, 373, 83, 156, 349, 15, 296, 0], [0, 469, 123, 302, 487, 146, 387, 26, 121, 170, 434, 203, 211, 158, 79, 379, 444, 490, 208, 48, 479, 47, 99, 125, 247, 61, 171, 309, 0]], [[0, 68, 74, 477, 44, 453, 126, 348, 288, 228, 50, 359, 409, 148, 239, 36, 289, 235, 410, 194, 188, 248, 66, 0], [0, 264, 473, 190, 130, 27, 414, 493, 437, 328, 153, 276, 281, 369, 241, 384, 376, 134, 136, 0]], [[0, 217, 327, 212, 229, 468, 297, 164, 207, 259, 436, 330, 227, 220, 157, 71, 141, 480, 40, 319, 57, 77, 25, 160, 375, 365, 39, 408, 420, 184, 0], [0, 446, 443, 31, 257, 341, 415, 163, 275, 334, 28, 430, 252, 242, 433, 93, 216, 91, 231, 402, 246, 177, 174, 0]], [[0, 489, 237, 224, 223, 112, 356, 467, 193, 374, 85, 303, 256, 427, 355, 342, 411, 11, 140, 222, 398, 96, 271, 363, 102, 165, 498, 0], [0, 116, 21, 55, 314, 391, 4, 189, 428, 162, 284, 400, 496, 482, 447, 110, 183, 0]]]","[[[0, 181, 240, 0], [0, 30, 114, 0], [0, 139, 81, 0], [0, 426, 34, 0], [0, 169, 0], [0, 294, 0], [0, 329, 0], [0, 318, 0], [0, 166, 42, 0], [0, 452, 192, 0], [0, 476, 0], [0, 343, 0], [0, 268, 0], [0, 131, 87, 0], [0, 340, 0], [0, 449, 0]], [[0, 213, 451, 0], [0, 304, 0], [0, 322, 0], [0, 378, 0], [0, 16, 238, 0], [0, 49, 0], [0, 155, 0], [0, 219, 0], [0, 20, 0], [0, 313, 0], [0, 214, 354, 0], [0, 368, 0], [0, 345, 0], [0, 45, 0], [0, 122, 0], [0, 277, 0]], [[0, 51, 0], [0, 260, 0], [0, 18, 0], [0, 200, 0], [0, 382, 0], [0, 459, 0], [0, 82, 186, 0]], [], [[0, 395, 0], [0, 464, 104, 0]], [[0, 206, 0]], [], [], [], []]","[8174.770517210349, 8181.979286532532, 8170.045816420973, 8183.549173455251, 8183.879369677392, 8169.495136971255, 8181.876941305714, 8156.550005490568, 8182.645979383608, 8159.71464843631]","[7786.585016040954, 7966.07530426989, 4397.573651174242, -0.0, 1192.649945734599, 594.3944672170576, -0.0, -0.0, -0.0, -0.0]",1400,2.27
500.30.3,500,10,10,endurance,high,high,3600,15.6464,700,31.2928,135.9523305,"[[[0, 498, 165, 102, 363, 271, 96, 237, 224, 112, 356, 454, 397, 70, 215, 316, 137, 261, 323, 455, 198, 403, 0], [0, 431, 412, 244, 210, 7, 407, 481, 286, 86, 484, 54, 75, 182, 164, 297, 468, 229, 212, 327, 73, 14, 298, 181, 0]], [[0, 171, 65, 97, 390, 3, 29, 491, 380, 125, 99, 38, 460, 472, 306, 494, 60, 247, 61, 495, 309, 0], [0, 68, 74, 140, 44, 477, 453, 126, 348, 288, 228, 50, 359, 409, 148, 419, 236, 462, 234, 385, 279, 0]], [[0, 423, 136, 134, 133, 130, 21, 55, 314, 150, 69, 9, 272, 172, 116, 478, 0], [0, 154, 103, 321, 48, 208, 490, 79, 158, 211, 203, 434, 170, 121, 52, 176, 283, 46, 117, 307, 317, 331, 396, 253, 285, 280, 332, 435, 0]], [[0, 459, 90, 335, 326, 440, 391, 388, 4, 189, 428, 162, 284, 400, 496, 482, 447, 110, 183, 0], [0, 66, 248, 188, 398, 222, 11, 411, 342, 355, 427, 256, 303, 85, 374, 193, 467, 223, 489, 19, 72, 486, 282, 33, 345, 0]], [[0, 225, 290, 287, 366, 98, 274, 377, 13, 245, 475, 338, 84, 367, 310, 159, 205, 463, 92, 392, 295, 32, 144, 209, 168, 0], [0, 497, 429, 266, 471, 41, 404, 196, 347, 22, 291, 115, 221, 456, 64, 62, 118, 336, 132, 301, 333, 393, 448, 322, 0]], [[0, 264, 473, 190, 27, 414, 493, 437, 328, 153, 262, 151, 243, 128, 255, 483, 276, 281, 369, 372, 241, 384, 376, 0], [0, 458, 488, 422, 470, 124, 56, 371, 433, 242, 252, 430, 28, 275, 334, 25, 160, 375, 365, 39, 408, 163, 415, 341, 315, 184, 0]], [[0, 461, 362, 167, 466, 105, 358, 465, 258, 178, 383, 76, 499, 199, 432, 113, 135, 179, 425, 251, 185, 270, 269, 143, 318, 0], [0, 201, 299, 337, 346, 78, 197, 88, 263, 149, 361, 63, 267, 119, 364, 421, 357, 0]], [[0, 254, 217, 5, 232, 175, 207, 259, 436, 220, 330, 227, 157, 71, 141, 480, 40, 319, 77, 57, 438, 129, 344, 401, 94, 420, 418, 186, 0], [0, 15, 349, 83, 373, 250, 485, 305, 312, 273, 441, 311, 142, 152, 59, 23, 352, 492, 138, 350, 226, 324, 24, 293, 230, 353, 0]], [[0, 107, 195, 233, 386, 47, 479, 413, 161, 106, 379, 444, 26, 387, 146, 487, 302, 123, 469, 147, 445, 17, 0], [0, 6, 204, 156, 320, 292, 187, 12, 120, 80, 127, 89, 109, 53, 249, 325, 370, 202, 180, 8, 381, 0]], [[0, 108, 439, 457, 300, 194, 410, 235, 289, 36, 239, 58, 399, 442, 67, 95, 406, 111, 474, 389, 37, 351, 417, 360, 450, 2, 416, 43, 500, 394, 0], [0, 265, 173, 145, 218, 278, 424, 10, 191, 101, 308, 100, 339, 35, 93, 216, 91, 231, 402, 246, 257, 31, 177, 277, 446, 1, 0]]]","[[[0, 169, 87, 0], [0, 200, 0], [0, 340, 192, 0], [0, 452, 0], [0, 104, 0], [0, 313, 0], [0, 476, 0], [0, 354, 82, 0], [0, 30, 139, 42, 0], [0, 382, 0], [0, 443, 240, 0], [0, 81, 0], [0, 174, 0], [0, 122, 0], [0, 343, 0], [0, 451, 0], [0, 395, 34, 0]], [[0, 378, 260, 0], [0, 213, 0], [0, 296, 214, 0], [0, 238, 268, 0], [0, 131, 0], [0, 49, 0], [0, 449, 0], [0, 51, 0], [0, 368, 0], [0, 294, 0], [0, 166, 0], [0, 18, 0], [0, 114, 0]], [[0, 20, 0], [0, 405, 0], [0, 219, 0], [0, 16, 0], [0, 426, 0], [0, 304, 464, 0], [0, 45, 0], [0, 155, 0]], [], [[0, 206, 0]], [], [[0, 329, 0]], [], [], []]","[8139.655827783658, 8153.2012932290745, 8155.473810509846, 8154.363180362835, 8152.07557173269, 8150.514465451504, 8148.783773641117, 8150.196839141725, 8157.139828427646, 8155.318864810334]","[8049.834874075767, 7151.7459999957, 3976.4699867314985, -0.0, 594.3944672170576, -0.0, 633.1386328302424, -0.0, -0.0, -0.0]",1400,2.27
500.30.3,500,10,10,endurance,high,high,3600,15.6464,700,31.2928,135.9074338,"[[[0, 322, 448, 357, 421, 393, 333, 364, 301, 132, 119, 267, 63, 361, 149, 263, 88, 197, 78, 346, 337, 299, 201, 0], [0, 61, 218, 247, 494, 60, 306, 125, 99, 38, 460, 472, 10, 191, 101, 308, 100, 339, 35, 371, 424, 278, 145, 173, 265, 495, 65, 435, 309, 0]], [[0, 171, 97, 390, 3, 29, 491, 380, 47, 479, 413, 161, 106, 379, 444, 26, 387, 487, 146, 103, 154, 195, 107, 0], [0, 376, 384, 369, 281, 276, 255, 128, 243, 262, 151, 117, 307, 317, 331, 396, 253, 280, 17, 45, 0]], [[0, 429, 266, 471, 41, 196, 347, 115, 221, 456, 64, 336, 118, 62, 406, 111, 474, 37, 291, 22, 450, 2, 404, 500, 394, 0], [0, 209, 461, 32, 295, 392, 92, 463, 205, 159, 465, 258, 178, 383, 76, 499, 358, 105, 466, 167, 362, 251, 185, 270, 143, 313, 219, 0]], [[0, 298, 14, 217, 327, 212, 229, 468, 297, 164, 182, 207, 259, 436, 330, 227, 220, 157, 71, 141, 480, 40, 175, 438, 232, 5, 73, 315, 30, 1, 0], [0, 225, 287, 366, 98, 475, 338, 84, 367, 310, 13, 245, 377, 274, 290, 144, 168, 451, 169, 0]], [[0, 459, 90, 269, 335, 326, 425, 179, 135, 199, 432, 113, 388, 391, 440, 150, 69, 9, 272, 172, 478, 0], [0, 33, 282, 489, 237, 224, 223, 112, 356, 467, 193, 374, 85, 303, 256, 427, 355, 342, 411, 222, 398, 96, 271, 363, 102, 165, 87, 0]], [[0, 114, 458, 488, 422, 470, 124, 56, 216, 93, 433, 242, 252, 430, 28, 334, 275, 91, 231, 402, 246, 31, 177, 0], [0, 254, 431, 210, 7, 75, 54, 484, 86, 286, 481, 407, 180, 244, 412, 381, 186, 0]], [[0, 233, 386, 321, 48, 208, 490, 79, 158, 211, 203, 434, 170, 121, 52, 176, 283, 46, 302, 123, 469, 147, 285, 445, 332, 0], [0, 213, 264, 473, 190, 130, 27, 414, 493, 437, 328, 153, 483, 372, 241, 133, 134, 136, 423, 0]], [[0, 116, 21, 55, 314, 4, 189, 428, 162, 284, 400, 496, 482, 447, 110, 183, 0], [0, 66, 108, 439, 58, 419, 236, 462, 234, 385, 399, 442, 67, 95, 389, 351, 417, 360, 416, 43, 279, 497, 0]], [[0, 6, 204, 156, 83, 373, 320, 12, 187, 292, 8, 202, 370, 325, 249, 53, 109, 89, 127, 80, 120, 305, 485, 312, 137, 250, 261, 323, 455, 198, 349, 15, 452, 0], [0, 486, 72, 19, 24, 324, 226, 454, 350, 138, 492, 352, 23, 59, 152, 142, 311, 316, 441, 273, 215, 70, 397, 293, 403, 230, 353, 0]], [[0, 457, 300, 194, 410, 235, 289, 36, 239, 148, 409, 359, 50, 228, 288, 348, 126, 453, 11, 477, 44, 140, 74, 68, 188, 248, 498, 0], [0, 420, 94, 401, 344, 129, 39, 57, 319, 77, 25, 160, 375, 365, 408, 163, 415, 341, 257, 426, 0]]]","[[[0, 122, 240, 0], [0, 34, 0], [0, 294, 0], [0, 49, 0], [0, 464, 304, 0], [0, 82, 139, 0], [0, 238, 268, 0], [0, 405, 0], [0, 81, 181, 0], [0, 395, 0], [0, 277, 0], [0, 18, 0], [0, 20, 0]], [[0, 340, 0], [0, 382, 0], [0, 378, 260, 0], [0, 446, 0], [0, 192, 104, 0], [0, 131, 0], [0, 184, 0], [0, 476, 0], [0, 214, 0], [0, 155, 0], [0, 206, 0], [0, 418, 42, 0], [0, 343, 0], [0, 16, 0], [0, 166, 0], [0, 296, 354, 0]], [[0, 345, 0], [0, 174, 0], [0, 449, 0], [0, 200, 0], [0, 443, 0]], [[0, 329, 0]], [[0, 368, 0]], [], [], [[0, 318, 0]], [[0, 51, 0]], []]","[8150.526236929581, 8153.87804525497, 8140.909813104352, 8143.124523761566, 8153.253104625441, 8151.9220393309815, 8153.971936142876, 8154.446025117955, 8122.238972523664, 8152.184795186615]","[7209.143136732651, 7862.152372841307, 2938.6177888803245, 633.1386328302424, 324.45952194854027, -0.0, -0.0, 65.992568297864, 697.5543665059326, -0.0]",1400,2.27
500.30.3,500,10,10,endurance,high,high,3600,15.6464,700,31.2928,135.1010197,"[[[0, 186, 230, 293, 70, 397, 454, 492, 138, 352, 23, 59, 152, 142, 311, 316, 441, 273, 215, 323, 455, 198, 403, 20, 0], [0, 90, 269, 143, 270, 185, 461, 32, 295, 392, 92, 463, 205, 159, 310, 367, 84, 338, 475, 245, 13, 377, 274, 98, 366, 287, 290, 225, 144, 209, 382, 168, 0]], [[0, 87, 165, 102, 363, 271, 96, 398, 222, 467, 193, 85, 303, 374, 256, 427, 355, 342, 411, 11, 477, 44, 140, 74, 68, 188, 248, 498, 0], [0, 265, 173, 145, 278, 424, 10, 100, 308, 101, 191, 472, 460, 38, 106, 161, 413, 99, 125, 306, 494, 60, 247, 218, 61, 495, 309, 0]], [[0, 341, 415, 163, 408, 375, 365, 39, 57, 319, 77, 160, 25, 334, 275, 28, 430, 252, 242, 433, 339, 35, 402, 246, 177, 174, 42, 1, 0], [0, 357, 421, 333, 364, 301, 132, 119, 267, 63, 361, 149, 263, 88, 197, 78, 346, 337, 299, 201, 318, 0]], [[0, 136, 133, 372, 255, 128, 243, 262, 151, 396, 253, 285, 280, 17, 294, 45, 0], [0, 453, 126, 348, 288, 228, 50, 359, 409, 148, 236, 419, 462, 234, 399, 385, 389, 37, 2, 404, 500, 394, 0]], [[0, 6, 204, 156, 83, 320, 12, 187, 292, 8, 180, 202, 370, 325, 249, 53, 109, 89, 127, 80, 120, 305, 485, 312, 137, 250, 373, 261, 349, 15, 0], [0, 497, 279, 43, 416, 360, 417, 351, 58, 36, 239, 289, 235, 410, 194, 300, 457, 439, 108, 66, 0]], [[0, 353, 104, 486, 72, 19, 24, 324, 226, 350, 356, 112, 223, 224, 237, 489, 282, 33, 0], [0, 251, 362, 167, 466, 425, 179, 135, 105, 358, 465, 258, 178, 383, 76, 499, 199, 432, 113, 388, 391, 314, 55, 21, 116, 478, 449, 219, 340, 0]], [[0, 254, 431, 210, 164, 207, 259, 436, 330, 227, 220, 157, 71, 141, 480, 40, 175, 438, 129, 232, 217, 14, 73, 298, 0], [0, 423, 134, 376, 384, 241, 369, 281, 276, 483, 153, 328, 437, 493, 414, 400, 27, 130, 190, 473, 264, 0]], [[0, 172, 272, 9, 69, 150, 335, 326, 440, 4, 189, 428, 162, 284, 496, 482, 447, 110, 183, 0], [0, 429, 266, 471, 41, 347, 196, 450, 22, 291, 474, 111, 406, 67, 442, 95, 62, 118, 336, 64, 456, 221, 115, 393, 448, 131, 0]], [[0, 317, 331, 307, 117, 46, 283, 176, 52, 121, 170, 434, 203, 211, 158, 79, 379, 444, 26, 387, 146, 487, 302, 123, 469, 147, 445, 332, 435, 0], [0, 458, 488, 422, 470, 124, 56, 371, 93, 216, 91, 231, 257, 31, 0]], [[0, 107, 195, 233, 386, 154, 103, 321, 208, 490, 48, 479, 47, 380, 491, 29, 3, 390, 97, 65, 171, 49, 0], [0, 381, 412, 244, 7, 407, 481, 286, 86, 484, 54, 75, 182, 297, 468, 229, 212, 327, 5, 344, 401, 94, 420, 315, 354, 0]]]","[[[0, 405, 0], [0, 277, 0], [0, 329, 0], [0, 443, 122, 0], [0, 114, 0], [0, 81, 238, 139, 0], [0, 260, 313, 0], [0, 304, 0], [0, 214, 0], [0, 343, 0], [0, 345, 0], [0, 451, 192, 0], [0, 296, 184, 0], [0, 166, 0], [0, 169, 0]], [[0, 418, 0], [0, 30, 213, 0], [0, 16, 0], [0, 181, 0], [0, 446, 0], [0, 155, 0], [0, 34, 240, 0], [0, 464, 0], [0, 82, 0], [0, 426, 0], [0, 368, 0], [0, 206, 0], [0, 378, 0], [0, 395, 0]], [[0, 459, 0], [0, 18, 0], [0, 452, 0], [0, 200, 0], [0, 322, 0], [0, 268, 0]], [[0, 476, 0]], [], [[0, 51, 0]], [], [], [], []]","[8096.10141896002, 8103.864545844637, 8097.925412704384, 8104.511616601872, 8070.494156354976, 8104.847924944599, 8104.644402626198, 8100.134496720413, 8106.0611833475505, 8105.916985122305]","[7753.851090027479, 7637.374182165479, 3393.0979485080857, 402.02148332278324, -0.0, 697.5543665059326, -0.0, -0.0, -0.0, -0.0]",1400,2.27
500.30.4,500,10,10,endurance,high,high,3600,15.6464,700,31.2928,137.0100656,"[[[0, 5, 124, 389, 138, 249, 225, 486, 3, 319, 91, 119, 197, 144, 118, 46, 182, 369, 135, 188, 440, 111, 279, 388, 151, 323, 472, 298, 353, 0], [0, 69, 476, 443, 357, 108, 219, 456, 237, 176, 56, 20, 458, 371, 174, 400, 348, 451, 411, 122, 233, 283, 51, 0]], [[0, 342, 244, 382, 493, 215, 75, 35, 236, 243, 412, 494, 247, 214, 17, 40, 426, 202, 198, 445, 125, 378, 340, 364, 39, 185, 0], [0, 477, 307, 488, 33, 98, 280, 253, 305, 241, 434, 447, 269, 205, 30, 43, 468, 270, 213, 251, 331, 0]], [[0, 94, 231, 383, 133, 220, 343, 407, 226, 84, 375, 379, 186, 96, 432, 57, 172, 399, 441, 256, 235, 430, 267, 0], [0, 209, 157, 326, 34, 196, 470, 354, 230, 264, 37, 285, 136, 347, 465, 229, 92, 402, 268, 48, 99, 191, 405, 0]], [[0, 395, 161, 361, 142, 439, 394, 72, 351, 105, 19, 224, 222, 132, 228, 416, 464, 332, 14, 152, 163, 410, 74, 442, 417, 223, 0], [0, 452, 469, 390, 393, 261, 336, 403, 77, 63, 460, 302, 444, 178, 473, 257, 314, 54, 112, 164, 419, 455, 358, 59, 300, 0]], [[0, 321, 79, 73, 232, 490, 401, 446, 423, 313, 496, 365, 141, 422, 184, 278, 44, 374, 341, 32, 183, 193, 115, 315, 23, 462, 31, 0], [0, 53, 82, 89, 50, 467, 167, 27, 192, 386, 201, 254, 301, 62, 212, 284, 221, 312, 425, 26, 392, 148, 210, 316, 0]], [[0, 110, 385, 71, 294, 497, 68, 66, 274, 318, 238, 52, 165, 169, 180, 415, 363, 4, 194, 106, 160, 29, 15, 349, 149, 282, 13, 227, 330, 480, 0], [0, 153, 479, 345, 95, 329, 377, 93, 113, 372, 134, 414, 396, 398, 208, 449, 0]], [[0, 259, 242, 101, 81, 140, 286, 483, 272, 245, 146, 266, 86, 1, 131, 170, 200, 0], [0, 41, 271, 76, 418, 64, 189, 421, 303, 366, 116, 387, 70, 431, 297, 217, 308, 413, 85, 368, 475, 0]], [[0, 350, 211, 429, 384, 484, 216, 87, 24, 127, 18, 240, 25, 454, 60, 500, 109, 360, 207, 427, 0], [0, 489, 448, 175, 190, 450, 159, 322, 317, 420, 107, 129, 97, 38, 78, 150, 295, 7, 120, 187, 344, 296, 292, 0]], [[0, 171, 234, 203, 356, 436, 156, 304, 83, 102, 179, 168, 335, 2, 491, 80, 42, 309, 325, 154, 485, 6, 0], [0, 397, 359, 143, 461, 334, 277, 58, 339, 22, 471, 276, 252, 367, 123, 10, 181, 457, 204, 248, 362, 239, 8, 90, 299, 67, 117, 162, 499, 263, 424, 428, 310, 0]], [[0, 481, 195, 100, 346, 250, 139, 145, 45, 255, 65, 498, 327, 333, 381, 260, 158, 324, 258, 337, 408, 0], [0, 28, 47, 352, 155, 16, 376, 206, 147, 273, 126, 459, 311, 466, 320, 281, 12, 21, 293, 114, 355, 370, 289, 380, 373, 482, 88, 55, 0]]]","[[[0, 128, 121, 0], [0, 104, 0], [0, 199, 438, 0], [0, 61, 0], [0, 137, 0], [0, 409, 0], [0, 474, 265, 0], [0, 275, 0], [0, 166, 478, 0], [0, 173, 0], [0, 11, 391, 0], [0, 246, 0], [0, 487, 0], [0, 262, 0], [0, 306, 0]], [[0, 130, 0], [0, 36, 0], [0, 328, 0], [0, 290, 0], [0, 218, 0], [0, 495, 287, 0], [0, 437, 0], [0, 177, 0], [0, 291, 0], [0, 433, 9, 0], [0, 338, 0]], [[0, 406, 49, 0], [0, 453, 0], [0, 463, 404, 0]], [], [], [], [], [[0, 492, 435, 0], [0, 103, 0]], [[0, 288, 0]], []]","[8216.376215035307, 8210.813465751658, 8209.652789371583, 8220.60393700081, 8220.519963067061, 8208.328306912197, 8220.03899668614, 8213.970592212634, 8220.370656825238, 8218.583965142168]","[8028.826085777329, 6568.658584553819, 2014.8951492453693, -0.0, -0.0, -0.0, -0.0, 1283.3586144067858, 477.5435367193423, -0.0]",1400,2.27
500.30.4,500,10,10,endurance,high,high,3600,15.6464,700,31.2928,136.7396608,"[[[0, 231, 383, 133, 304, 83, 102, 168, 179, 220, 343, 407, 226, 84, 379, 375, 57, 172, 399, 441, 235, 430, 137, 0], [0, 499, 484, 216, 87, 204, 457, 181, 10, 123, 367, 252, 276, 339, 58, 277, 334, 461, 359, 232, 73, 79, 310, 0]], [[0, 6, 485, 154, 280, 253, 305, 241, 434, 447, 205, 269, 2, 335, 491, 80, 42, 309, 325, 156, 436, 356, 203, 171, 353, 0], [0, 296, 249, 295, 225, 486, 107, 3, 319, 91, 119, 144, 197, 245, 272, 483, 286, 140, 138, 389, 124, 5, 200, 267, 298, 0]], [[0, 392, 26, 425, 312, 221, 284, 212, 147, 273, 126, 320, 466, 311, 459, 62, 301, 254, 201, 386, 192, 27, 167, 50, 89, 82, 0], [0, 405, 191, 99, 48, 268, 402, 92, 229, 465, 264, 230, 470, 196, 34, 185, 0]], [[0, 480, 110, 330, 227, 13, 282, 149, 349, 15, 29, 160, 106, 194, 4, 363, 415, 180, 169, 165, 52, 238, 318, 294, 71, 385, 338, 0], [0, 393, 336, 77, 63, 302, 450, 159, 322, 317, 420, 129, 97, 38, 78, 150, 7, 120, 187, 344, 453, 292, 0]], [[0, 342, 244, 449, 329, 208, 377, 93, 113, 351, 72, 394, 464, 332, 439, 142, 361, 161, 95, 345, 479, 153, 417, 223, 39, 0], [0, 475, 368, 85, 41, 271, 76, 418, 64, 248, 362, 239, 8, 90, 299, 67, 117, 162, 263, 424, 428, 0]], [[0, 452, 469, 390, 261, 403, 460, 444, 178, 473, 489, 448, 190, 175, 257, 314, 54, 112, 164, 419, 455, 358, 59, 300, 0], [0, 373, 380, 28, 47, 16, 206, 376, 281, 12, 20, 458, 371, 174, 21, 293, 114, 289, 233, 122, 283, 482, 88, 0]], [[0, 210, 148, 155, 352, 355, 370, 400, 348, 56, 176, 451, 411, 237, 456, 219, 108, 357, 443, 476, 404, 0], [0, 251, 413, 308, 43, 217, 297, 70, 431, 189, 421, 303, 366, 116, 387, 30, 468, 270, 213, 98, 33, 488, 307, 477, 350, 0]], [[0, 242, 170, 101, 81, 1, 86, 266, 146, 118, 46, 182, 135, 369, 186, 432, 96, 188, 440, 131, 111, 279, 388, 256, 151, 487, 0], [0, 53, 462, 23, 315, 115, 193, 183, 467, 184, 278, 422, 44, 374, 341, 32, 141, 365, 496, 313, 423, 446, 401, 490, 321, 0]], [[0, 408, 337, 258, 497, 68, 66, 274, 260, 381, 333, 327, 498, 65, 255, 158, 324, 45, 145, 139, 250, 346, 100, 0], [0, 382, 493, 215, 75, 378, 198, 445, 125, 494, 247, 214, 17, 40, 426, 202, 347, 136, 285, 37, 354, 340, 326, 157, 364, 209, 0]], [[0, 306, 211, 429, 384, 24, 127, 18, 240, 25, 60, 454, 471, 22, 143, 500, 109, 397, 360, 207, 427, 0], [0, 35, 236, 412, 243, 398, 372, 134, 396, 414, 19, 224, 105, 222, 132, 228, 416, 14, 152, 163, 410, 395, 74, 442, 0]]]","[[[0, 478, 51, 0], [0, 287, 128, 0], [0, 103, 0], [0, 195, 463, 0], [0, 166, 0], [0, 234, 0], [0, 69, 104, 0], [0, 121, 173, 0], [0, 55, 0], [0, 409, 0], [0, 94, 288, 0], [0, 218, 0], [0, 323, 0], [0, 259, 0]], [[0, 492, 316, 0], [0, 481, 61, 0], [0, 406, 474, 0], [0, 49, 291, 0], [0, 495, 0], [0, 11, 0], [0, 472, 36, 0], [0, 435, 0], [0, 438, 199, 0], [0, 177, 0], [0, 275, 0], [0, 391, 0], [0, 130, 0]], [[0, 265, 0], [0, 433, 0], [0, 290, 0], [0, 246, 0], [0, 437, 0], [0, 328, 0], [0, 262, 0], [0, 31, 9, 0]], [], [], [], [], [], [[0, 331, 0]], []]","[8203.335459580368, 8203.5275442263, 8186.44521485097, 8188.465455172888, 8199.368094863648, 8202.99345502246, 8202.91809819918, 8191.324321765314, 8204.379645436726, 8203.436058226729]","[7820.690899591324, 7792.398826705479, 4759.07692828523, -0.0, -0.0, -0.0, -0.0, -0.0, 623.6627468967379, -0.0]",1400,2.27
500.30.4,500,10,10,endurance,high,high,3600,15.6464,700,31.2928,136.6259302,"[[[0, 73, 232, 359, 461, 334, 277, 58, 339, 276, 252, 367, 123, 10, 181, 457, 204, 248, 362, 239, 8, 87, 216, 484, 263, 424, 0], [0, 385, 294, 68, 66, 274, 318, 238, 52, 165, 169, 180, 415, 363, 4, 194, 106, 160, 416, 14, 152, 29, 15, 349, 149, 282, 13, 227, 330, 110, 0]], [[0, 449, 329, 377, 208, 35, 236, 412, 243, 93, 361, 161, 95, 345, 153, 417, 0], [0, 50, 26, 425, 312, 221, 284, 212, 254, 201, 301, 62, 459, 311, 466, 320, 126, 273, 147, 206, 392, 148, 89, 82, 0]], [[0, 154, 280, 253, 241, 305, 213, 270, 468, 43, 30, 205, 269, 335, 2, 447, 434, 491, 80, 42, 309, 325, 485, 6, 310, 0], [0, 88, 373, 380, 355, 114, 21, 174, 371, 458, 20, 12, 281, 376, 16, 155, 352, 47, 28, 210, 316, 0]], [[0, 41, 271, 76, 418, 64, 303, 366, 116, 387, 421, 189, 431, 70, 297, 217, 308, 413, 85, 251, 98, 33, 488, 307, 477, 350, 0], [0, 482, 283, 233, 289, 370, 293, 400, 348, 56, 176, 451, 411, 237, 456, 219, 108, 476, 443, 122, 478, 0]], [[0, 473, 489, 448, 175, 190, 450, 159, 322, 317, 420, 129, 97, 38, 150, 7, 120, 336, 344, 187, 296, 292, 0], [0, 306, 211, 429, 18, 240, 25, 60, 454, 471, 22, 143, 500, 109, 397, 360, 207, 427, 0]], [[0, 100, 346, 250, 139, 145, 45, 255, 65, 498, 327, 333, 381, 260, 158, 324, 258, 497, 71, 337, 408, 287, 0], [0, 209, 364, 157, 493, 340, 354, 37, 285, 136, 347, 202, 426, 40, 17, 214, 247, 494, 125, 445, 198, 378, 75, 215, 382, 244, 342, 0]], [[0, 249, 295, 78, 225, 486, 107, 3, 319, 91, 119, 144, 197, 146, 245, 272, 483, 286, 266, 86, 140, 1, 81, 101, 138, 389, 124, 5, 242, 200, 267, 472, 298, 353, 0], [0, 405, 357, 191, 99, 48, 268, 402, 92, 229, 465, 264, 230, 470, 196, 326, 34, 0]], [[0, 452, 469, 390, 393, 261, 403, 77, 63, 460, 178, 444, 302, 257, 314, 54, 112, 164, 419, 455, 358, 59, 300, 0], [0, 321, 79, 490, 401, 446, 423, 313, 496, 365, 141, 32, 341, 374, 44, 422, 278, 184, 386, 192, 27, 167, 467, 183, 193, 115, 315, 23, 462, 0]], [[0, 499, 384, 127, 24, 299, 90, 67, 117, 162, 368, 475, 428, 0], [0, 332, 464, 228, 132, 222, 351, 105, 224, 19, 414, 396, 134, 372, 398, 113, 72, 394, 439, 142, 163, 410, 395, 479, 74, 442, 480, 39, 0]], [[0, 170, 131, 188, 135, 182, 46, 118, 369, 186, 379, 375, 432, 96, 440, 111, 279, 441, 388, 256, 235, 151, 0], [0, 430, 231, 383, 399, 172, 57, 84, 226, 407, 343, 220, 179, 168, 102, 83, 304, 156, 436, 133, 356, 203, 171, 0]]]","[[[0, 9, 0], [0, 331, 0], [0, 275, 0], [0, 433, 0], [0, 487, 463, 0], [0, 265, 474, 0], [0, 234, 0], [0, 94, 0], [0, 259, 0], [0, 481, 0], [0, 36, 0], [0, 391, 0], [0, 199, 0]], [[0, 435, 69, 0], [0, 137, 0], [0, 55, 0], [0, 291, 31, 0], [0, 406, 49, 0], [0, 262, 0], [0, 453, 0], [0, 128, 438, 0], [0, 290, 0], [0, 328, 0], [0, 195, 223, 0], [0, 218, 104, 0], [0, 53, 0], [0, 495, 0], [0, 338, 0]], [[0, 185, 0], [0, 437, 0], [0, 121, 103, 0], [0, 61, 0], [0, 51, 11, 492, 0], [0, 173, 166, 0], [0, 409, 0], [0, 404, 0], [0, 177, 0], [0, 288, 0], [0, 246, 0], [0, 130, 0], [0, 323, 0]], [], [], [], [], [], [], []]","[8192.580234335257, 8196.79166174402, 8182.377789309247, 8195.977206153897, 8186.219954284302, 8191.103089733226, 8196.667705707483, 8174.549620970774, 8197.358130822213, 8197.555813456434]","[8145.233262046705, 8063.275350075891, 7270.9649775884745, -0.0, -0.0, -0.0, -0.0, -0.0, -0.0, -0.0]",1400,2.27
500.30.4,500,10,10,endurance,high,high,3600,15.6464,700,31.2928,138.1984962,"[[[0, 162, 41, 271, 76, 418, 189, 421, 303, 366, 116, 387, 30, 468, 413, 85, 368, 475, 350, 0], [0, 128, 408, 337, 258, 324, 158, 65, 498, 327, 333, 381, 260, 274, 66, 68, 497, 71, 385, 480, 0]], [[0, 460, 302, 444, 450, 159, 322, 317, 319, 3, 107, 420, 129, 97, 38, 78, 150, 295, 120, 187, 344, 292, 0], [0, 463, 476, 443, 108, 219, 456, 268, 402, 92, 465, 229, 48, 99, 191, 357, 405, 185, 0]], [[0, 59, 358, 455, 419, 390, 469, 336, 77, 63, 7, 249, 140, 1, 131, 279, 399, 172, 441, 235, 256, 430, 267, 0], [0, 373, 380, 47, 352, 16, 376, 281, 320, 466, 311, 459, 126, 273, 147, 206, 155, 28, 437, 55, 0]], [[0, 332, 464, 416, 228, 132, 222, 105, 224, 19, 414, 396, 134, 398, 372, 351, 72, 394, 439, 142, 361, 161, 395, 479, 153, 417, 39, 0], [0, 166, 427, 207, 360, 397, 109, 500, 143, 471, 22, 339, 58, 277, 334, 461, 359, 232, 73, 79, 0]], [[0, 452, 393, 261, 403, 178, 473, 489, 448, 190, 175, 257, 314, 54, 112, 164, 255, 45, 145, 139, 250, 346, 100, 0], [0, 82, 89, 50, 27, 192, 386, 201, 254, 301, 62, 212, 284, 221, 312, 425, 26, 392, 148, 210, 0]], [[0, 110, 330, 227, 13, 282, 149, 294, 349, 15, 29, 318, 238, 52, 165, 169, 180, 415, 363, 4, 194, 106, 160, 14, 152, 163, 410, 74, 442, 0], [0, 211, 429, 18, 240, 25, 60, 454, 276, 252, 367, 123, 10, 181, 457, 204, 8, 239, 248, 362, 90, 299, 87, 216, 24, 127, 384, 484, 499, 310, 0]], [[0, 263, 117, 67, 64, 431, 70, 297, 217, 43, 308, 270, 213, 305, 241, 253, 280, 251, 98, 33, 488, 307, 477, 0], [0, 51, 283, 122, 411, 451, 237, 176, 56, 348, 400, 174, 371, 458, 20, 12, 21, 293, 114, 355, 370, 289, 233, 482, 88, 0]], [[0, 5, 124, 101, 81, 86, 266, 245, 146, 182, 46, 118, 144, 197, 119, 91, 486, 225, 272, 483, 286, 138, 389, 296, 438, 0], [0, 364, 157, 326, 340, 354, 198, 445, 125, 247, 214, 17, 40, 426, 202, 347, 136, 285, 37, 264, 230, 470, 196, 34, 0]], [[0, 6, 485, 154, 325, 309, 42, 80, 491, 434, 447, 205, 269, 2, 335, 168, 179, 102, 83, 304, 156, 436, 133, 356, 203, 171, 0], [0, 462, 23, 315, 115, 193, 183, 467, 167, 184, 278, 422, 44, 374, 341, 32, 141, 365, 496, 313, 423, 446, 401, 490, 321, 11, 31, 0]], [[0, 342, 449, 345, 95, 329, 208, 377, 93, 113, 243, 412, 494, 378, 236, 35, 75, 215, 493, 382, 244, 209, 0], [0, 231, 383, 220, 343, 407, 57, 226, 84, 375, 379, 432, 96, 186, 369, 135, 188, 440, 111, 388, 151, 170, 242, 200, 353, 0]]]","[[[0, 199, 0], [0, 177, 0], [0, 306, 474, 0], [0, 121, 104, 195, 0], [0, 428, 0], [0, 323, 0], [0, 137, 0], [0, 234, 0], [0, 218, 0], [0, 69, 103, 0], [0, 492, 265, 0], [0, 391, 0], [0, 49, 0]], [[0, 316, 481, 0], [0, 287, 495, 0], [0, 53, 0], [0, 259, 0], [0, 424, 0], [0, 36, 472, 0], [0, 300, 0], [0, 338, 0], [0, 275, 0], [0, 478, 433, 0], [0, 94, 0], [0, 435, 223, 0], [0, 404, 0], [0, 9, 0]], [[0, 288, 291, 0], [0, 406, 0], [0, 328, 0], [0, 331, 0], [0, 262, 0], [0, 453, 0], [0, 130, 0], [0, 246, 0]], [[0, 61, 0]], [[0, 298, 0]], [], [], [[0, 290, 0]], [[0, 173, 487, 0], [0, 409, 0]], []]","[8291.186606683968, 8291.909770121438, 8261.512874965732, 8278.491763184786, 8284.163550855512, 8289.02597618008, 8261.499527733438, 8289.4706714554, 8272.74448300397, 8268.552381800184]","[8022.559389455719, 8240.5383711966, 4789.460999701824, 690.9829886777194, 186.11135639693373, -0.0, -0.0, 568.4700576229369, 1216.8307822950683, -0.0]",1400,2.27
500.30.4,500,10,10,endurance,high,high,3600,15.6464,700,31.2928,137.2078198,"[[[0, 6, 203, 356, 133, 436, 156, 304, 83, 102, 168, 179, 343, 407, 220, 383, 231, 171, 0], [0, 419, 54, 314, 257, 473, 178, 460, 302, 444, 489, 448, 450, 190, 175, 112, 164, 358, 455, 59, 0]], [[0, 100, 346, 250, 139, 145, 45, 255, 65, 498, 327, 333, 381, 260, 158, 324, 258, 337, 408, 287, 0], [0, 397, 359, 143, 461, 334, 277, 58, 339, 22, 471, 276, 252, 367, 123, 10, 181, 457, 204, 248, 8, 239, 362, 90, 299, 67, 117, 162, 499, 263, 424, 310, 0]], [[0, 207, 79, 73, 232, 490, 401, 446, 423, 496, 365, 141, 422, 184, 278, 44, 374, 341, 32, 313, 0], [0, 449, 215, 75, 378, 198, 445, 125, 494, 412, 214, 247, 17, 40, 426, 202, 347, 136, 285, 37, 354, 340, 493, 382, 244, 342, 0]], [[0, 153, 479, 95, 161, 361, 142, 439, 394, 72, 222, 132, 228, 416, 464, 332, 14, 152, 29, 15, 349, 149, 282, 163, 410, 395, 74, 442, 0], [0, 296, 389, 138, 140, 86, 286, 483, 225, 486, 272, 245, 144, 118, 46, 182, 369, 135, 188, 131, 170, 200, 0]], [[0, 208, 35, 236, 243, 398, 372, 134, 396, 414, 19, 224, 105, 351, 113, 93, 377, 329, 345, 0], [0, 323, 151, 388, 279, 111, 440, 96, 432, 186, 379, 375, 84, 226, 57, 172, 399, 441, 256, 235, 430, 298, 0]], [[0, 321, 360, 109, 500, 60, 454, 25, 240, 18, 127, 24, 87, 216, 484, 384, 429, 211, 427, 0], [0, 41, 271, 76, 418, 64, 189, 421, 303, 366, 116, 387, 70, 431, 297, 217, 43, 308, 413, 85, 368, 475, 428, 350, 0]], [[0, 462, 23, 315, 115, 193, 183, 467, 167, 27, 192, 386, 201, 254, 301, 212, 284, 221, 425, 392, 148, 210, 55, 0], [0, 373, 289, 370, 355, 114, 293, 21, 12, 281, 20, 458, 371, 174, 400, 348, 56, 176, 451, 411, 237, 456, 219, 108, 476, 9, 405, 69, 0]], [[0, 480, 110, 330, 227, 13, 294, 318, 169, 106, 160, 194, 4, 363, 415, 180, 165, 52, 238, 274, 66, 68, 497, 71, 385, 417, 223, 0], [0, 485, 154, 325, 309, 42, 80, 491, 434, 447, 2, 335, 269, 205, 30, 468, 270, 213, 305, 241, 253, 280, 251, 98, 33, 488, 307, 477, 0]], [[0, 300, 409, 452, 393, 344, 187, 249, 7, 120, 77, 63, 403, 336, 261, 390, 469, 292, 267, 487, 0], [0, 295, 150, 78, 38, 97, 129, 107, 420, 159, 322, 317, 3, 319, 91, 119, 197, 146, 266, 1, 81, 101, 124, 5, 242, 0]], [[0, 209, 364, 157, 326, 34, 196, 470, 230, 264, 465, 229, 92, 402, 268, 48, 99, 191, 357, 443, 122, 233, 283, 482, 88, 0], [0, 380, 28, 47, 352, 155, 16, 376, 206, 320, 466, 311, 459, 62, 126, 273, 147, 312, 26, 50, 89, 82, 316, 0]]]","[[[0, 492, 463, 0], [0, 438, 195, 0], [0, 121, 104, 51, 0], [0, 331, 0], [0, 166, 0], [0, 437, 0], [0, 290, 0], [0, 478, 404, 0], [0, 36, 128, 0], [0, 53, 0], [0, 199, 288, 0], [0, 39, 0], [0, 137, 0], [0, 265, 0], [0, 246, 0]], [[0, 435, 0], [0, 495, 0], [0, 474, 291, 0], [0, 338, 0], [0, 94, 0], [0, 177, 0], [0, 306, 0], [0, 275, 0], [0, 328, 0], [0, 262, 0], [0, 391, 173, 0], [0, 185, 0], [0, 234, 0], [0, 218, 0]], [[0, 481, 0], [0, 130, 0], [0, 453, 0], [0, 49, 406, 0], [0, 259, 353, 0], [0, 472, 0]], [], [[0, 433, 0], [0, 103, 11, 31, 0]], [[0, 61, 0]], [], [], [], []]","[8217.764216128084, 8201.03142515618, 8229.228185933776, 8232.469187478568, 8216.384226688722, 8219.491854605049, 8225.304653888928, 8230.075871968647, 8216.785915315624, 8231.859618240731]","[8146.987189753303, 7768.0409611278355, 3290.030697355645, -0.0, 1303.9170484343174, 690.9829886777194, -0.0, -0.0, -0.0, -0.0]",1400,2.27
500.40.1,500,10,10,endurance,high,high,3600,15.6464,700,31.2928,235.7013517,"[[[0, 105, 169, 237, 387, 63, 180, 293, 445, 207, 494, 378, 127, 430, 109, 54, 112, 282, 352, 172, 1, 178, 495, 103, 412, 351, 301, 0], [0, 119, 389, 408, 370, 232, 305, 110, 410, 359, 313, 206, 50, 141, 341, 457, 14, 132, 460, 440, 272, 402, 404, 0], [0, 322, 98, 489, 340, 318, 42, 441, 461, 398, 4, 185, 346, 78, 146, 0]], [[0, 96, 74, 438, 211, 456, 437, 416, 391, 160, 257, 317, 48, 363, 0], [0, 390, 30, 267, 453, 470, 35, 39, 13, 198, 394, 173, 122, 131, 171, 431, 287, 274, 296, 0], [0, 114, 177, 61, 197, 349, 154, 436, 248, 401, 361, 474, 261, 151, 10, 68, 0]], [[0, 463, 58, 188, 439, 187, 123, 81, 357, 41, 93, 386, 413, 55, 486, 280, 0], [0, 448, 108, 276, 60, 446, 324, 319, 488, 302, 260, 462, 107, 479, 323, 82, 246, 250, 417, 28, 0], [0, 148, 164, 34, 279, 179, 26, 91, 49, 372, 284, 8, 32, 496, 358, 435, 329, 226, 310, 0]], [[0, 90, 196, 195, 33, 334, 427, 330, 0], [0, 396, 247, 297, 465, 481, 190, 367, 291, 281, 423, 142, 159, 117, 101, 290, 336, 380, 0], [0, 22, 225, 326, 418, 155, 406, 244, 182, 239, 253, 458, 134, 120, 152, 332, 289, 0]], [[0, 376, 86, 7, 269, 140, 500, 444, 43, 99, 204, 137, 259, 216, 95, 24, 15, 348, 0], [0, 27, 212, 133, 369, 62, 451, 345, 450, 147, 421, 475, 0], [0, 395, 497, 37, 45, 92, 46, 29, 236, 194, 321, 184, 331, 77, 83, 368, 473, 403, 44, 111, 420, 174, 283, 97, 354, 0]], [[0, 115, 200, 214, 76, 40, 382, 139, 186, 88, 136, 129, 364, 0], [0, 477, 235, 162, 199, 56, 124, 130, 344, 300, 249, 478, 70, 228, 17, 0], [0, 25, 23, 271, 342, 85, 275, 483, 121, 231, 320, 79, 167, 294, 263, 0]], [[0, 433, 343, 492, 165, 106, 422, 356, 223, 307, 113, 20, 75, 38, 221, 0], [0, 379, 449, 175, 116, 374, 285, 443, 202, 399, 476, 419, 316, 9, 31, 498, 0], [0, 94, 138, 153, 67, 487, 365, 328, 227, 311, 339, 143, 306, 233, 429, 0]], [[0, 482, 220, 66, 286, 12, 425, 144, 466, 298, 459, 238, 224, 480, 242, 0], [0, 89, 397, 16, 229, 295, 292, 168, 414, 51, 36, 472, 312, 384, 362, 277, 393, 0], [0, 80, 252, 3, 499, 241, 19, 210, 468, 243, 315, 377, 415, 59, 102, 469, 400, 355, 0]], [[0, 264, 353, 409, 230, 337, 128, 135, 0], [0, 157, 18, 325, 176, 213, 268, 222, 181, 203, 158, 452, 5, 209, 485, 100, 163, 0], [0, 208, 385, 388, 126, 426, 192, 150, 191, 84, 428, 125, 484, 21, 471, 104, 2, 52, 411, 455, 493, 0]], [[0, 217, 87, 219, 256, 251, 327, 47, 278, 309, 170, 273, 335, 11, 467, 383, 464, 262, 218, 405, 424, 149, 350, 454, 0], [0, 338, 266, 270, 166, 255, 381, 407, 65, 375, 303, 193, 299, 57, 0], [0, 71, 432, 156, 490, 308, 347, 442, 392, 64, 234, 360, 314, 254, 245, 69, 265, 0]]]","[[[0, 491, 0], [0, 447, 53, 0], [0, 304, 201, 0], [0, 183, 0], [0, 189, 333, 0], [0, 371, 0], [0, 215, 0], [0, 118, 6, 0], [0, 145, 0], [0, 205, 0], [0, 288, 0], [0, 240, 258, 0], [0, 72, 0], [0, 161, 0], [0, 366, 434, 0], [0, 373, 73, 0]], [], [], [], [], [], [], [], [], []]","[14089.447121872861, 14139.039069235432, 14142.08110414259, 14103.03323290406, 14106.59131572103, 14131.022924786812, 14139.375058875994, 14117.068146118832, 14125.666888305059, 14141.711504209426]","[8673.461710432914, -0.0, -0.0, -0.0, -0.0, -0.0, -0.0, -0.0, -0.0, -0.0]",1400,2.27
500.40.1,500,10,10,endurance,high,high,3600,15.6464,700,31.2928,237.8451978,"[[[0, 257, 211, 456, 160, 437, 416, 391, 191, 84, 428, 125, 484, 21, 471, 104, 2, 52, 440, 363, 0], [0, 258, 118, 402, 272, 455, 411, 48, 317, 438, 74, 151, 10, 366, 0], [0, 461, 398, 4, 137, 204, 99, 43, 444, 42, 441, 322, 375, 65, 407, 381, 255, 166, 270, 146, 266, 348, 0]], [[0, 119, 389, 101, 110, 410, 159, 142, 462, 107, 479, 323, 82, 246, 250, 117, 290, 336, 380, 0], [0, 115, 200, 214, 76, 40, 382, 139, 186, 88, 136, 129, 364, 277, 393, 0], [0, 374, 285, 267, 453, 470, 35, 39, 13, 198, 394, 173, 122, 131, 171, 287, 431, 274, 0]], [[0, 356, 422, 106, 165, 236, 29, 46, 492, 343, 433, 92, 45, 413, 55, 486, 280, 90, 0], [0, 189, 353, 97, 409, 283, 230, 195, 264, 354, 0], [0, 376, 86, 500, 140, 269, 7, 157, 318, 489, 98, 209, 485, 303, 193, 299, 57, 0]], [[0, 217, 87, 219, 256, 251, 327, 47, 278, 309, 170, 273, 335, 405, 17, 330, 0], [0, 351, 103, 261, 474, 361, 401, 248, 436, 154, 349, 197, 61, 177, 114, 96, 145, 0], [0, 80, 252, 3, 499, 298, 466, 144, 425, 158, 452, 12, 66, 220, 163, 242, 0]], [[0, 296, 449, 175, 116, 202, 443, 390, 30, 496, 358, 435, 329, 226, 399, 379, 0], [0, 340, 18, 325, 176, 213, 268, 222, 181, 203, 5, 100, 482, 0], [0, 78, 346, 185, 259, 293, 445, 207, 494, 378, 127, 430, 109, 54, 112, 282, 352, 172, 1, 178, 495, 412, 301, 6, 0]], [[0, 26, 91, 49, 372, 32, 8, 284, 130, 344, 300, 179, 279, 34, 164, 148, 228, 0], [0, 14, 457, 206, 50, 208, 276, 60, 446, 324, 319, 291, 281, 423, 108, 448, 313, 359, 305, 408, 0], [0, 469, 377, 315, 243, 468, 210, 19, 241, 459, 238, 224, 286, 480, 355, 0]], [[0, 337, 463, 188, 58, 386, 93, 41, 357, 81, 123, 187, 439, 415, 59, 102, 400, 128, 135, 0], [0, 362, 384, 312, 472, 36, 51, 414, 168, 292, 295, 121, 483, 229, 16, 397, 89, 345, 451, 212, 27, 0], [0, 70, 478, 249, 124, 56, 199, 162, 235, 477, 11, 467, 383, 464, 218, 262, 424, 149, 350, 0]], [[0, 174, 473, 368, 83, 77, 497, 395, 37, 331, 321, 194, 184, 44, 111, 403, 420, 113, 307, 20, 75, 38, 221, 0], [0, 369, 62, 450, 147, 294, 263, 421, 475, 25, 0], [0, 418, 326, 225, 22, 155, 406, 244, 182, 239, 253, 223, 458, 134, 120, 152, 332, 289, 333, 0]], [[0, 71, 432, 156, 490, 308, 347, 442, 392, 64, 234, 360, 314, 254, 245, 69, 265, 454, 0], [0, 338, 288, 15, 24, 105, 169, 237, 387, 63, 180, 216, 95, 491, 0], [0, 23, 271, 342, 85, 275, 167, 79, 231, 320, 487, 227, 311, 339, 143, 417, 28, 0]], [[0, 334, 371, 310, 476, 419, 316, 9, 31, 427, 0], [0, 465, 297, 247, 396, 150, 192, 426, 126, 388, 385, 141, 341, 460, 132, 232, 370, 205, 0], [0, 260, 367, 481, 190, 302, 488, 328, 365, 67, 153, 138, 94, 306, 233, 429, 0]]]","[[[0, 33, 73, 0], [0, 161, 0], [0, 373, 304, 240, 0], [0, 215, 0], [0, 447, 53, 0], [0, 196, 0], [0, 72, 0], [0, 498, 0], [0, 434, 0], [0, 133, 0], [0, 201, 0], [0, 183, 0], [0, 404, 0], [0, 68, 0], [0, 493, 0]], [], [], [], [], [], [], [], [], []]","[14270.711870841686, 14264.28371416629, 14247.90206544425, 14266.154343529379, 14265.1283211411, 14254.654148474929, 14251.636653314228, 14268.195009170975, 14265.350323551764, 14210.697907718266]","[7774.463660717727, -0.0, -0.0, -0.0, -0.0, -0.0, -0.0, -0.0, -0.0, -0.0]",1400,2.27
500.40.1,500,10,10,endurance,high,high,3600,15.6464,700,31.2928,237.2729379,"[[[0, 53, 133, 369, 62, 450, 147, 229, 16, 397, 89, 345, 451, 277, 393, 0], [0, 376, 86, 7, 269, 140, 500, 444, 43, 99, 204, 137, 259, 216, 95, 24, 0], [0, 486, 413, 386, 93, 81, 357, 41, 123, 187, 439, 415, 59, 102, 188, 58, 463, 337, 280, 0]], [[0, 312, 472, 36, 51, 414, 168, 292, 295, 121, 483, 231, 320, 79, 167, 275, 85, 342, 271, 23, 421, 475, 25, 0], [0, 148, 164, 34, 279, 179, 300, 344, 130, 49, 91, 435, 329, 26, 9, 31, 0], [0, 362, 384, 214, 76, 40, 382, 139, 186, 200, 129, 115, 364, 0]], [[0, 22, 225, 326, 418, 155, 406, 244, 182, 239, 223, 307, 113, 20, 75, 38, 221, 333, 0], [0, 334, 427, 228, 17, 330, 498, 0], [0, 71, 432, 156, 490, 308, 347, 442, 392, 234, 64, 88, 136, 254, 245, 69, 265, 212, 0]], [[0, 258, 272, 52, 2, 104, 471, 21, 257, 317, 48, 411, 455, 402, 118, 0], [0, 98, 489, 340, 181, 203, 222, 213, 268, 144, 425, 158, 452, 5, 209, 485, 303, 193, 299, 57, 0], [0, 341, 428, 125, 484, 160, 84, 191, 391, 416, 437, 456, 211, 438, 74, 96, 145, 0]], [[0, 242, 163, 482, 100, 220, 66, 286, 224, 252, 80, 480, 355, 135, 90, 0], [0, 388, 126, 426, 192, 150, 396, 247, 297, 446, 60, 276, 108, 448, 410, 110, 389, 0], [0, 173, 253, 198, 13, 394, 39, 35, 470, 453, 267, 285, 374, 116, 175, 449, 296, 0]], [[0, 367, 190, 481, 465, 319, 324, 291, 281, 423, 142, 159, 117, 101, 0], [0, 379, 399, 202, 443, 390, 30, 32, 8, 284, 372, 496, 358, 226, 476, 419, 316, 310, 0], [0, 363, 440, 460, 132, 14, 457, 206, 50, 141, 385, 208, 313, 359, 305, 232, 370, 408, 119, 0]], [[0, 176, 325, 18, 157, 318, 42, 441, 322, 375, 65, 407, 381, 255, 166, 270, 266, 288, 348, 338, 0], [0, 409, 283, 174, 473, 368, 83, 77, 331, 321, 46, 29, 236, 194, 184, 44, 111, 403, 420, 97, 353, 195, 0], [0, 373, 354, 264, 332, 152, 120, 134, 458, 122, 131, 171, 287, 431, 274, 289, 189, 0]], [[0, 12, 238, 3, 459, 499, 241, 298, 466, 19, 210, 468, 243, 315, 377, 469, 400, 128, 0], [0, 491, 301, 351, 237, 387, 63, 180, 105, 169, 15, 0], [0, 356, 422, 106, 165, 492, 343, 433, 92, 45, 497, 37, 395, 55, 230, 0]], [[0, 495, 178, 1, 172, 352, 282, 112, 54, 109, 430, 127, 378, 494, 207, 445, 293, 4, 398, 461, 185, 346, 78, 146, 0], [0, 412, 151, 114, 177, 61, 197, 349, 154, 436, 248, 401, 361, 474, 261, 103, 10, 68, 6, 0], [0, 405, 383, 467, 11, 477, 235, 162, 199, 56, 124, 249, 478, 70, 454, 0]], [[0, 28, 417, 143, 339, 311, 94, 138, 153, 294, 263, 306, 233, 429, 161, 0], [0, 227, 67, 487, 365, 328, 488, 302, 260, 462, 107, 479, 323, 82, 246, 250, 290, 336, 380, 0], [0, 314, 360, 217, 87, 219, 256, 251, 327, 47, 278, 309, 170, 273, 335, 464, 218, 262, 424, 149, 350, 0]]]","[[[0, 304, 215, 0], [0, 72, 0], [0, 183, 0], [0, 201, 0], [0, 27, 0], [0, 447, 366, 0], [0, 371, 0], [0, 205, 0], [0, 196, 0], [0, 33, 73, 0], [0, 434, 0], [0, 240, 0], [0, 404, 0], [0, 493, 0]], [], [], [], [], [], [], [], [], []]","[14233.38825268193, 14236.376274007585, 14195.403654110945, 14235.547992859121, 14209.651014271778, 14234.011694119676, 14232.66354236698, 14213.256829975071, 14221.367398381617, 14235.974993921616]","[6947.087110067468, -0.0, -0.0, -0.0, -0.0, -0.0, -0.0, -0.0, -0.0, -0.0]",1400,2.27
500.40.1,500,10,10,endurance,high,high,3600,15.6464,700,31.2928,237.7077859,"[[[0, 379, 449, 287, 431, 171, 175, 131, 173, 122, 458, 307, 113, 20, 75, 38, 221, 354, 0], [0, 217, 87, 219, 256, 251, 327, 47, 278, 309, 170, 273, 11, 335, 464, 262, 149, 0], [0, 224, 238, 3, 459, 499, 241, 298, 466, 19, 210, 468, 243, 315, 377, 469, 400, 128, 135, 0]], [[0, 418, 326, 225, 22, 155, 406, 356, 422, 244, 182, 239, 223, 134, 152, 120, 332, 289, 0], [0, 297, 396, 247, 465, 481, 190, 367, 142, 159, 410, 110, 101, 290, 336, 205, 0], [0, 6, 404, 118, 363, 493, 0]], [[0, 441, 42, 157, 325, 18, 318, 340, 489, 98, 322, 65, 303, 193, 299, 0], [0, 71, 432, 156, 490, 308, 347, 442, 392, 64, 234, 360, 314, 254, 245, 69, 265, 350, 0], [0, 498, 330, 454, 17, 228, 148, 164, 419, 316, 9, 31, 183, 0]], [[0, 96, 74, 438, 211, 456, 197, 349, 61, 177, 114, 151, 10, 0], [0, 451, 345, 384, 312, 472, 36, 51, 414, 168, 292, 295, 229, 16, 397, 89, 450, 62, 369, 0], [0, 495, 178, 1, 172, 352, 282, 127, 378, 430, 109, 54, 112, 248, 436, 154, 401, 361, 474, 261, 103, 412, 351, 301, 145, 240, 0]], [[0, 428, 84, 191, 150, 192, 426, 126, 388, 385, 141, 50, 206, 341, 457, 132, 232, 370, 408, 119, 0], [0, 355, 480, 80, 252, 415, 59, 102, 0], [0, 253, 198, 13, 394, 39, 35, 470, 453, 267, 30, 390, 443, 285, 374, 116, 202, 399, 274, 296, 0]], [[0, 420, 403, 111, 44, 184, 194, 106, 165, 236, 29, 46, 321, 331, 77, 83, 368, 230, 73, 0], [0, 117, 250, 246, 82, 323, 479, 107, 311, 339, 143, 417, 28, 0], [0, 227, 462, 260, 302, 488, 328, 365, 487, 67, 153, 138, 94, 429, 0]], [[0, 105, 169, 237, 387, 180, 63, 207, 494, 445, 293, 4, 398, 461, 185, 346, 78, 146, 266, 348, 338, 0], [0, 249, 300, 344, 130, 124, 56, 199, 162, 235, 477, 467, 383, 405, 218, 424, 0], [0, 337, 463, 58, 188, 439, 187, 123, 81, 357, 41, 93, 386, 486, 280, 90, 0]], [[0, 362, 200, 214, 76, 40, 382, 139, 186, 88, 136, 129, 115, 364, 277, 393, 0], [0, 70, 478, 34, 279, 179, 26, 91, 49, 372, 284, 8, 32, 496, 358, 435, 329, 226, 476, 310, 427, 334, 0], [0, 455, 411, 48, 317, 257, 437, 416, 391, 160, 484, 125, 21, 471, 104, 2, 52, 440, 272, 402, 258, 0]], [[0, 460, 14, 313, 208, 276, 60, 446, 324, 319, 291, 281, 423, 108, 448, 359, 305, 389, 0], [0, 55, 413, 45, 433, 343, 492, 92, 395, 37, 497, 473, 174, 283, 409, 97, 353, 195, 264, 373, 0], [0, 233, 306, 263, 294, 23, 271, 167, 79, 320, 231, 121, 483, 275, 85, 342, 147, 421, 475, 25, 0]], [[0, 5, 452, 158, 203, 181, 222, 176, 213, 268, 144, 425, 12, 286, 66, 220, 163, 242, 0], [0, 376, 86, 7, 269, 140, 500, 444, 43, 99, 204, 137, 259, 216, 95, 24, 15, 0], [0, 482, 100, 485, 209, 375, 407, 381, 255, 166, 270, 0]]]","[[[0, 434, 53, 0], [0, 215, 57, 0], [0, 27, 0], [0, 288, 0], [0, 161, 0], [0, 447, 366, 0], [0, 212, 0], [0, 196, 0], [0, 371, 0], [0, 33, 201, 0], [0, 304, 72, 0], [0, 189, 333, 0], [0, 133, 0], [0, 68, 0], [0, 491, 0], [0, 380, 0]], [], [], [], [], [], [], [], [], []]","[14258.242687070324, 14071.245546543114, 14176.624223221545, 14259.210670064072, 14259.460331098237, 14251.448388249075, 14253.802132758055, 14195.6787145942, 14256.079403923934, 14262.467155761558]","[8837.602138316934, -0.0, -0.0, -0.0, -0.0, -0.0, -0.0, -0.0, -0.0, -0.0]",1400,2.27
500.40.1,500,10,10,endurance,high,high,3600,15.6464,700,31.2928,239.0811427,"[[[0, 348, 270, 166, 303, 255, 146, 266, 288, 338, 0], [0, 22, 225, 326, 418, 155, 406, 244, 182, 239, 223, 307, 113, 20, 75, 38, 221, 333, 0], [0, 367, 190, 481, 465, 319, 324, 291, 281, 423, 108, 448, 159, 410, 110, 101, 0]], [[0, 80, 224, 252, 3, 499, 241, 19, 210, 468, 243, 315, 377, 415, 59, 102, 469, 400, 128, 135, 0], [0, 329, 435, 358, 496, 372, 32, 284, 8, 470, 453, 267, 30, 390, 285, 374, 443, 202, 116, 175, 274, 296, 0], [0, 402, 272, 455, 52, 2, 471, 104, 21, 484, 125, 428, 141, 385, 50, 206, 341, 460, 119, 404, 0]], [[0, 28, 250, 246, 82, 323, 479, 107, 142, 117, 290, 336, 380, 0], [0, 86, 7, 269, 140, 500, 444, 43, 99, 204, 137, 4, 398, 461, 185, 346, 78, 0], [0, 147, 295, 292, 168, 414, 51, 36, 472, 312, 384, 362, 345, 451, 0]], [[0, 134, 458, 253, 198, 13, 39, 35, 394, 173, 122, 131, 171, 431, 287, 152, 120, 332, 289, 0], [0, 228, 70, 478, 249, 124, 56, 199, 162, 235, 477, 405, 17, 0], [0, 151, 114, 177, 61, 197, 349, 154, 436, 248, 401, 361, 261, 474, 178, 495, 103, 412, 351, 301, 6, 0]], [[0, 5, 452, 158, 203, 181, 222, 268, 213, 176, 340, 98, 209, 485, 100, 163, 242, 0], [0, 408, 370, 232, 132, 14, 457, 48, 411, 440, 363, 0], [0, 388, 126, 426, 192, 150, 396, 247, 297, 446, 60, 276, 208, 313, 359, 305, 389, 205, 0]], [[0, 334, 379, 449, 399, 476, 419, 316, 9, 31, 330, 0], [0, 489, 318, 18, 325, 157, 376, 42, 441, 322, 375, 65, 407, 381, 193, 299, 0], [0, 71, 432, 156, 490, 308, 382, 40, 76, 214, 200, 115, 277, 393, 0]], [[0, 310, 226, 26, 91, 49, 130, 344, 300, 179, 279, 34, 164, 148, 0], [0, 395, 37, 497, 45, 92, 433, 343, 492, 29, 46, 321, 331, 77, 83, 368, 473, 174, 283, 409, 0], [0, 317, 257, 160, 84, 191, 391, 416, 437, 456, 211, 438, 74, 96, 10, 491, 0]], [[0, 230, 55, 413, 386, 93, 41, 357, 81, 123, 187, 439, 188, 58, 463, 486, 337, 280, 90, 0], [0, 356, 422, 106, 165, 236, 194, 184, 403, 44, 111, 420, 97, 353, 195, 264, 354, 0], [0, 25, 475, 421, 23, 271, 342, 85, 275, 320, 231, 483, 121, 229, 16, 397, 89, 450, 62, 369, 133, 53, 27, 0]], [[0, 482, 220, 66, 12, 425, 144, 466, 298, 459, 238, 286, 480, 355, 0], [0, 254, 314, 360, 234, 64, 392, 347, 442, 139, 186, 88, 136, 129, 364, 245, 69, 265, 454, 0], [0, 138, 153, 67, 365, 328, 488, 302, 260, 462, 227, 311, 339, 143, 417, 0]], [[0, 105, 169, 237, 387, 180, 63, 1, 172, 352, 282, 112, 54, 109, 430, 127, 378, 494, 207, 445, 293, 259, 216, 95, 24, 15, 0], [0, 233, 94, 487, 79, 167, 294, 263, 306, 429, 161, 0], [0, 217, 87, 219, 256, 251, 327, 47, 278, 309, 170, 273, 335, 11, 467, 383, 464, 218, 262, 424, 149, 350, 0]]]","[[[0, 33, 73, 0], [0, 201, 189, 0], [0, 57, 304, 373, 0], [0, 240, 72, 0], [0, 427, 0], [0, 196, 0], [0, 371, 0], [0, 366, 68, 118, 0], [0, 498, 0], [0, 215, 0], [0, 183, 0], [0, 493, 0], [0, 145, 0], [0, 258, 0], [0, 447, 0], [0, 434, 0]], [], [], [], [], [], [], [], [[0, 212, 0]], []]","[14341.509106694033, 14344.60092998411, 14340.178432283832, 14344.868564183449, 14336.141191840823, 14335.308993948143, 14344.160675440431, 14340.551712582033, 14337.05669768091, 14328.276442787217]","[8743.60516183104, -0.0, -0.0, -0.0, -0.0, -0.0, -0.0, -0.0, 364.045512520696, -0.0]",1400,2.27
500.40.2,500,10,10,endurance,high,high,3600,15.6464,700,31.2928,245.7791792,"[[[0, 300, 34, 397, 497, 261, 125, 332, 366, 118, 487, 382, 319, 467, 142, 0], [0, 303, 12, 212, 352, 316, 131, 311, 153, 264, 339, 471, 273, 192, 380, 0], [0, 325, 14, 117, 430, 285, 345, 499, 437, 133, 35, 333, 49, 194, 445, 179, 415, 0]], [[0, 267, 158, 286, 354, 500, 98, 289, 234, 85, 282, 29, 441, 466, 321, 43, 109, 0], [0, 323, 207, 148, 417, 71, 393, 116, 280, 427, 244, 0], [0, 292, 336, 477, 252, 154, 411, 196, 45, 460, 24, 31, 482, 465, 129, 27, 50, 349, 301, 473, 498, 0]], [[0, 58, 470, 33, 432, 386, 23, 126, 108, 20, 97, 164, 0], [0, 52, 167, 124, 381, 66, 191, 163, 299, 127, 139, 240, 266, 239, 390, 361, 114, 399, 0], [0, 80, 455, 468, 472, 102, 296, 329, 209, 171, 324, 68, 46, 275, 170, 451, 21, 348, 340, 0]], [[0, 452, 279, 180, 401, 379, 429, 476, 56, 479, 70, 260, 284, 155, 206, 177, 331, 409, 89, 0], [0, 392, 486, 274, 128, 439, 165, 232, 373, 435, 343, 175, 320, 306, 450, 256, 494, 0], [0, 188, 86, 100, 368, 263, 60, 1, 73, 305, 480, 278, 369, 3, 76, 449, 0]], [[0, 16, 407, 315, 136, 173, 166, 9, 13, 246, 454, 18, 344, 0], [0, 121, 224, 474, 51, 484, 186, 247, 294, 436, 214, 178, 490, 147, 489, 462, 443, 0], [0, 2, 106, 226, 185, 259, 168, 383, 201, 236, 162, 419, 150, 304, 312, 235, 372, 277, 413, 0]], [[0, 276, 387, 95, 88, 291, 298, 421, 265, 475, 122, 362, 0], [0, 355, 360, 377, 456, 262, 193, 161, 81, 197, 57, 6, 74, 464, 83, 314, 42, 222, 342, 308, 25, 0], [0, 351, 478, 254, 15, 458, 492, 334, 440, 104, 496, 356, 110, 255, 72, 183, 189, 418, 199, 0]], [[0, 271, 174, 328, 347, 205, 22, 337, 384, 283, 4, 269, 213, 10, 350, 215, 402, 208, 151, 0], [0, 371, 364, 92, 463, 143, 144, 272, 404, 94, 198, 0], [0, 322, 405, 257, 61, 159, 453, 38, 96, 134, 400, 123, 141, 398, 233, 293, 30, 53, 481, 119, 0]], [[0, 243, 36, 112, 416, 270, 137, 223, 204, 107, 307, 75, 295, 37, 62, 297, 0], [0, 115, 309, 459, 438, 82, 253, 457, 64, 48, 79, 91, 249, 412, 403, 101, 414, 44, 424, 335, 341, 218, 0], [0, 138, 78, 426, 370, 310, 448, 55, 290, 237, 251, 433, 217, 483, 69, 488, 32, 203, 77, 0]], [[0, 210, 231, 195, 410, 281, 394, 358, 395, 375, 242, 446, 172, 326, 219, 317, 0], [0, 47, 216, 19, 40, 396, 113, 389, 67, 258, 428, 221, 149, 99, 491, 376, 391, 0], [0, 146, 461, 187, 87, 120, 229, 200, 346, 152, 135, 248, 313, 7, 245, 202, 130, 0]], [[0, 268, 353, 28, 157, 302, 330, 5, 220, 425, 363, 0], [0, 211, 378, 288, 365, 495, 41, 26, 238, 406, 388, 11, 111, 359, 338, 469, 54, 385, 420, 228, 485, 84, 169, 0], [0, 327, 423, 181, 422, 8, 227, 493, 318, 434, 442, 444, 59, 287, 230, 65, 184, 132, 182, 176, 0]]]","[[[0, 103, 190, 0], [0, 374, 90, 0], [0, 250, 0], [0, 156, 0], [0, 93, 140, 0], [0, 431, 0], [0, 241, 0], [0, 39, 0], [0, 447, 0], [0, 63, 0], [0, 367, 0], [0, 145, 225, 0], [0, 408, 0], [0, 357, 0], [0, 160, 0], [0, 17, 0], [0, 105, 0]], [], [], [], [], [], [], [], [], []]","[14746.590773039981, 14728.664473916708, 14746.750754216067, 14745.034347751254, 14742.457391620246, 14745.970051474134, 14746.20990303085, 14732.427574420268, 14742.467636039897, 14737.38892917435]","[9865.737067926164, -0.0, -0.0, -0.0, -0.0, -0.0, -0.0, -0.0, -0.0, -0.0]",1400,2.27
500.40.2,500,10,10,endurance,high,high,3600,15.6464,700,31.2928,246.2663436,"[[[0, 440, 334, 492, 128, 439, 165, 232, 373, 435, 343, 175, 320, 306, 313, 450, 256, 130, 0], [0, 143, 144, 325, 430, 117, 322, 499, 345, 285, 133, 35, 333, 92, 445, 2, 179, 371, 415, 0], [0, 399, 138, 146, 7, 245, 202, 90, 0]], [[0, 9, 166, 173, 136, 315, 407, 16, 378, 211, 13, 246, 228, 0], [0, 28, 44, 414, 101, 403, 412, 249, 91, 79, 48, 64, 457, 253, 82, 438, 459, 309, 424, 335, 341, 218, 0], [0, 114, 361, 390, 78, 426, 370, 52, 266, 240, 139, 127, 239, 177, 331, 409, 0]], [[0, 340, 348, 21, 451, 183, 255, 110, 356, 72, 189, 418, 199, 494, 0], [0, 221, 428, 258, 67, 389, 113, 396, 40, 19, 216, 47, 420, 454, 18, 344, 447, 0], [0, 69, 483, 290, 237, 251, 217, 433, 152, 346, 135, 248, 200, 229, 120, 87, 187, 461, 77, 0]], [[0, 174, 350, 10, 213, 269, 4, 283, 384, 337, 22, 205, 347, 328, 271, 277, 0], [0, 307, 107, 204, 36, 112, 416, 270, 137, 223, 352, 212, 295, 62, 0], [0, 280, 116, 393, 261, 125, 332, 366, 497, 71, 417, 148, 467, 178, 490, 147, 489, 462, 443, 0]], [[0, 362, 122, 222, 42, 210, 231, 265, 475, 326, 387, 276, 0], [0, 314, 83, 464, 74, 6, 57, 197, 81, 161, 193, 262, 456, 377, 29, 98, 500, 441, 466, 321, 43, 308, 342, 109, 25, 0], [0, 14, 405, 257, 61, 159, 453, 38, 96, 134, 123, 141, 398, 233, 30, 53, 481, 0]], [[0, 376, 452, 180, 429, 476, 284, 260, 70, 479, 56, 379, 401, 149, 99, 485, 491, 84, 169, 0], [0, 402, 215, 311, 131, 316, 153, 264, 339, 12, 75, 471, 273, 303, 37, 380, 297, 0], [0, 496, 392, 486, 274, 104, 254, 15, 458, 478, 351, 171, 324, 68, 46, 275, 170, 425, 363, 0]], [[0, 355, 360, 282, 85, 289, 234, 460, 24, 31, 482, 465, 129, 286, 354, 267, 158, 0], [0, 226, 185, 49, 259, 168, 383, 201, 437, 236, 162, 419, 150, 304, 312, 235, 372, 413, 0], [0, 203, 32, 488, 310, 448, 55, 167, 124, 381, 66, 191, 163, 299, 155, 206, 279, 391, 0]], [[0, 292, 336, 477, 252, 154, 411, 196, 45, 243, 27, 50, 349, 301, 473, 498, 0], [0, 111, 388, 26, 288, 365, 495, 41, 238, 406, 11, 359, 338, 469, 54, 385, 427, 207, 244, 0], [0, 449, 176, 119, 404, 272, 463, 194, 106, 364, 94, 198, 0]], [[0, 86, 100, 484, 186, 247, 294, 436, 118, 487, 382, 319, 397, 34, 300, 142, 0], [0, 302, 330, 80, 455, 209, 329, 296, 102, 472, 468, 5, 220, 157, 353, 268, 0], [0, 95, 88, 291, 298, 421, 195, 410, 281, 394, 358, 395, 375, 242, 446, 172, 115, 219, 0]], [[0, 305, 73, 386, 432, 23, 126, 400, 287, 230, 65, 184, 293, 132, 182, 225, 0], [0, 327, 423, 181, 422, 8, 227, 493, 318, 434, 442, 444, 59, 108, 20, 97, 33, 470, 58, 76, 164, 0], [0, 121, 224, 474, 214, 51, 263, 60, 1, 368, 480, 278, 369, 3, 188, 0]]]","[[[0, 208, 145, 0], [0, 357, 0], [0, 156, 0], [0, 317, 0], [0, 374, 0], [0, 140, 0], [0, 408, 0], [0, 105, 0], [0, 39, 0], [0, 160, 0], [0, 367, 0], [0, 431, 0], [0, 192, 0], [0, 63, 0], [0, 17, 0], [0, 89, 0], [0, 190, 103, 0], [0, 151, 0], [0, 241, 0], [0, 250, 0]], [], [[0, 93, 0]], [], [], [], [], [], [[0, 323, 0]], []]","[14764.961615645581, 14774.768229609928, 14775.588153218263, 14775.776245055587, 14753.957972771146, 14773.650346997218, 14761.846302198242, 14771.327869332948, 14775.980613371972, 14760.873356406855]","[10590.535840837681, -0.0, 583.0359257551527, -0.0, -0.0, -0.0, -0.0, -0.0, 633.2457006043343, -0.0]",1400,2.27
500.40.2,500,10,10,endurance,high,high,3600,15.6464,700,31.2928,242.8839739,"[[[0, 327, 423, 181, 422, 8, 227, 493, 318, 444, 434, 442, 59, 287, 230, 65, 184, 132, 182, 164, 449, 0], [0, 402, 215, 350, 213, 269, 4, 316, 131, 311, 153, 264, 339, 471, 273, 303, 0], [0, 146, 32, 488, 69, 483, 217, 433, 251, 237, 290, 448, 310, 370, 203, 138, 77, 0]], [[0, 218, 268, 353, 341, 219, 367, 0], [0, 407, 16, 288, 365, 495, 41, 26, 238, 406, 388, 11, 111, 359, 338, 469, 54, 385, 420, 228, 485, 491, 84, 169, 0], [0, 405, 257, 61, 159, 453, 38, 96, 14, 134, 400, 123, 141, 398, 233, 293, 30, 53, 481, 364, 371, 415, 225, 0]], [[0, 461, 187, 87, 120, 229, 200, 152, 346, 135, 248, 313, 7, 450, 202, 0], [0, 36, 112, 154, 411, 196, 45, 24, 31, 482, 465, 129, 286, 354, 158, 267, 349, 301, 473, 498, 0], [0, 452, 180, 279, 206, 155, 299, 163, 240, 139, 127, 177, 331, 409, 89, 0]], [[0, 221, 47, 216, 19, 40, 396, 428, 258, 70, 260, 479, 56, 284, 476, 429, 379, 401, 376, 391, 0], [0, 114, 239, 266, 66, 191, 381, 124, 167, 55, 52, 426, 78, 390, 361, 399, 0], [0, 280, 116, 393, 148, 417, 71, 261, 125, 332, 366, 497, 397, 34, 300, 467, 178, 490, 147, 489, 462, 443, 0]], [[0, 85, 292, 336, 477, 252, 460, 234, 289, 282, 29, 98, 500, 441, 466, 321, 43, 308, 342, 109, 25, 0], [0, 142, 207, 427, 454, 18, 344, 244, 447, 0], [0, 324, 254, 478, 15, 458, 492, 334, 440, 104, 496, 356, 110, 255, 72, 418, 199, 256, 494, 130, 0]], [[0, 372, 235, 226, 185, 312, 205, 22, 337, 384, 283, 10, 347, 328, 174, 271, 277, 0], [0, 472, 102, 296, 329, 209, 351, 171, 68, 46, 275, 170, 183, 189, 451, 21, 348, 340, 0], [0, 76, 58, 470, 33, 386, 432, 97, 20, 108, 126, 23, 73, 305, 480, 278, 369, 3, 188, 374, 0]], [[0, 392, 486, 274, 128, 439, 165, 232, 373, 435, 343, 175, 320, 306, 245, 0], [0, 358, 394, 281, 410, 81, 161, 262, 193, 197, 195, 231, 210, 0], [0, 176, 198, 94, 272, 404, 0]], [[0, 362, 222, 42, 314, 83, 464, 74, 57, 6, 456, 377, 360, 355, 0], [0, 319, 382, 487, 118, 436, 294, 247, 186, 60, 1, 263, 484, 368, 100, 86, 51, 214, 474, 224, 121, 0], [0, 259, 304, 150, 419, 162, 201, 236, 499, 437, 383, 168, 49, 194, 445, 106, 179, 0]], [[0, 363, 425, 157, 220, 5, 302, 330, 80, 455, 468, 412, 403, 101, 414, 44, 28, 0], [0, 35, 133, 345, 285, 117, 322, 430, 325, 144, 143, 463, 333, 92, 2, 413, 0], [0, 424, 309, 459, 438, 82, 253, 48, 79, 249, 91, 64, 457, 375, 395, 242, 326, 387, 276, 317, 0]], [[0, 156, 122, 475, 265, 421, 298, 291, 88, 95, 172, 446, 115, 335, 0], [0, 67, 389, 113, 136, 315, 173, 166, 9, 378, 211, 13, 246, 149, 99, 39, 0], [0, 50, 27, 243, 416, 270, 137, 223, 204, 107, 352, 307, 212, 12, 75, 295, 37, 380, 297, 0]]]","[[[0, 160, 0], [0, 93, 140, 0], [0, 151, 0], [0, 208, 145, 0], [0, 63, 0], [0, 408, 0], [0, 323, 0], [0, 250, 0], [0, 105, 90, 0], [0, 192, 0], [0, 190, 103, 0], [0, 62, 0], [0, 17, 0], [0, 241, 0], [0, 119, 0], [0, 431, 0], [0, 357, 0]], [], [], [], [], [], [], [], [], []]","[14564.72812053347, 14537.252868070089, 14556.196213335876, 14559.973810365682, 14565.560542087347, 14565.724252923023, 14570.421988573089, 14573.038435559924, 14570.233368732272, 14551.296478792867]","[9899.86665133356, -0.0, -0.0, -0.0, -0.0, -0.0, -0.0, -0.0, -0.0, -0.0]",1400,2.27
500.40.2,500,10,10,endurance,high,high,3600,15.6464,700,31.2928,244.7394993,"[[[0, 16, 407, 315, 136, 173, 166, 9, 378, 211, 13, 246, 420, 228, 0], [0, 188, 3, 369, 278, 480, 305, 73, 33, 470, 58, 76, 0], [0, 311, 131, 316, 4, 269, 283, 384, 337, 22, 205, 10, 213, 215, 402, 151, 0]], [[0, 179, 2, 106, 226, 185, 49, 168, 383, 35, 333, 194, 445, 364, 371, 415, 0], [0, 302, 80, 455, 209, 351, 329, 296, 102, 472, 468, 330, 5, 220, 157, 353, 0], [0, 47, 216, 19, 40, 396, 113, 389, 67, 258, 428, 221, 376, 0]], [[0, 409, 177, 429, 56, 479, 70, 260, 284, 476, 379, 401, 279, 180, 452, 391, 0], [0, 280, 116, 393, 148, 417, 71, 261, 125, 332, 366, 497, 397, 34, 300, 467, 142, 0], [0, 243, 112, 196, 411, 45, 460, 24, 289, 234, 31, 482, 465, 129, 27, 349, 301, 473, 498, 0]], [[0, 489, 147, 214, 51, 484, 186, 247, 294, 436, 118, 487, 382, 319, 178, 490, 462, 443, 0], [0, 386, 432, 97, 23, 327, 423, 181, 1, 60, 263, 368, 100, 86, 474, 224, 121, 0], [0, 20, 108, 126, 422, 8, 227, 493, 318, 434, 442, 444, 59, 287, 230, 65, 184, 132, 164, 0]], [[0, 158, 267, 50, 36, 416, 270, 137, 223, 204, 107, 352, 307, 212, 12, 75, 295, 303, 37, 0], [0, 111, 388, 26, 288, 365, 495, 41, 238, 406, 11, 359, 338, 469, 54, 385, 427, 454, 18, 0], [0, 399, 114, 361, 390, 239, 240, 139, 127, 163, 299, 155, 206, 331, 0]], [[0, 154, 252, 477, 336, 292, 85, 282, 29, 98, 500, 286, 354, 441, 466, 321, 43, 308, 342, 109, 25, 250, 0], [0, 355, 360, 377, 456, 262, 193, 161, 81, 197, 57, 6, 74, 464, 83, 314, 42, 222, 362, 0], [0, 297, 380, 273, 471, 339, 264, 153, 350, 347, 328, 174, 271, 277, 413, 0]], [[0, 117, 322, 405, 257, 61, 159, 453, 38, 96, 134, 400, 53, 182, 0], [0, 475, 265, 421, 298, 395, 358, 394, 281, 410, 195, 231, 210, 122, 190, 367, 0], [0, 219, 326, 172, 446, 242, 438, 375, 291, 88, 95, 387, 276, 0]], [[0, 69, 483, 290, 237, 251, 217, 433, 152, 346, 135, 248, 200, 229, 120, 87, 187, 461, 7, 202, 0], [0, 481, 30, 293, 233, 398, 141, 123, 143, 144, 325, 463, 272, 92, 404, 94, 198, 119, 176, 0], [0, 138, 78, 426, 52, 266, 66, 191, 381, 124, 167, 55, 448, 310, 370, 488, 32, 146, 203, 77, 0]], [[0, 496, 392, 104, 492, 334, 440, 254, 15, 458, 478, 171, 324, 68, 46, 275, 170, 425, 363, 268, 0], [0, 28, 44, 414, 101, 403, 412, 249, 91, 79, 48, 64, 457, 253, 82, 459, 309, 115, 424, 335, 341, 218, 0], [0, 130, 245, 450, 313, 306, 320, 175, 72, 189, 418, 199, 256, 494, 0]], [[0, 486, 274, 128, 439, 165, 232, 373, 435, 343, 356, 110, 255, 183, 451, 21, 348, 340, 0], [0, 14, 430, 285, 345, 499, 133, 437, 236, 201, 162, 419, 150, 304, 259, 312, 235, 372, 0], [0, 447, 344, 244, 207, 485, 99, 149, 491, 84, 169, 0]]]","[[[0, 208, 145, 0], [0, 62, 0], [0, 39, 0], [0, 63, 0], [0, 160, 0], [0, 317, 0], [0, 192, 0], [0, 89, 0], [0, 431, 0], [0, 103, 156, 0], [0, 241, 0], [0, 408, 0], [0, 323, 0], [0, 93, 140, 0], [0, 225, 0], [0, 357, 449, 0], [0, 17, 0]], [], [], [], [[0, 90, 374, 0]], [], [], [], [], [[0, 105, 0]]]","[14684.369958743577, 14674.71598793778, 14682.833169112106, 14682.213163091423, 14671.976006656527, 14650.791172956233, 14666.173823955989, 14680.452567869768, 14673.073238445475, 14674.278956018485]","[9789.841085032635, -0.0, -0.0, -0.0, 609.87947271528, -0.0, -0.0, -0.0, -0.0, 551.5799190112559]",1400,2.27
500.40.2,500,10,10,endurance,high,high,3600,15.6464,700,31.2928,245.6167812,"[[[0, 85, 292, 336, 477, 252, 154, 411, 196, 243, 27, 50, 498, 0], [0, 225, 415, 413, 372, 235, 226, 185, 312, 347, 328, 174, 271, 277, 0], [0, 455, 468, 472, 102, 296, 329, 209, 351, 171, 68, 46, 275, 183, 170, 348, 340, 0]], [[0, 475, 95, 88, 291, 395, 358, 394, 281, 410, 298, 421, 265, 231, 210, 122, 0], [0, 311, 131, 316, 4, 269, 283, 384, 337, 22, 205, 10, 213, 350, 215, 402, 151, 0], [0, 12, 212, 307, 107, 204, 416, 270, 137, 223, 352, 153, 264, 339, 471, 273, 192, 380, 0]], [[0, 464, 195, 197, 81, 161, 193, 262, 282, 29, 98, 500, 286, 354, 158, 267, 349, 301, 473, 0], [0, 138, 203, 32, 488, 370, 310, 448, 55, 167, 124, 381, 191, 66, 52, 426, 78, 390, 361, 114, 399, 105, 0], [0, 33, 97, 20, 108, 126, 8, 227, 422, 181, 423, 327, 23, 386, 432, 470, 58, 76, 0]], [[0, 362, 222, 42, 314, 83, 74, 57, 6, 456, 377, 360, 355, 441, 466, 321, 43, 308, 342, 109, 25, 0], [0, 474, 51, 484, 186, 247, 294, 436, 118, 487, 382, 319, 214, 178, 147, 489, 462, 0], [0, 38, 453, 159, 61, 257, 405, 322, 117, 430, 35, 333, 92, 364, 371, 0]], [[0, 115, 309, 459, 438, 82, 253, 48, 79, 249, 91, 64, 457, 375, 242, 446, 172, 326, 387, 276, 218, 0], [0, 428, 67, 389, 113, 258, 70, 260, 479, 56, 284, 476, 429, 279, 180, 452, 376, 391, 0], [0, 461, 187, 120, 217, 433, 251, 237, 290, 483, 69, 146, 77, 0]], [[0, 3, 369, 278, 480, 305, 73, 1, 60, 263, 368, 100, 86, 188, 241, 0], [0, 324, 254, 478, 15, 458, 492, 334, 440, 104, 496, 356, 110, 255, 72, 189, 418, 451, 21, 425, 363, 0], [0, 401, 379, 206, 155, 299, 163, 127, 139, 240, 266, 239, 177, 331, 409, 89, 0]], [[0, 148, 417, 71, 261, 125, 332, 366, 497, 397, 34, 300, 467, 490, 443, 0], [0, 13, 211, 378, 173, 315, 136, 166, 9, 396, 40, 19, 216, 221, 149, 99, 491, 0], [0, 245, 313, 248, 135, 346, 152, 200, 229, 87, 7, 202, 0]], [[0, 129, 465, 482, 31, 234, 289, 24, 460, 45, 112, 36, 75, 295, 37, 303, 297, 0], [0, 168, 383, 133, 285, 345, 499, 437, 236, 201, 162, 419, 150, 304, 259, 49, 194, 445, 106, 2, 179, 357, 431, 0], [0, 427, 280, 116, 393, 469, 338, 111, 246, 47, 228, 485, 84, 169, 0]], [[0, 219, 335, 424, 44, 414, 101, 403, 412, 80, 330, 302, 5, 220, 157, 28, 341, 353, 0], [0, 400, 134, 96, 442, 434, 318, 493, 444, 59, 287, 230, 65, 184, 293, 481, 182, 119, 0], [0, 132, 53, 30, 233, 398, 141, 123, 14, 325, 144, 143, 463, 272, 404, 94, 198, 176, 0]], [[0, 495, 41, 407, 16, 288, 365, 26, 238, 406, 388, 11, 359, 54, 385, 420, 454, 18, 344, 447, 0], [0, 323, 244, 207, 142, 224, 121, 164, 374, 0], [0, 392, 486, 274, 128, 439, 165, 232, 373, 435, 343, 175, 320, 306, 450, 199, 256, 494, 160, 0]]]","[[[0, 17, 0], [0, 208, 145, 0], [0, 268, 140, 0], [0, 449, 90, 0], [0, 156, 190, 0], [0, 317, 0], [0, 62, 0], [0, 93, 103, 0], [0, 63, 0], [0, 250, 0], [0, 39, 0], [0, 367, 0], [0, 408, 0], [0, 130, 0]], [], [], [], [], [], [], [], [], []]","[14728.491837317622, 14735.999629653023, 14737.00687438103, 14706.66007728974, 14733.302546524876, 14735.2865688903, 14732.349154140991, 14678.478123889137, 14732.229187088462, 14592.37814872626]","[8415.709399961748, -0.0, -0.0, -0.0, -0.0, -0.0, -0.0, -0.0, -0.0, -0.0]",1400,2.27
500.40.3,500,10,10,endurance,high,high,3600,15.6464,700,31.2928,239.1995456,"[[[0, 16, 157, 326, 340, 168, 82, 95, 337, 336, 123, 210, 98, 74, 287, 0], [0, 380, 455, 69, 354, 140, 37, 334, 137, 471, 59, 18, 230, 286, 70, 360, 169, 0], [0, 436, 33, 482, 429, 143, 76, 252, 62, 458, 298, 195, 295, 388, 32, 21, 437, 407, 0]], [[0, 158, 262, 223, 138, 434, 259, 432, 383, 395, 257, 60, 318, 265, 423, 0], [0, 46, 293, 120, 369, 386, 309, 397, 426, 26, 280, 174, 319, 96, 263, 181, 185, 339, 317, 404, 285, 166, 107, 0], [0, 356, 25, 490, 235, 224, 367, 366, 422, 81, 204, 484, 6, 306, 97, 401, 40, 394, 444, 447, 301, 0]], [[0, 145, 258, 92, 491, 469, 66, 424, 392, 218, 116, 438, 47, 142, 443, 3, 164, 134, 352, 238, 103, 0], [0, 338, 80, 430, 256, 141, 146, 375, 487, 217, 64, 457, 34, 408, 0], [0, 187, 54, 449, 483, 333, 27, 182, 124, 425, 291, 250, 0]], [[0, 165, 489, 151, 42, 347, 87, 271, 17, 357, 188, 147, 303, 439, 278, 485, 307, 472, 0], [0, 405, 275, 198, 228, 330, 144, 282, 378, 206, 48, 269, 50, 233, 251, 283, 260, 213, 232, 236, 0], [0, 391, 108, 428, 288, 83, 359, 178, 0]], [[0, 156, 135, 197, 245, 99, 177, 38, 358, 0], [0, 314, 296, 290, 446, 58, 499, 497, 364, 194, 192, 101, 461, 243, 411, 29, 0], [0, 171, 225, 154, 452, 292, 139, 249, 402, 313, 85, 351, 253, 467, 44, 220, 433, 71, 355, 0]], [[0, 464, 376, 322, 261, 90, 207, 57, 241, 361, 451, 109, 88, 254, 61, 460, 0], [0, 350, 377, 170, 335, 43, 327, 406, 152, 8, 305, 398, 126, 118, 68, 114, 496, 130, 0], [0, 343, 465, 10, 384, 122, 53, 419, 297, 321, 7, 476, 370, 353, 412, 65, 161, 270, 445, 28, 0]], [[0, 410, 86, 211, 255, 264, 31, 208, 5, 226, 150, 279, 35, 20, 93, 379, 374, 121, 385, 0], [0, 148, 493, 186, 480, 190, 320, 448, 331, 78, 94, 372, 163, 371, 160, 276, 456, 441, 0], [0, 89, 478, 162, 442, 39, 136, 294, 470, 481, 131, 19, 393, 0]], [[0, 417, 415, 409, 494, 49, 175, 111, 311, 129, 112, 450, 172, 299, 329, 153, 0], [0, 300, 55, 56, 308, 474, 400, 403, 30, 91, 227, 84, 239, 104, 199, 0], [0, 102, 382, 348, 173, 52, 15, 495, 201, 387, 273, 479, 328, 362, 346, 100, 349, 200, 0]], [[0, 268, 500, 75, 420, 73, 365, 284, 473, 155, 0], [0, 159, 498, 341, 431, 459, 125, 219, 132, 36, 11, 67, 149, 234, 0], [0, 466, 113, 244, 214, 133, 221, 72, 368, 231, 240, 203, 2, 242, 51, 196, 184, 4, 246, 272, 0]], [[0, 24, 237, 302, 110, 22, 281, 9, 117, 413, 222, 453, 462, 77, 312, 289, 396, 421, 390, 0], [0, 463, 115, 304, 418, 209, 316, 342, 427, 167, 45, 180, 229, 324, 23, 248, 0], [0, 277, 274, 127, 79, 325, 216, 373, 332, 193, 440, 202, 486, 454, 0]]]","[[[0, 363, 0], [0, 14, 399, 0], [0, 381, 179, 0], [0, 266, 212, 0], [0, 176, 247, 0], [0, 205, 267, 0], [0, 106, 0], [0, 492, 475, 0], [0, 435, 0], [0, 105, 13, 0], [0, 389, 0], [0, 416, 477, 0], [0, 488, 0], [0, 189, 0], [0, 128, 414, 0], [0, 119, 0], [0, 191, 0], [0, 344, 0], [0, 345, 0], [0, 323, 468, 0], [0, 215, 0], [0, 183, 0], [0, 41, 63, 0], [0, 315, 0], [0, 1, 0], [0, 310, 0]], [[0, 12, 0]], [], [], [], [], [], [], [], []]","[14351.972735450156, 14351.300276568785, 14347.46022657815, 14341.91003952919, 14350.812488663643, 14351.478390693537, 14351.022430939855, 14338.254649369479, 14351.155739352878, 14347.471388465685]","[14055.076895779626, 573.4734584505408, -0.0, -0.0, -0.0, -0.0, -0.0, -0.0, -0.0, -0.0]",1400,2.27
500.40.3,500,10,10,endurance,high,high,3600,15.6464,700,31.2928,240.2639461,"[[[0, 301, 447, 444, 394, 40, 401, 97, 25, 291, 250, 54, 0], [0, 210, 123, 208, 31, 117, 9, 453, 462, 51, 196, 77, 312, 289, 184, 4, 246, 0], [0, 406, 417, 415, 49, 111, 175, 494, 409, 8, 152, 327, 43, 335, 170, 377, 350, 408, 0]], [[0, 28, 445, 161, 365, 73, 353, 118, 126, 398, 305, 68, 114, 496, 130, 12, 0], [0, 274, 127, 79, 427, 342, 316, 167, 45, 180, 229, 23, 0], [0, 336, 410, 86, 211, 255, 264, 5, 226, 150, 279, 35, 20, 93, 379, 374, 121, 385, 0]], [[0, 200, 156, 135, 197, 245, 99, 100, 349, 177, 318, 38, 423, 0], [0, 269, 306, 6, 484, 204, 81, 422, 366, 367, 463, 115, 224, 235, 490, 356, 124, 425, 449, 468, 0], [0, 282, 405, 275, 198, 228, 330, 144, 378, 206, 48, 50, 233, 251, 436, 260, 213, 232, 0]], [[0, 380, 455, 89, 69, 478, 354, 18, 258, 230, 145, 360, 169, 0], [0, 240, 231, 368, 72, 221, 133, 214, 244, 113, 203, 2, 242, 413, 222, 281, 22, 110, 302, 237, 24, 488, 0], [0, 3, 290, 446, 364, 194, 497, 499, 58, 296, 314, 164, 134, 352, 83, 359, 178, 103, 0]], [[0, 248, 324, 404, 317, 181, 263, 96, 319, 386, 185, 339, 285, 166, 492, 363, 107, 0], [0, 60, 257, 346, 362, 328, 387, 273, 479, 432, 259, 383, 395, 223, 262, 158, 358, 0], [0, 338, 80, 430, 256, 141, 146, 375, 487, 403, 217, 91, 84, 239, 457, 104, 199, 0]], [[0, 483, 182, 333, 27, 304, 418, 209, 280, 26, 174, 426, 397, 309, 369, 120, 293, 46, 187, 0], [0, 396, 489, 151, 87, 271, 466, 17, 357, 188, 347, 42, 439, 165, 421, 390, 472, 0], [0, 500, 343, 384, 53, 122, 147, 303, 10, 465, 278, 485, 307, 0]], [[0, 283, 33, 482, 429, 143, 76, 252, 62, 458, 241, 361, 451, 109, 88, 254, 61, 437, 460, 323, 0], [0, 428, 467, 253, 351, 85, 313, 402, 249, 159, 44, 220, 288, 433, 234, 0], [0, 19, 131, 162, 39, 136, 442, 140, 37, 334, 137, 471, 59, 92, 286, 70, 411, 391, 29, 0]], [[0, 277, 440, 193, 216, 325, 125, 219, 132, 373, 332, 202, 486, 355, 454, 345, 0], [0, 102, 382, 348, 173, 52, 15, 308, 201, 495, 474, 400, 30, 227, 56, 55, 300, 34, 247, 344, 0], [0, 481, 470, 294, 82, 95, 337, 168, 340, 326, 157, 16, 98, 74, 287, 393, 0]], [[0, 270, 65, 412, 370, 476, 321, 297, 419, 7, 420, 75, 284, 473, 63, 0], [0, 491, 469, 66, 424, 392, 218, 116, 438, 47, 142, 192, 101, 443, 461, 243, 108, 238, 0], [0, 64, 94, 78, 331, 448, 320, 190, 480, 311, 129, 186, 112, 172, 299, 329, 153, 0]], [[0, 139, 292, 452, 154, 225, 171, 459, 431, 341, 498, 36, 11, 67, 149, 71, 0], [0, 441, 276, 450, 148, 493, 372, 163, 371, 160, 456, 0], [0, 21, 32, 388, 295, 207, 57, 195, 298, 90, 261, 434, 138, 322, 376, 464, 407, 0]]]","[[[0, 155, 272, 0], [0, 128, 0], [0, 236, 0], [0, 212, 0], [0, 268, 267, 0], [0, 381, 435, 0], [0, 13, 414, 0], [0, 265, 0], [0, 1, 0], [0, 179, 0], [0, 215, 0], [0, 315, 0], [0, 41, 0], [0, 399, 477, 0], [0, 475, 0], [0, 119, 0], [0, 191, 0], [0, 176, 0], [0, 266, 0], [0, 106, 0], [0, 189, 0], [0, 14, 0], [0, 183, 0]], [[0, 416, 0], [0, 310, 0], [0, 205, 105, 0]], [], [], [[0, 389, 0]], [], [], [], [], []]","[14404.559124198779, 14410.363059188552, 14412.389678428704, 14415.227675931663, 14414.359157634244, 14404.70314027317, 14414.11047928362, 14408.458403023105, 14414.869463997442, 14415.836765484763]","[11866.316743856907, 1867.286826504006, -0.0, -0.0, 654.3722669332483, -0.0, -0.0, -0.0, -0.0, -0.0]",1400,2.27
500.40.3,500,10,10,endurance,high,high,3600,15.6464,700,31.2928,237.2782595,"[[[0, 450, 148, 163, 493, 186, 480, 448, 320, 190, 311, 129, 112, 172, 299, 329, 0], [0, 64, 84, 227, 91, 30, 217, 487, 403, 400, 474, 308, 102, 300, 389, 315, 0], [0, 464, 376, 322, 295, 207, 90, 298, 195, 57, 241, 361, 451, 109, 388, 32, 21, 460, 0]], [[0, 423, 265, 38, 349, 100, 99, 245, 197, 135, 55, 56, 239, 457, 104, 0], [0, 296, 58, 499, 497, 313, 402, 249, 85, 351, 253, 467, 428, 44, 220, 288, 433, 234, 310, 103, 0], [0, 25, 490, 235, 224, 115, 463, 367, 366, 422, 81, 204, 6, 306, 97, 401, 40, 394, 444, 301, 0]], [[0, 181, 263, 319, 96, 209, 418, 304, 280, 26, 174, 426, 397, 309, 386, 369, 120, 293, 46, 0], [0, 145, 230, 258, 59, 424, 392, 218, 116, 438, 142, 47, 66, 469, 491, 92, 286, 70, 411, 391, 360, 29, 169, 0], [0, 158, 262, 223, 138, 261, 434, 383, 395, 60, 0]], [[0, 13, 488, 24, 237, 302, 93, 379, 374, 121, 267, 0], [0, 123, 410, 86, 211, 255, 264, 31, 208, 5, 226, 150, 279, 35, 20, 0], [0, 484, 198, 275, 228, 144, 330, 378, 206, 48, 269, 251, 482, 33, 283, 436, 260, 213, 232, 0]], [[0, 270, 161, 65, 412, 370, 353, 118, 126, 398, 305, 68, 114, 43, 335, 377, 350, 153, 0], [0, 343, 465, 10, 384, 53, 419, 297, 321, 476, 7, 420, 73, 365, 75, 284, 500, 473, 0], [0, 382, 348, 173, 52, 15, 495, 201, 387, 273, 259, 432, 479, 328, 362, 346, 257, 177, 318, 0]], [[0, 23, 277, 274, 127, 79, 325, 216, 193, 332, 440, 202, 486, 381, 0], [0, 406, 417, 415, 49, 111, 175, 494, 409, 8, 152, 327, 170, 496, 445, 130, 28, 12, 0], [0, 294, 157, 16, 326, 340, 168, 82, 95, 337, 336, 210, 98, 74, 287, 393, 385, 0]], [[0, 110, 22, 281, 9, 117, 222, 413, 242, 2, 203, 462, 51, 453, 196, 77, 312, 289, 184, 4, 246, 272, 0], [0, 243, 461, 443, 101, 192, 194, 364, 446, 290, 3, 314, 164, 134, 108, 352, 83, 238, 359, 215, 178, 0], [0, 19, 131, 481, 470, 162, 354, 442, 39, 136, 140, 37, 334, 137, 471, 18, 478, 69, 89, 455, 0]], [[0, 240, 231, 368, 72, 221, 133, 214, 244, 113, 466, 17, 271, 87, 151, 396, 421, 390, 0], [0, 458, 76, 252, 62, 405, 282, 50, 233, 143, 429, 88, 254, 61, 437, 407, 0], [0, 107, 339, 185, 317, 404, 285, 0]], [[0, 139, 292, 452, 154, 225, 171, 459, 431, 341, 498, 159, 11, 67, 149, 71, 355, 454, 0], [0, 375, 146, 256, 430, 80, 338, 141, 78, 331, 94, 372, 371, 160, 276, 266, 0], [0, 408, 441, 456, 34, 199, 156, 200, 119, 358, 0]], [[0, 373, 36, 132, 219, 125, 342, 427, 316, 167, 45, 180, 229, 324, 166, 248, 0], [0, 165, 489, 42, 347, 188, 357, 122, 303, 147, 439, 278, 485, 0], [0, 54, 447, 356, 27, 333, 182, 124, 483, 425, 449, 291, 250, 187, 0]]]","[[[0, 14, 0], [0, 179, 0], [0, 176, 0], [0, 236, 0], [0, 268, 0], [0, 477, 468, 0], [0, 344, 0], [0, 435, 0], [0, 63, 41, 0], [0, 183, 0], [0, 191, 247, 0], [0, 323, 0], [0, 205, 414, 0], [0, 416, 0], [0, 212, 0], [0, 105, 0], [0, 128, 0], [0, 363, 0], [0, 399, 0], [0, 345, 0], [0, 106, 0], [0, 1, 0], [0, 189, 0], [0, 307, 155, 0]], [[0, 380, 0], [0, 472, 0]], [], [], [], [], [[0, 475, 492, 0]], [], [], []]","[14234.051016130185, 14215.008262155847, 14236.695571992352, 14181.385682401964, 14221.257948156064, 14225.410395041792, 14225.747574714924, 14234.285812830116, 14201.02905120356, 14235.066424380066]","[13058.940159835223, 1008.4996194262517, -0.0, -0.0, -0.0, -0.0, 698.3854384219745, -0.0, -0.0, -0.0]",1400,2.27
500.40.3,500,10,10,endurance,high,high,3600,15.6464,700,31.2928,242.6683055,"[[[0, 282, 405, 275, 198, 228, 330, 144, 378, 206, 48, 251, 436, 260, 0], [0, 380, 455, 89, 69, 478, 354, 442, 140, 37, 334, 137, 471, 18, 258, 230, 145, 360, 0], [0, 350, 377, 335, 43, 152, 8, 305, 398, 126, 118, 68, 353, 370, 412, 65, 75, 284, 473, 268, 0]], [[0, 21, 32, 388, 295, 207, 90, 261, 434, 138, 322, 376, 464, 158, 358, 423, 0], [0, 34, 104, 64, 372, 493, 163, 148, 450, 456, 344, 0], [0, 459, 171, 225, 154, 452, 292, 139, 402, 249, 159, 67, 288, 83, 359, 0]], [[0, 255, 211, 221, 133, 72, 368, 231, 240, 242, 413, 222, 453, 281, 184, 4, 246, 272, 472, 155, 0], [0, 189, 301, 444, 40, 97, 401, 394, 447, 0], [0, 135, 197, 99, 245, 346, 362, 328, 479, 273, 387, 201, 495, 15, 52, 173, 348, 382, 102, 156, 0]], [[0, 457, 239, 84, 227, 91, 30, 217, 487, 403, 400, 474, 308, 56, 55, 300, 199, 191, 408, 0], [0, 200, 177, 349, 100, 257, 395, 432, 259, 383, 223, 262, 60, 318, 38, 315, 0], [0, 115, 463, 367, 366, 422, 81, 204, 484, 6, 306, 269, 50, 233, 143, 429, 482, 33, 283, 213, 232, 236, 0]], [[0, 399, 23, 277, 274, 127, 79, 325, 216, 193, 440, 202, 486, 345, 0], [0, 286, 92, 491, 59, 424, 392, 218, 142, 47, 116, 438, 66, 469, 243, 70, 411, 391, 29, 169, 0], [0, 375, 146, 256, 430, 80, 338, 141, 78, 331, 94, 371, 160, 276, 212, 441, 0]], [[0, 153, 329, 299, 172, 417, 406, 327, 114, 170, 496, 445, 161, 270, 130, 28, 0], [0, 192, 194, 364, 497, 499, 58, 313, 85, 351, 253, 467, 44, 220, 433, 234, 178, 103, 0], [0, 45, 167, 427, 342, 316, 209, 96, 319, 263, 181, 317, 404, 180, 229, 324, 363, 248, 0]], [[0, 289, 77, 196, 51, 462, 2, 203, 214, 244, 113, 17, 466, 312, 396, 421, 390, 0], [0, 24, 237, 302, 110, 22, 226, 150, 279, 35, 20, 93, 379, 374, 121, 0], [0, 415, 409, 494, 49, 175, 111, 320, 448, 190, 480, 311, 129, 186, 112, 0]], [[0, 109, 361, 241, 57, 195, 298, 458, 62, 252, 76, 451, 88, 254, 61, 437, 460, 407, 0], [0, 250, 291, 425, 124, 25, 224, 235, 490, 356, 182, 483, 449, 54, 187, 0], [0, 9, 117, 5, 208, 31, 264, 86, 410, 123, 210, 98, 74, 287, 385, 0]], [[0, 46, 293, 120, 369, 333, 27, 304, 418, 280, 26, 174, 426, 397, 309, 386, 185, 339, 285, 166, 107, 0], [0, 162, 39, 136, 82, 95, 336, 337, 168, 340, 326, 16, 157, 294, 470, 481, 131, 19, 393, 0], [0, 332, 373, 132, 219, 125, 431, 341, 498, 36, 11, 149, 71, 355, 0]], [[0, 365, 73, 420, 7, 476, 321, 297, 419, 53, 122, 384, 343, 500, 0], [0, 108, 134, 164, 3, 461, 443, 101, 446, 290, 296, 314, 428, 352, 238, 0], [0, 165, 439, 489, 151, 42, 347, 87, 271, 357, 188, 147, 303, 10, 465, 278, 485, 267, 0]]]","[[[0, 106, 0], [0, 215, 0], [0, 310, 0], [0, 307, 0], [0, 492, 475, 0], [0, 179, 381, 0], [0, 176, 0], [0, 454, 0], [0, 323, 0], [0, 105, 0], [0, 205, 0], [0, 128, 0], [0, 1, 0], [0, 477, 0], [0, 63, 41, 0], [0, 435, 468, 0], [0, 488, 0]], [], [[0, 183, 0], [0, 266, 0], [0, 265, 0], [0, 13, 0]], [[0, 14, 0], [0, 247, 0]], [], [], [], [[0, 119, 0], [0, 414, 416, 0]], [[0, 12, 0], [0, 389, 0]], []]","[14559.277483232421, 14559.386814296156, 14557.927636293498, 14557.164702952006, 14538.937948041856, 14557.902846642457, 14560.098330114964, 14558.151420901817, 14545.597667631817, 14559.602265443002]","[9258.90278336532, -0.0, 2005.5875207182135, 1141.6797962829633, -0.0, -0.0, -0.0, 1040.0414623195365, 1227.8457253837892, -0.0]",1400,2.27
500.40.3,500,10,10,endurance,high,high,3600,15.6464,700,31.2928,240.7036978,"[[[0, 29, 391, 411, 108, 352, 83, 238, 359, 179, 399, 0], [0, 271, 17, 466, 113, 244, 214, 72, 368, 231, 240, 203, 2, 242, 413, 222, 117, 9, 281, 22, 110, 302, 237, 24, 128, 385, 0], [0, 338, 80, 430, 256, 141, 146, 375, 487, 217, 64, 239, 457, 104, 199, 34, 441, 0]], [[0, 135, 102, 382, 348, 308, 474, 400, 403, 30, 91, 227, 84, 56, 55, 300, 156, 315, 0], [0, 274, 127, 216, 325, 125, 219, 132, 373, 332, 202, 486, 355, 454, 345, 0], [0, 21, 32, 388, 295, 207, 57, 195, 298, 90, 261, 434, 138, 322, 376, 464, 0]], [[0, 187, 46, 293, 120, 369, 26, 280, 174, 426, 397, 309, 386, 185, 339, 285, 166, 363, 107, 0], [0, 139, 292, 452, 154, 225, 171, 459, 431, 341, 498, 36, 11, 67, 149, 71, 178, 103, 0], [0, 455, 89, 69, 478, 354, 37, 140, 442, 39, 136, 82, 294, 162, 470, 481, 131, 19, 393, 0]], [[0, 25, 224, 367, 366, 422, 81, 204, 484, 6, 269, 306, 97, 401, 40, 394, 444, 447, 301, 0], [0, 350, 377, 170, 335, 43, 327, 406, 152, 8, 305, 398, 126, 118, 68, 114, 496, 445, 130, 12, 0], [0, 277, 440, 193, 79, 427, 342, 316, 167, 45, 180, 229, 23, 248, 0]], [[0, 282, 405, 275, 198, 228, 330, 144, 378, 206, 48, 50, 233, 251, 283, 436, 260, 213, 232, 0], [0, 165, 489, 151, 42, 347, 87, 188, 357, 122, 303, 147, 439, 278, 485, 105, 0], [0, 145, 230, 258, 59, 66, 469, 491, 92, 286, 360, 169, 106, 0]], [[0, 148, 493, 186, 480, 190, 320, 448, 331, 78, 94, 372, 163, 371, 160, 276, 456, 266, 0], [0, 134, 164, 3, 101, 192, 194, 364, 446, 290, 296, 314, 428, 288, 0], [0, 197, 99, 245, 173, 52, 15, 495, 201, 387, 273, 479, 328, 362, 346, 100, 349, 177, 200, 0]], [[0, 468, 250, 291, 425, 124, 182, 27, 333, 483, 449, 54, 0], [0, 65, 412, 353, 370, 476, 7, 321, 297, 419, 53, 384, 10, 465, 343, 500, 268, 472, 0], [0, 86, 410, 123, 210, 336, 337, 95, 168, 340, 326, 157, 16, 98, 74, 287, 0]], [[0, 38, 318, 60, 257, 395, 432, 259, 383, 223, 262, 158, 358, 423, 0], [0, 356, 490, 235, 463, 115, 304, 418, 209, 96, 319, 263, 181, 317, 404, 324, 0], [0, 417, 415, 409, 494, 49, 175, 111, 311, 129, 112, 450, 172, 299, 329, 153, 0]], [[0, 390, 421, 396, 289, 312, 77, 462, 51, 196, 453, 184, 4, 246, 267, 0], [0, 159, 249, 402, 313, 497, 499, 58, 85, 351, 253, 467, 44, 220, 433, 234, 0], [0, 18, 334, 137, 471, 424, 392, 218, 116, 438, 47, 142, 443, 461, 243, 70, 0]], [[0, 155, 28, 270, 161, 365, 73, 420, 75, 284, 473, 0], [0, 133, 221, 255, 211, 264, 31, 208, 5, 226, 150, 279, 35, 20, 93, 379, 374, 121, 0], [0, 33, 482, 429, 143, 76, 252, 62, 458, 241, 361, 451, 109, 88, 254, 61, 437, 460, 407, 0]]]","[[[0, 416, 477, 0], [0, 176, 0], [0, 212, 0], [0, 488, 0], [0, 323, 0], [0, 191, 0], [0, 380, 0], [0, 408, 0], [0, 381, 0], [0, 265, 0], [0, 435, 14, 0], [0, 344, 247, 0], [0, 63, 41, 0], [0, 183, 0], [0, 272, 307, 0], [0, 236, 0], [0, 205, 0], [0, 389, 0], [0, 119, 0], [0, 492, 475, 0], [0, 310, 0], [0, 215, 0], [0, 1, 0], [0, 189, 0]], [], [], [], [[0, 13, 414, 0]], [], [], [], [], []]","[14431.573499363567, 14441.52047896835, 14403.51752362239, 14437.503801629171, 14439.510138078864, 14442.221868550414, 14439.876301234752, 14441.575566322168, 14441.878994485647, 14437.161294508138]","[13241.73291440785, -0.0, -0.0, -0.0, 440.9125721819314, -0.0, -0.0, -0.0, -0.0, -0.0]",1400,2.27
500.40.4,500,10,10,endurance,high,high,3600,15.6464,700,31.2928,243.0911466,"[[[0, 221, 70, 341, 500, 27, 200, 455, 291, 98, 0], [0, 391, 367, 107, 152, 131, 89, 458, 282, 194, 126, 471, 95, 487, 122, 359, 400, 82, 100, 298, 0], [0, 46, 273, 386, 378, 449, 489, 189, 483, 23, 325, 260, 135, 283, 363, 48, 0]], [[0, 445, 68, 423, 412, 494, 415, 366, 357, 440, 318, 94, 267, 101, 36, 0], [0, 121, 249, 348, 168, 5, 75, 340, 397, 0], [0, 300, 428, 198, 204, 476, 375, 296, 456, 207, 395, 241, 115, 432, 480, 0]], [[0, 190, 474, 54, 315, 102, 180, 211, 353, 369, 183, 262, 143, 160, 410, 130, 347, 401, 25, 0], [0, 404, 399, 30, 239, 37, 52, 222, 196, 14, 337, 10, 69, 147, 83, 368, 0], [0, 208, 308, 346, 303, 469, 495, 38, 158, 79, 426, 493, 110, 6, 477, 269, 435, 349, 254, 311, 242, 0]], [[0, 137, 271, 264, 465, 486, 417, 292, 312, 155, 441, 125, 287, 85, 113, 185, 109, 433, 136, 279, 0], [0, 406, 448, 251, 258, 77, 163, 151, 215, 272, 442, 65, 61, 62, 459, 174, 472, 0], [0, 462, 467, 22, 240, 403, 205, 255, 13, 4, 266, 453, 40, 371, 199, 0]], [[0, 313, 330, 328, 146, 380, 201, 389, 414, 333, 496, 314, 488, 479, 177, 244, 286, 182, 0], [0, 228, 329, 149, 274, 421, 63, 192, 134, 187, 396, 90, 424, 452, 127, 309, 232, 93, 323, 326, 195, 430, 460, 468, 0], [0, 319, 43, 392, 106, 218, 21, 350, 167, 334, 206, 276, 351, 56, 224, 176, 169, 123, 140, 342, 0]], [[0, 437, 361, 67, 17, 294, 429, 18, 250, 66, 20, 193, 165, 203, 0], [0, 473, 280, 33, 45, 217, 39, 104, 444, 170, 388, 202, 71, 339, 297, 248, 34, 383, 0], [0, 358, 263, 148, 9, 277, 252, 374, 484, 226, 466, 141, 422, 53, 11, 111, 133, 72, 0]], [[0, 209, 464, 220, 128, 184, 302, 16, 257, 443, 362, 499, 214, 236, 305, 238, 171, 0], [0, 256, 425, 237, 498, 44, 278, 299, 373, 497, 447, 87, 139, 19, 161, 253, 275, 29, 0], [0, 105, 376, 132, 219, 360, 470, 409, 492, 352, 41, 145, 316, 393, 108, 225, 379, 281, 129, 338, 159, 322, 0]], [[0, 420, 365, 317, 35, 24, 186, 32, 491, 335, 405, 394, 439, 356, 31, 59, 0], [0, 265, 213, 81, 157, 331, 88, 345, 284, 289, 172, 463, 354, 336, 212, 97, 0], [0, 138, 490, 320, 234, 454, 153, 413, 402, 116, 411, 150, 344, 0]], [[0, 49, 229, 142, 96, 290, 261, 268, 119, 1, 270, 74, 223, 0], [0, 231, 457, 73, 47, 370, 166, 92, 173, 385, 324, 381, 475, 431, 0], [0, 434, 191, 293, 235, 481, 327, 377, 243, 55, 321, 310, 114, 461, 12, 295, 485, 0]], [[0, 301, 120, 245, 233, 246, 482, 178, 451, 259, 372, 216, 387, 117, 118, 64, 0], [0, 144, 15, 80, 478, 306, 50, 76, 285, 416, 304, 84, 156, 60, 230, 419, 364, 103, 390, 2, 438, 398, 0], [0, 179, 418, 99, 162, 57, 58, 164, 247, 8, 28, 51, 42, 407, 382, 343, 0]]]","[[[0, 427, 384, 0], [0, 197, 0], [0, 175, 0], [0, 124, 0], [0, 181, 355, 0], [0, 210, 0], [0, 408, 0], [0, 26, 0], [0, 288, 0], [0, 307, 0], [0, 227, 0], [0, 332, 91, 0], [0, 3, 0], [0, 86, 0], [0, 112, 0], [0, 7, 0], [0, 450, 0], [0, 154, 436, 0], [0, 188, 78, 0]], [], [], [[0, 446, 0]], [], [], [], [], [], []]","[14584.420119595703, 14575.834332380651, 14574.342439900378, 14577.799777650263, 14585.4687969227, 14576.37691707672, 14580.049804119302, 14560.24953976492, 14571.210914258572, 14579.52659178988]","[9126.39756549779, -0.0, -0.0, 670.4872812174906, -0.0, -0.0, -0.0, -0.0, -0.0, -0.0]",1400,2.27
500.40.4,500,10,10,endurance,high,high,3600,15.6464,700,31.2928,242.1001878,"[[[0, 43, 169, 176, 224, 56, 351, 276, 107, 152, 131, 89, 367, 391, 359, 400, 82, 100, 298, 0], [0, 199, 371, 480, 406, 448, 251, 77, 163, 151, 61, 258, 459, 223, 0], [0, 412, 423, 68, 445, 443, 362, 499, 110, 214, 6, 477, 269, 435, 349, 254, 311, 242, 0]], [[0, 263, 358, 493, 426, 79, 158, 38, 495, 469, 277, 252, 9, 148, 303, 346, 308, 208, 29, 0], [0, 215, 65, 442, 272, 229, 49, 261, 482, 268, 119, 1, 270, 259, 372, 74, 62, 174, 197, 0], [0, 338, 281, 225, 108, 393, 316, 145, 41, 132, 189, 483, 23, 325, 260, 129, 135, 159, 283, 48, 0]], [[0, 255, 461, 114, 310, 321, 55, 205, 403, 240, 22, 422, 53, 467, 11, 462, 111, 425, 0], [0, 454, 153, 390, 103, 230, 419, 60, 416, 285, 76, 364, 413, 490, 279, 0], [0, 410, 262, 160, 143, 404, 399, 239, 30, 369, 183, 211, 180, 102, 147, 315, 83, 401, 368, 0]], [[0, 138, 363, 320, 234, 2, 438, 179, 418, 407, 382, 398, 0], [0, 125, 441, 292, 417, 386, 273, 449, 489, 376, 105, 85, 287, 113, 185, 109, 433, 0], [0, 198, 428, 290, 96, 300, 142, 476, 375, 296, 456, 191, 434, 207, 395, 241, 115, 432, 485, 133, 0]], [[0, 140, 123, 319, 182, 348, 249, 168, 5, 75, 188, 340, 0], [0, 69, 18, 250, 66, 491, 420, 365, 317, 335, 405, 394, 20, 439, 356, 31, 361, 437, 474, 190, 0], [0, 378, 486, 465, 264, 271, 312, 155, 137, 50, 306, 478, 80, 15, 144, 402, 116, 411, 150, 344, 136, 322, 0]], [[0, 32, 186, 24, 35, 157, 81, 265, 193, 165, 463, 354, 336, 203, 59, 124, 0], [0, 383, 231, 238, 305, 236, 171, 227, 0], [0, 481, 327, 377, 204, 243, 235, 293, 12, 295, 13, 4, 266, 453, 40, 0]], [[0, 341, 500, 228, 329, 149, 192, 63, 421, 274, 27, 200, 455, 291, 221, 98, 7, 25, 0], [0, 392, 106, 218, 206, 334, 167, 350, 21, 314, 414, 333, 496, 488, 479, 177, 244, 286, 0], [0, 389, 201, 409, 470, 46, 360, 219, 492, 352, 380, 146, 328, 330, 313, 379, 121, 0]], [[0, 385, 173, 92, 464, 128, 184, 302, 257, 16, 209, 166, 370, 47, 73, 457, 381, 307, 36, 0], [0, 297, 339, 473, 280, 33, 45, 217, 39, 104, 202, 71, 248, 34, 431, 0], [0, 347, 130, 353, 337, 14, 37, 52, 222, 196, 10, 294, 429, 17, 67, 54, 0]], [[0, 216, 451, 178, 246, 233, 245, 120, 301, 387, 117, 118, 0], [0, 237, 498, 44, 278, 299, 141, 466, 226, 484, 374, 447, 497, 373, 87, 139, 19, 161, 253, 275, 0], [0, 440, 388, 170, 444, 415, 494, 366, 357, 220, 318, 94, 267, 324, 101, 475, 0]], [[0, 172, 289, 284, 213, 331, 88, 345, 458, 282, 194, 126, 471, 95, 487, 122, 212, 97, 288, 0], [0, 99, 162, 57, 58, 164, 247, 8, 28, 84, 304, 156, 51, 42, 343, 0], [0, 70, 326, 323, 232, 309, 187, 134, 396, 90, 424, 452, 127, 93, 195, 430, 460, 468, 0]]]","[[[0, 26, 86, 0], [0, 72, 472, 0], [0, 154, 450, 0], [0, 91, 3, 0], [0, 355, 342, 78, 0], [0, 427, 210, 0], [0, 112, 0], [0, 175, 0], [0, 446, 0], [0, 384, 0], [0, 436, 181, 0], [0, 397, 0], [0, 408, 0], [0, 256, 332, 0], [0, 64, 0]], [], [], [], [], [], [], [], [], []]","[14521.409417773439, 14512.953199089026, 14511.358574538437, 14490.416300438883, 14523.532885045759, 14525.234901368092, 14513.800831934437, 14523.906616005235, 14526.011270632367, 14517.116719931086]","[8051.147335254282, -0.0, -0.0, -0.0, -0.0, -0.0, -0.0, -0.0, -0.0, -0.0]",1400,2.27
500.40.4,500,10,10,endurance,high,high,3600,15.6464,700,31.2928,241.9638799,"[[[0, 491, 32, 66, 250, 18, 69, 429, 17, 67, 294, 147, 54, 401, 0], [0, 208, 308, 346, 303, 9, 277, 469, 495, 38, 158, 79, 426, 493, 6, 477, 269, 435, 349, 254, 311, 0], [0, 320, 234, 150, 411, 116, 402, 113, 85, 105, 376, 132, 189, 483, 23, 325, 260, 135, 159, 48, 0]], [[0, 319, 43, 169, 56, 351, 276, 206, 334, 167, 350, 21, 218, 106, 392, 0], [0, 358, 263, 148, 252, 374, 484, 226, 466, 141, 22, 422, 53, 11, 111, 3, 91, 0], [0, 385, 173, 92, 464, 220, 128, 184, 302, 257, 16, 209, 166, 370, 47, 73, 457, 231, 0]], [[0, 347, 410, 262, 399, 404, 143, 160, 27, 200, 500, 341, 455, 291, 0], [0, 118, 117, 387, 301, 120, 58, 247, 8, 28, 164, 57, 162, 99, 418, 179, 382, 398, 0], [0, 228, 329, 149, 274, 421, 63, 192, 134, 187, 396, 90, 424, 452, 127, 309, 232, 93, 323, 326, 195, 70, 221, 98, 0]], [[0, 456, 296, 375, 476, 204, 300, 142, 229, 272, 215, 151, 163, 77, 258, 251, 448, 406, 472, 0], [0, 297, 339, 473, 280, 33, 45, 217, 39, 104, 202, 71, 248, 431, 383, 0], [0, 140, 123, 176, 224, 107, 152, 131, 89, 367, 391, 359, 400, 82, 100, 298, 210, 0]], [[0, 124, 203, 165, 193, 172, 471, 95, 463, 354, 336, 97, 0], [0, 130, 183, 353, 369, 30, 239, 37, 52, 222, 196, 14, 337, 10, 211, 180, 102, 315, 83, 368, 0], [0, 240, 403, 205, 321, 55, 243, 377, 327, 481, 235, 293, 191, 434, 207, 395, 241, 115, 432, 480, 0]], [[0, 40, 462, 467, 266, 4, 13, 255, 461, 310, 114, 12, 295, 453, 485, 371, 0], [0, 413, 144, 15, 80, 478, 306, 50, 76, 285, 416, 364, 419, 230, 390, 153, 454, 2, 0], [0, 289, 265, 81, 213, 331, 88, 345, 284, 458, 282, 194, 126, 122, 487, 212, 78, 0]], [[0, 313, 330, 328, 146, 380, 201, 389, 414, 333, 496, 314, 488, 479, 177, 244, 286, 182, 75, 188, 340, 0], [0, 125, 441, 489, 449, 386, 273, 46, 470, 409, 360, 219, 492, 352, 41, 145, 316, 393, 108, 225, 121, 175, 0], [0, 407, 42, 51, 84, 304, 156, 60, 103, 438, 279, 0]], [[0, 157, 35, 24, 186, 420, 365, 317, 335, 405, 394, 20, 439, 356, 31, 361, 437, 474, 59, 190, 0], [0, 412, 423, 68, 445, 443, 362, 499, 110, 214, 236, 305, 238, 171, 86, 0], [0, 363, 283, 338, 129, 281, 379, 249, 348, 168, 5, 397, 0]], [[0, 451, 178, 245, 233, 246, 482, 119, 1, 270, 372, 216, 223, 0], [0, 440, 388, 170, 444, 415, 494, 366, 357, 318, 94, 267, 324, 101, 381, 0], [0, 425, 237, 498, 44, 278, 299, 373, 497, 447, 87, 139, 19, 161, 253, 275, 29, 0]], [[0, 242, 450, 36, 307, 475, 34, 430, 460, 468, 25, 7, 0], [0, 198, 428, 290, 96, 261, 268, 49, 442, 65, 61, 259, 74, 62, 459, 174, 197, 0], [0, 271, 264, 465, 486, 378, 417, 292, 312, 155, 137, 287, 185, 109, 433, 344, 136, 322, 138, 0]]]","[[[0, 446, 0], [0, 355, 0], [0, 26, 256, 72, 0], [0, 343, 427, 0], [0, 227, 0], [0, 154, 0], [0, 490, 0], [0, 288, 0], [0, 133, 0], [0, 384, 0], [0, 408, 436, 0], [0, 199, 0], [0, 64, 0], [0, 112, 181, 0], [0, 342, 0], [0, 332, 0]], [], [], [], [], [], [], [], [], []]","[14517.832794431064, 14517.521252523564, 14517.326937660311, 14504.56259334943, 14511.030968183228, 14512.242139942475, 14517.21487763706, 14502.309582465405, 14505.395417491258, 14387.286513249319]","[8334.16267921412, -0.0, -0.0, -0.0, -0.0, -0.0, -0.0, -0.0, -0.0, -0.0]",1400,2.27
500.40.4,500,10,10,endurance,high,high,3600,15.6464,700,31.2928,240.0425268,"[[[0, 10, 337, 14, 37, 196, 222, 52, 399, 239, 30, 369, 353, 183, 262, 410, 130, 347, 83, 401, 368, 0], [0, 137, 271, 264, 465, 486, 417, 292, 312, 155, 441, 125, 287, 113, 402, 116, 411, 150, 234, 320, 138, 0], [0, 431, 34, 430, 297, 473, 339, 195, 460, 0]], [[0, 169, 176, 224, 56, 351, 276, 107, 152, 131, 89, 367, 391, 359, 400, 82, 140, 100, 78, 210, 0], [0, 57, 58, 164, 247, 8, 28, 84, 304, 156, 60, 51, 42, 407, 438, 0], [0, 325, 23, 483, 189, 132, 219, 492, 352, 41, 145, 316, 393, 108, 260, 225, 379, 281, 129, 338, 159, 175, 0]], [[0, 494, 412, 423, 68, 445, 443, 362, 499, 110, 269, 435, 349, 254, 311, 227, 0], [0, 363, 121, 135, 283, 0], [0, 96, 290, 428, 198, 204, 476, 375, 296, 456, 207, 395, 241, 251, 448, 406, 133, 72, 0]], [[0, 47, 370, 166, 209, 16, 257, 302, 184, 128, 220, 464, 318, 94, 92, 173, 267, 101, 475, 36, 383, 0], [0, 171, 231, 457, 238, 305, 236, 477, 6, 214, 385, 73, 324, 381, 307, 450, 0], [0, 194, 282, 458, 345, 88, 331, 157, 81, 213, 265, 193, 165, 203, 124, 0]], [[0, 413, 144, 15, 80, 478, 306, 50, 76, 285, 416, 364, 419, 230, 103, 390, 153, 454, 2, 398, 0], [0, 358, 493, 426, 79, 158, 38, 495, 469, 277, 252, 9, 148, 263, 303, 346, 308, 208, 29, 242, 0], [0, 326, 323, 93, 232, 309, 127, 452, 424, 90, 396, 187, 134, 149, 329, 228, 500, 341, 70, 221, 0]], [[0, 32, 186, 24, 35, 317, 365, 420, 491, 335, 405, 394, 20, 439, 356, 31, 361, 437, 474, 59, 190, 0], [0, 371, 485, 425, 332, 0], [0, 378, 386, 273, 46, 470, 409, 360, 449, 489, 376, 105, 85, 185, 109, 433, 344, 136, 322, 0]], [[0, 440, 357, 366, 415, 444, 170, 388, 104, 39, 217, 45, 33, 280, 202, 71, 248, 25, 0], [0, 64, 118, 117, 387, 216, 451, 178, 301, 120, 162, 99, 418, 179, 382, 0], [0, 160, 143, 404, 63, 192, 421, 274, 27, 200, 455, 291, 112, 98, 7, 0]], [[0, 245, 233, 246, 482, 261, 268, 119, 1, 270, 259, 372, 74, 62, 223, 0], [0, 315, 102, 180, 211, 69, 18, 66, 250, 429, 17, 67, 294, 147, 54, 408, 0], [0, 249, 313, 330, 328, 146, 380, 201, 389, 414, 333, 496, 479, 177, 244, 286, 348, 168, 5, 0]], [[0, 498, 237, 44, 278, 299, 141, 466, 226, 484, 374, 447, 497, 373, 87, 139, 19, 161, 253, 275, 0], [0, 77, 163, 151, 215, 272, 229, 300, 142, 49, 442, 65, 61, 258, 459, 174, 197, 0], [0, 111, 462, 11, 467, 53, 422, 22, 240, 403, 205, 255, 13, 4, 266, 453, 40, 0]], [[0, 123, 319, 43, 392, 106, 218, 206, 334, 167, 350, 21, 314, 488, 182, 75, 188, 340, 0], [0, 97, 336, 354, 463, 172, 289, 284, 126, 471, 95, 487, 122, 212, 298, 0], [0, 434, 191, 293, 235, 481, 327, 377, 243, 55, 321, 310, 114, 461, 12, 295, 115, 432, 480, 199, 0]]]","[[[0, 91, 256, 26, 0], [0, 446, 0], [0, 86, 0], [0, 48, 427, 0], [0, 181, 154, 0], [0, 343, 0], [0, 3, 0], [0, 288, 0], [0, 472, 0], [0, 279, 0], [0, 490, 0], [0, 436, 468, 0], [0, 342, 355, 0], [0, 384, 0], [0, 397, 0]], [], [], [], [], [], [], [], [], []]","[14401.182544606418, 14395.152436566288, 14390.124395430099, 14398.91468138366, 14402.551609549417, 14386.499065061585, 14394.00396628849, 14402.060878946262, 14397.073708391348, 14391.322688101442]","[8117.934476323393, -0.0, -0.0, -0.0, -0.0, -0.0, -0.0, -0.0, -0.0, -0.0]",1400,2.27
500.40.4,500,10,10,endurance,high,high,3600,15.6464,700,31.2928,241.3885714,"[[[0, 125, 441, 489, 449, 386, 273, 46, 470, 409, 360, 219, 492, 352, 41, 145, 316, 393, 108, 260, 135, 159, 48, 0], [0, 292, 417, 378, 486, 465, 264, 271, 312, 155, 137, 287, 113, 402, 116, 411, 136, 0], [0, 363, 283, 338, 281, 129, 225, 249, 168, 5, 75, 188, 0]], [[0, 118, 117, 387, 216, 301, 451, 178, 1, 270, 259, 372, 74, 459, 174, 197, 0], [0, 347, 410, 262, 30, 399, 404, 143, 160, 27, 200, 500, 341, 455, 291, 98, 7, 0], [0, 194, 282, 458, 345, 88, 331, 157, 81, 213, 284, 289, 172, 165, 203, 0]], [[0, 298, 100, 82, 400, 359, 212, 122, 487, 126, 471, 95, 463, 354, 336, 97, 288, 0], [0, 300, 428, 198, 204, 476, 375, 296, 207, 395, 77, 258, 251, 448, 406, 0], [0, 319, 43, 169, 224, 56, 351, 276, 107, 152, 131, 89, 367, 391, 176, 123, 140, 342, 78, 0]], [[0, 119, 268, 261, 290, 96, 142, 229, 272, 215, 151, 163, 241, 115, 432, 485, 480, 371, 199, 0], [0, 35, 24, 186, 32, 491, 420, 365, 317, 335, 405, 394, 20, 439, 356, 361, 437, 474, 59, 190, 124, 0], [0, 138, 279, 398, 490, 320, 2, 454, 153, 390, 407, 438, 382, 0]], [[0, 120, 245, 233, 246, 482, 49, 442, 65, 61, 62, 223, 0], [0, 71, 202, 104, 39, 217, 45, 33, 452, 280, 473, 339, 297, 248, 430, 460, 0], [0, 161, 19, 139, 87, 373, 497, 447, 374, 484, 226, 466, 141, 299, 278, 44, 498, 237, 425, 332, 0]], [[0, 412, 423, 68, 445, 443, 362, 499, 110, 214, 6, 477, 269, 171, 86, 227, 0], [0, 434, 191, 293, 235, 481, 456, 327, 377, 243, 55, 321, 310, 114, 461, 12, 295, 0], [0, 242, 311, 254, 349, 435, 236, 305, 238, 231, 101, 34, 0]], [[0, 111, 462, 11, 467, 53, 422, 22, 240, 403, 205, 255, 13, 4, 266, 453, 40, 0], [0, 148, 9, 252, 277, 469, 495, 38, 158, 79, 426, 493, 358, 263, 303, 346, 308, 208, 253, 275, 29, 0], [0, 392, 106, 218, 206, 334, 167, 350, 21, 314, 488, 244, 286, 348, 340, 0]], [[0, 326, 323, 228, 329, 149, 274, 421, 63, 192, 134, 187, 396, 424, 90, 127, 309, 232, 93, 195, 70, 221, 0], [0, 440, 388, 170, 444, 415, 494, 366, 357, 318, 94, 267, 324, 381, 475, 431, 0], [0, 325, 23, 483, 189, 132, 376, 105, 85, 185, 109, 433, 344, 322, 0]], [[0, 103, 230, 364, 419, 60, 156, 84, 304, 416, 285, 76, 50, 306, 478, 80, 15, 144, 413, 150, 234, 0], [0, 385, 173, 92, 464, 220, 128, 184, 302, 257, 16, 209, 166, 370, 47, 73, 457, 36, 0], [0, 99, 162, 57, 58, 164, 247, 8, 28, 51, 42, 418, 179, 0]], [[0, 182, 177, 479, 496, 333, 414, 389, 201, 380, 146, 328, 330, 313, 379, 121, 0], [0, 31, 193, 265, 66, 250, 18, 69, 429, 17, 67, 294, 147, 54, 0], [0, 130, 183, 353, 369, 239, 37, 52, 222, 196, 14, 337, 10, 211, 180, 102, 315, 83, 401, 368, 0]]]","[[[0, 343, 0], [0, 25, 355, 0], [0, 26, 256, 91, 0], [0, 446, 0], [0, 133, 0], [0, 210, 0], [0, 64, 0], [0, 3, 0], [0, 427, 0], [0, 307, 0], [0, 397, 154, 0], [0, 468, 181, 0], [0, 72, 472, 0], [0, 112, 0], [0, 450, 383, 0], [0, 175, 0]], [], [[0, 384, 0]], [], [], [], [], [[0, 408, 436, 0]], [], []]","[14481.796564553675, 14470.59671669051, 14482.867100959807, 14480.132029999579, 14483.221260285562, 14448.252235442229, 14483.105094424187, 14478.060121630624, 14479.642861308625, 14483.314283910764]","[8146.321701653012, -0.0, 625.9074488616147, -0.0, -0.0, -0.0, -0.0, 573.7472104393845, -0.0, -0.0]",1400,2.27
6.10.1,6,1,1,endurance,high,high,3600,15.6464,700,31.2928,17.97912785,"[[[0, 2, 3, 0]]]","[[[0, 1, 6, 0], [0, 4, 5, 0]]]",[1058.9238813996396],[1078.7476708790684],1400,2.27
6.10.1,6,1,1,endurance,high,high,3600,15.6464,700,31.2928,17.97912785,"[[[0, 3, 2, 0]]]","[[[0, 1, 6, 0], [0, 5, 4, 0]]]",[1058.9238813996396],[1078.7476708790684],1400,2.27
6.10.1,6,1,1,endurance,high,high,3600,15.6464,700,31.2928,17.97912785,"[[[0, 2, 3, 0]]]","[[[0, 1, 6, 0], [0, 4, 5, 0]]]",[1058.9238813996396],[1078.7476708790684],1400,2.27
6.10.1,6,1,1,endurance,high,high,3600,15.6464,700,31.2928,17.97912785,"[[[0, 2, 3, 0]]]","[[[0, 6, 1, 0], [0, 4, 5, 0]]]",[1058.9238813996396],[1078.7476708790684],1400,2.27
6.10.1,6,1,1,endurance,high,high,3600,15.6464,700,31.2928,17.97912785,"[[[0, 2, 3, 0]]]","[[[0, 1, 6, 0], [0, 5, 4, 0]]]",[1058.9238813996396],[1078.7476708790684],1400,2.27
6.10.2,6,1,1,endurance,high,high,3600,15.6464,700,31.2928,20.54273728,"[[[0, 6, 1, 0]]]","[[[0, 2, 5, 3, 0], [0, 4, 0]]]",[1232.5642370084724],[1191.5164272061493],1400,2.27
6.10.2,6,1,1,endurance,high,high,3600,15.6464,700,31.2928,20.54273728,"[[[0, 1, 6, 0]]]","[[[0, 2, 4, 0], [0, 3, 5, 0]]]",[1232.5642370084722],[1218.5907042721883],1400,2.27
6.10.2,6,1,1,endurance,high,high,3600,15.6464,700,31.2928,20.54273728,"[[[0, 6, 1, 0]]]","[[[0, 5, 3, 2, 0], [0, 4, 0]]]",[1232.5642370084724],[1180.7390289632242],1400,2.27
6.10.2,6,1,1,endurance,high,high,3600,15.6464,700,31.2928,20.54273728,"[[[0, 1, 6, 0]]]","[[[0, 2, 5, 3, 0], [0, 4, 0]]]",[1232.5642370084722],[1191.5164272061493],1400,2.27
6.10.2,6,1,1,endurance,high,high,3600,15.6464,700,31.2928,20.54273728,"[[[0, 1, 6, 0]]]","[[[0, 4, 2, 0], [0, 5, 3, 0]]]",[1232.5642370084722],[1218.5907042721883],1400,2.27
6.10.3,6,1,1,endurance,high,high,3600,15.6464,700,31.2928,20.50070519,"[[[0, 3, 0]]]","[[[0, 6, 0], [0, 1, 4, 0], [0, 2, 5, 0]]]",[1230.0423116063364],[1201.2928595760488],1400,2.27
6.10.3,6,1,1,endurance,high,high,3600,15.6464,700,31.2928,20.50070519,"[[[0, 3, 0]]]","[[[0, 2, 5, 0], [0, 6, 0], [0, 1, 4, 0]]]",[1230.0423116063364],[1201.2928595760488],1400,2.27
6.10.3,6,1,1,endurance,high,high,3600,15.6464,700,31.2928,20.50070519,"[[[0, 3, 0]]]","[[[0, 4, 1, 0], [0, 2, 5, 0], [0, 6, 0]]]",[1230.0423116063364],[1201.2928595760488],1400,2.27
6.10.3,6,1,1,endurance,high,high,3600,15.6464,700,31.2928,20.50070519,"[[[0, 3, 0]]]","[[[0, 4, 1, 0], [0, 5, 2, 0], [0, 6, 0]]]",[1230.0423116063364],[1201.2928595760488],1400,2.27
6.10.3,6,1,1,endurance,high,high,3600,15.6464,700,31.2928,20.50070519,"[[[0, 3, 0]]]","[[[0, 2, 5, 0], [0, 6, 0], [0, 4, 1, 0]]]",[1230.0423116063364],[1201.2928595760488],1400,2.27
6.10.4,6,1,1,endurance,high,high,3600,15.6464,700,31.2928,16.63072018,"[[[0, 6, 0]]]","[[[0, 3, 4, 5, 0], [0, 2, 1, 0]]]",[997.8432105109541],[925.4063242670111],1400,2.27
6.10.4,6,1,1,endurance,high,high,3600,15.6464,700,31.2928,16.63072018,"[[[0, 6, 0]]]","[[[0, 2, 1, 0], [0, 4, 3, 5, 0]]]",[997.8432105109541],[882.9244601803186],1400,2.27
6.10.4,6,1,1,endurance,high,high,3600,15.6464,700,31.2928,16.63072018,"[[[0, 6, 0]]]","[[[0, 4, 3, 5, 0], [0, 1, 2, 0]]]",[997.8432105109541],[882.9244601803186],1400,2.27
6.10.4,6,1,1,endurance,high,high,3600,15.6464,700,31.2928,16.63072018,"[[[0, 6, 0]]]","[[[0, 5, 3, 4, 0], [0, 2, 1, 0]]]",[997.8432105109541],[882.9244601803188],1400,2.27
6.10.4,6,1,1,endurance,high,high,3600,15.6464,700,31.2928,16.63072018,"[[[0, 6, 0]]]","[[[0, 1, 2, 0], [0, 5, 4, 3, 0]]]",[997.8432105109541],[925.4063242670111],1400,2.27
6.20.1,6,1,1,endurance,high,high,3600,15.6464,700,31.2928,74.77802244,"[[[0, 2, 1, 3, 5, 0]]]","[[[0, 4, 6, 0]]]",[4486.681346181809],[519.6655547837654],1400,2.27
6.20.1,6,1,1,endurance,high,high,3600,15.6464,700,31.2928,74.77802244,"[[[0, 2, 1, 3, 5, 0]]]","[[[0, 4, 6, 0]]]",[4486.681346181809],[519.6655547837654],1400,2.27
6.20.1,6,1,1,endurance,high,high,3600,15.6464,700,31.2928,74.77802244,"[[[0, 2, 1, 3, 5, 0]]]","[[[0, 4, 6, 0]]]",[4486.681346181809],[519.6655547837654],1400,2.27
6.20.1,6,1,1,endurance,high,high,3600,15.6464,700,31.2928,74.77802244,"[[[0, 2, 1, 3, 5, 0]]]","[[[0, 4, 6, 0]]]",[4486.681346181809],[519.6655547837654],1400,2.27
6.20.1,6,1,1,endurance,high,high,3600,15.6464,700,31.2928,74.77802244,"[[[0, 2, 1, 3, 5, 0]]]","[[[0, 4, 6, 0]]]",[4486.681346181809],[519.6655547837654],1400,2.27
6.20.2,6,1,1,endurance,high,high,3600,15.6464,700,31.2928,68.32979809,"[[[0, 4, 3, 2, 0]]]","[[[0, 6, 0], [0, 5, 0], [0, 1, 0]]]",[4099.787885636016],[1970.6607137502897],1400,2.27
6.20.2,6,1,1,endurance,high,high,3600,15.6464,700,31.2928,68.32979809,"[[[0, 2, 3, 4, 0]]]","[[[0, 1, 0], [0, 6, 0], [0, 5, 0]]]",[4099.787885636017],[1970.6607137502897],1400,2.27
6.20.2,6,1,1,endurance,high,high,3600,15.6464,700,31.2928,68.32979809,"[[[0, 2, 3, 4, 0]]]","[[[0, 1, 0], [0, 5, 0], [0, 6, 0]]]",[4099.787885636017],[1970.6607137502897],1400,2.27
6.20.2,6,1,1,endurance,high,high,3600,15.6464,700,31.2928,68.32979809,"[[[0, 2, 3, 4, 0]]]","[[[0, 1, 0], [0, 5, 0], [0, 6, 0]]]",[4099.787885636017],[1970.6607137502897],1400,2.27
6.20.2,6,1,1,endurance,high,high,3600,15.6464,700,31.2928,68.32979809,"[[[0, 4, 3, 2, 0]]]","[[[0, 1, 0], [0, 6, 0], [0, 5, 0]]]",[4099.787885636016],[1970.6607137502897],1400,2.27
6.20.3,6,1,1,endurance,high,high,3600,15.6464,700,31.2928,103.8869091,"[[[0, 3, 6, 5, 0], [0, 2, 0]]]","[[[0, 4, 0], [0, 1, 0]]]",[6233.214544913807],[1185.367100782733],1400,2.27
6.20.3,6,1,1,endurance,high,high,3600,15.6464,700,31.2928,103.8869091,"[[[0, 3, 6, 5, 0], [0, 2, 0]]]","[[[0, 4, 0], [0, 1, 0]]]",[6233.214544913807],[1185.367100782733],1400,2.27
6.20.3,6,1,1,endurance,high,high,3600,15.6464,700,31.2928,103.8869091,"[[[0, 5, 6, 3, 0], [0, 2, 0]]]","[[[0, 1, 0], [0, 4, 0]]]",[6233.214544913807],[1185.367100782733],1400,2.27
6.20.3,6,1,1,endurance,high,high,3600,15.6464,700,31.2928,103.8869091,"[[[0, 5, 6, 3, 0], [0, 2, 0]]]","[[[0, 4, 0], [0, 1, 0]]]",[6233.214544913807],[1185.367100782733],1400,2.27
6.20.3,6,1,1,endurance,high,high,3600,15.6464,700,31.2928,103.8869091,"[[[0, 5, 6, 3, 0], [0, 2, 0]]]","[[[0, 4, 0], [0, 1, 0]]]",[6233.214544913807],[1185.367100782733],1400,2.27
6.20.4,6,1,1,endurance,high,high,3600,15.6464,700,31.2928,102.9131011,"[[[0, 5, 4, 3, 0], [0, 2, 0]]]","[[[0, 1, 0], [0, 6, 0]]]",[6174.786067461169],[1084.0845267661539],1400,2.27
6.20.4,6,1,1,endurance,high,high,3600,15.6464,700,31.2928,102.9131011,"[[[0, 3, 4, 5, 0], [0, 2, 0]]]","[[[0, 1, 0], [0, 6, 0]]]",[6174.786067461169],[1084.0845267661539],1400,2.27
6.20.4,6,1,1,endurance,high,high,3600,15.6464,700,31.2928,102.9131011,"[[[0, 3, 4, 5, 0], [0, 2, 0]]]","[[[0, 1, 0], [0, 6, 0]]]",[6174.786067461169],[1084.0845267661539],1400,2.27
6.20.4,6,1,1,endurance,high,high,3600,15.6464,700,31.2928,102.9131011,"[[[0, 2, 0], [0, 3, 4, 5, 0]]]","[[[0, 1, 0], [0, 6, 0]]]",[6174.786067461169],[1084.0845267661539],1400,2.27
6.20.4,6,1,1,endurance,high,high,3600,15.6464,700,31.2928,102.9131011,"[[[0, 3, 4, 5, 0], [0, 2, 0]]]","[[[0, 1, 0], [0, 6, 0]]]",[6174.786067461169],[1084.0845267661539],1400,2.27
6.5.1,6,1,1,endurance,high,high,3600,15.6464,700,31.2928,11.66109422,"[[[0, 2, 0]]]","[[[0, 4, 1, 6, 3, 0], [0, 5, 0]]]",[699.6656534991815],[698.7676720502467],1400,2.27
6.5.1,6,1,1,endurance,high,high,3600,15.6464,700,31.2928,11.66109422,"[[[0, 2, 0]]]","[[[0, 1, 5, 6, 3, 0], [0, 4, 0]]]",[699.6656534991815],[638.3114224588053],1400,2.27
6.5.1,6,1,1,endurance,high,high,3600,15.6464,700,31.2928,11.66109422,"[[[0, 2, 0]]]","[[[0, 4, 1, 5, 0], [0, 6, 3, 0]]]",[699.6656534991815],[660.1499908325663],1400,2.27
6.5.1,6,1,1,endurance,high,high,3600,15.6464,700,31.2928,11.66109422,"[[[0, 2, 0]]]","[[[0, 6, 3, 0], [0, 4, 5, 1, 0]]]",[699.6656534991815],[641.606354733275],1400,2.27
6.5.1,6,1,1,endurance,high,high,3600,15.6464,700,31.2928,11.66109422,"[[[0, 2, 0]]]","[[[0, 4, 6, 3, 0], [0, 1, 5, 0]]]",[699.6656534991815],[644.265677993473],1400,2.27
6.5.2,6,1,1,endurance,high,high,3600,15.6464,700,31.2928,9.178707796,"[[[0, 6, 3, 1, 0]]]","[[[0, 4, 5, 2, 0]]]",[546.2518107679824],[550.7224677595595],1400,2.27
6.5.2,6,1,1,endurance,high,high,3600,15.6464,700,31.2928,9.178707796,"[[[0, 1, 3, 6, 0]]]","[[[0, 4, 5, 2, 0]]]",[546.2518107679824],[550.7224677595595],1400,2.27
6.5.2,6,1,1,endurance,high,high,3600,15.6464,700,31.2928,9.178707796,"[[[0, 1, 3, 6, 0]]]","[[[0, 2, 5, 4, 0]]]",[546.2518107679824],[550.7224677595595],1400,2.27
6.5.2,6,1,1,endurance,high,high,3600,15.6464,700,31.2928,9.178707796,"[[[0, 6, 3, 1, 0]]]","[[[0, 2, 5, 4, 0]]]",[546.2518107679824],[550.7224677595595],1400,2.27
6.5.2,6,1,1,endurance,high,high,3600,15.6464,700,31.2928,9.178707796,"[[[0, 6, 3, 1, 0]]]","[[[0, 4, 5, 2, 0]]]",[546.2518107679824],[550.7224677595595],1400,2.27
6.5.3,6,1,1,endurance,high,high,3600,15.6464,700,31.2928,12.77972311,"[[[0, 4, 3, 0]]]","[[[0, 2, 1, 0], [0, 6, 5, 0]]]",[766.7833863800394],[682.7697226377838],1400,2.27
6.5.3,6,1,1,endurance,high,high,3600,15.6464,700,31.2928,12.77972311,"[[[0, 3, 4, 0]]]","[[[0, 2, 6, 0], [0, 5, 1, 0]]]",[766.7833863800394],[587.4834105809575],1400,2.27
6.5.3,6,1,1,endurance,high,high,3600,15.6464,700,31.2928,12.77972311,"[[[0, 3, 4, 0]]]","[[[0, 2, 5, 1, 0], [0, 6, 0]]]",[766.7833863800394],[623.8376655027514],1400,2.27
6.5.3,6,1,1,endurance,high,high,3600,15.6464,700,31.2928,12.77972311,"[[[0, 3, 4, 0]]]","[[[0, 2, 6, 0], [0, 5, 1, 0]]]",[766.7833863800394],[587.4834105809575],1400,2.27
6.5.3,6,1,1,endurance,high,high,3600,15.6464,700,31.2928,12.77972311,"[[[0, 4, 3, 0]]]","[[[0, 1, 2, 0], [0, 5, 6, 0]]]",[766.7833863800394],[682.7697226377841],1400,2.27
6.5.4,6,1,1,endurance,high,high,3600,15.6464,700,31.2928,9.666188713,"[[[0, 6, 4, 1, 0]]]","[[[0, 2, 3, 5, 0]]]",[579.9713227928262],[537.3725208483877],1400,2.27
6.5.4,6,1,1,endurance,high,high,3600,15.6464,700,31.2928,9.666188713,"[[[0, 6, 4, 1, 0]]]","[[[0, 2, 5, 3, 0]]]",[579.9713227928262],[565.332773691233],1400,2.27
6.5.4,6,1,1,endurance,high,high,3600,15.6464,700,31.2928,9.666188713,"[[[0, 6, 4, 1, 0]]]","[[[0, 5, 3, 2, 0]]]",[579.9713227928262],[537.3725208483877],1400,2.27
6.5.4,6,1,1,endurance,high,high,3600,15.6464,700,31.2928,9.666188713,"[[[0, 6, 4, 1, 0]]]","[[[0, 2, 3, 5, 0]]]",[579.9713227928262],[537.3725208483877],1400,2.27
6.5.4,6,1,1,endurance,high,high,3600,15.6464,700,31.2928,9.666188713,"[[[0, 6, 4, 1, 0]]]","[[[0, 5, 3, 2, 0]]]",[579.9713227928262],[537.3725208483877],1400,2.27